========= COMPUTE-SANITIZER
[pack] grid 512x512x512 rcells=16 -> box 32.00x32.00x32.00 R-units, N=3911 spheres, phi=0.4999 (target 0.5) seed=108
========= Invalid __global__ write of size 1 bytes
=========     at void Kokkos::Impl::cuda_parallel_launch_local_memory<Kokkos::Impl::ParallelFor<peclet::dem::generateGhostsKokkos(int, int, peclet::dem::Domain, float, Kokkos::View<float *[3], Kokkos::CudaSpace>, Kokkos::View<float *, Kokkos::CudaSpace>, Kokkos::View<float *[3], Kokkos::CudaSpace>, Kokkos::View<float *[3], Kokkos::CudaSpace>, Kokkos::View<float *[3], Kokkos::CudaSpace>, Kokkos::View<float *[4], Kokkos::CudaSpace>, Kokkos::View<float *[4], Kokkos::CudaSpace>, Kokkos::View<float *[3], Kokkos::CudaSpace>, Kokkos::View<float *[3], Kokkos::CudaSpace>, Kokkos::View<float *, Kokkos::CudaSpace>, Kokkos::View<int *, Kokkos::CudaSpace>, Kokkos::View<int *, Kokkos::CudaSpace>, Kokkos::View<int, Kokkos::CudaSpace>, Kokkos::View<int *, Kokkos::CudaSpace>, Kokkos::View<unsigned char *, Kokkos::CudaSpace>)::[lambda(int) (instance 1)], Kokkos::RangePolicy<Kokkos::Cuda>, Kokkos::Cuda>>(T1)+0x17f0
=========     by thread (0,8,0) in block (28,0,0)
=========     Address 0x14f0b91fd3e3 is out of bounds
=========     and is 28 bytes after the nearest allocation at 0x14f0b91fc400 of size 4040 bytes
=========     Saved host backtrace up to driver entry point at kernel launch time
=========     Host Frame:cuLaunchKernel [0x368d1a]
=========                in /lib64/libcuda.so.1
=========     Host Frame: [0x15aa7]
=========                in /sw/arch/RHEL9/EB_production/2024/software/CUDA/12.6.0/lib/libcudart.so.12
=========     Host Frame:cudaLaunchKernel [0x759f0]
=========                in /sw/arch/RHEL9/EB_production/2024/software/CUDA/12.6.0/lib/libcudart.so.12
=========     Host Frame: [0x147878]
=========                in /projects/0/prjs1022/peclet/suite/dem/build_cuda/peclet/dem/_dem.cpython-312-x86_64-linux-gnu.so
=========     Host Frame: [0x266125]
=========                in /projects/0/prjs1022/peclet/suite/dem/build_cuda/peclet/dem/_dem.cpython-312-x86_64-linux-gnu.so
=========     Host Frame: [0x3edcf]
=========                in /projects/0/prjs1022/peclet/suite/dem/build_cuda/peclet/dem/_dem.cpython-312-x86_64-linux-gnu.so
=========     Host Frame: [0x272d37]
=========                in /projects/0/prjs1022/peclet/suite/dem/build_cuda/peclet/dem/_dem.cpython-312-x86_64-linux-gnu.so
=========     Host Frame:PyObject_Vectorcall in Objects/call.c:325 [0x21ddbe]
=========                in /sw/arch/RHEL9/EB_production/2024/software/Python/3.12.3-GCCcore-13.3.0/lib/libpython3.12.so.1.0
=========     Host Frame:_PyEval_EvalFrameDefault.cold in Python/bytecodes.c:2706 [0x113de0]
=========                in /sw/arch/RHEL9/EB_production/2024/software/Python/3.12.3-GCCcore-13.3.0/lib/libpython3.12.so.1.0
=========     Host Frame:PyEval_EvalCode in Python/ceval.c:578 [0x2bf028]
=========                in /sw/arch/RHEL9/EB_production/2024/software/Python/3.12.3-GCCcore-13.3.0/lib/libpython3.12.so.1.0
=========     Host Frame:run_eval_code_obj in Python/pythonrun.c:1722 [0x2e1c56]
=========                in /sw/arch/RHEL9/EB_production/2024/software/Python/3.12.3-GCCcore-13.3.0/lib/libpython3.12.so.1.0
=========     Host Frame:run_mod in Python/pythonrun.c:1743 [0x2dcdea]
=========                in /sw/arch/RHEL9/EB_production/2024/software/Python/3.12.3-GCCcore-13.3.0/lib/libpython3.12.so.1.0
=========     Host Frame:pyrun_file in Python/pythonrun.c:1643 [0x2f5c70]
=========                in /sw/arch/RHEL9/EB_production/2024/software/Python/3.12.3-GCCcore-13.3.0/lib/libpython3.12.so.1.0
=========     Host Frame:_PyRun_SimpleFileObject in Python/pythonrun.c:433 [0x2f455a]
=========                in /sw/arch/RHEL9/EB_production/2024/software/Python/3.12.3-GCCcore-13.3.0/lib/libpython3.12.so.1.0
=========     Host Frame:_PyRun_AnyFileObject in Python/pythonrun.c:78 [0x2f4303]
=========                in /sw/arch/RHEL9/EB_production/2024/software/Python/3.12.3-GCCcore-13.3.0/lib/libpython3.12.so.1.0
=========     Host Frame:Py_RunMain in Modules/main.c:709 [0x2ed846]
=========                in /sw/arch/RHEL9/EB_production/2024/software/Python/3.12.3-GCCcore-13.3.0/lib/libpython3.12.so.1.0
=========     Host Frame:Py_BytesMain in Modules/main.c:763 [0x2a81f6]
=========                in /sw/arch/RHEL9/EB_production/2024/software/Python/3.12.3-GCCcore-13.3.0/lib/libpython3.12.so.1.0
=========     Host Frame:__libc_start_call_main [0x2a60f]
=========                in /lib64/libc.so.6
=========     Host Frame:__libc_start_main [0x2a6bf]
=========                in /lib64/libc.so.6
=========     Host Frame:_start [0x1064]
=========                in /gpfs/work4/0/prjs1022/peclet/suite/flow/.venv/bin/python
========= 
========= Invalid __global__ write of size 1 bytes
=========     at void Kokkos::Impl::cuda_parallel_launch_local_memory<Kokkos::Impl::ParallelFor<peclet::dem::generateGhostsKokkos(int, int, peclet::dem::Domain, float, Kokkos::View<float *[3], Kokkos::CudaSpace>, Kokkos::View<float *, Kokkos::CudaSpace>, Kokkos::View<float *[3], Kokkos::CudaSpace>, Kokkos::View<float *[3], Kokkos::CudaSpace>, Kokkos::View<float *[3], Kokkos::CudaSpace>, Kokkos::View<float *[4], Kokkos::CudaSpace>, Kokkos::View<float *[4], Kokkos::CudaSpace>, Kokkos::View<float *[3], Kokkos::CudaSpace>, Kokkos::View<float *[3], Kokkos::CudaSpace>, Kokkos::View<float *, Kokkos::CudaSpace>, Kokkos::View<int *, Kokkos::CudaSpace>, Kokkos::View<int *, Kokkos::CudaSpace>, Kokkos::View<int, Kokkos::CudaSpace>, Kokkos::View<int *, Kokkos::CudaSpace>, Kokkos::View<unsigned char *, Kokkos::CudaSpace>)::[lambda(int) (instance 1)], Kokkos::RangePolicy<Kokkos::Cuda>, Kokkos::Cuda>>(T1)+0x17f0
=========     by thread (0,22,0) in block (28,0,0)
=========     Address 0x14f0b91fd3e4 is out of bounds
=========     and is 28 bytes before the nearest allocation at 0x14f0b91fd400 of size 136 bytes
=========     Saved host backtrace up to driver entry point at kernel launch time
=========     Host Frame:cuLaunchKernel [0x368d1a]
=========                in /lib64/libcuda.so.1
=========     Host Frame: [0x15aa7]
=========                in /sw/arch/RHEL9/EB_production/2024/software/CUDA/12.6.0/lib/libcudart.so.12
=========     Host Frame:cudaLaunchKernel [0x759f0]
=========                in /sw/arch/RHEL9/EB_production/2024/software/CUDA/12.6.0/lib/libcudart.so.12
=========     Host Frame: [0x147878]
=========                in /projects/0/prjs1022/peclet/suite/dem/build_cuda/peclet/dem/_dem.cpython-312-x86_64-linux-gnu.so
=========     Host Frame: [0x266125]
=========                in /projects/0/prjs1022/peclet/suite/dem/build_cuda/peclet/dem/_dem.cpython-312-x86_64-linux-gnu.so
=========     Host Frame: [0x3edcf]
=========                in /projects/0/prjs1022/peclet/suite/dem/build_cuda/peclet/dem/_dem.cpython-312-x86_64-linux-gnu.so
=========     Host Frame: [0x272d37]
=========                in /projects/0/prjs1022/peclet/suite/dem/build_cuda/peclet/dem/_dem.cpython-312-x86_64-linux-gnu.so
=========     Host Frame:PyObject_Vectorcall in Objects/call.c:325 [0x21ddbe]
=========                in /sw/arch/RHEL9/EB_production/2024/software/Python/3.12.3-GCCcore-13.3.0/lib/libpython3.12.so.1.0
=========     Host Frame:_PyEval_EvalFrameDefault.cold in Python/bytecodes.c:2706 [0x113de0]
=========                in /sw/arch/RHEL9/EB_production/2024/software/Python/3.12.3-GCCcore-13.3.0/lib/libpython3.12.so.1.0
=========     Host Frame:PyEval_EvalCode in Python/ceval.c:578 [0x2bf028]
=========                in /sw/arch/RHEL9/EB_production/2024/software/Python/3.12.3-GCCcore-13.3.0/lib/libpython3.12.so.1.0
=========     Host Frame:run_eval_code_obj in Python/pythonrun.c:1722 [0x2e1c56]
=========                in /sw/arch/RHEL9/EB_production/2024/software/Python/3.12.3-GCCcore-13.3.0/lib/libpython3.12.so.1.0
=========     Host Frame:run_mod in Python/pythonrun.c:1743 [0x2dcdea]
=========                in /sw/arch/RHEL9/EB_production/2024/software/Python/3.12.3-GCCcore-13.3.0/lib/libpython3.12.so.1.0
=========     Host Frame:pyrun_file in Python/pythonrun.c:1643 [0x2f5c70]
=========                in /sw/arch/RHEL9/EB_production/2024/software/Python/3.12.3-GCCcore-13.3.0/lib/libpython3.12.so.1.0
=========     Host Frame:_PyRun_SimpleFileObject in Python/pythonrun.c:433 [0x2f455a]
=========                in /sw/arch/RHEL9/EB_production/2024/software/Python/3.12.3-GCCcore-13.3.0/lib/libpython3.12.so.1.0
=========     Host Frame:_PyRun_AnyFileObject in Python/pythonrun.c:78 [0x2f4303]
=========                in /sw/arch/RHEL9/EB_production/2024/software/Python/3.12.3-GCCcore-13.3.0/lib/libpython3.12.so.1.0
=========     Host Frame:Py_RunMain in Modules/main.c:709 [0x2ed846]
=========                in /sw/arch/RHEL9/EB_production/2024/software/Python/3.12.3-GCCcore-13.3.0/lib/libpython3.12.so.1.0
=========     Host Frame:Py_BytesMain in Modules/main.c:763 [0x2a81f6]
=========                in /sw/arch/RHEL9/EB_production/2024/software/Python/3.12.3-GCCcore-13.3.0/lib/libpython3.12.so.1.0
=========     Host Frame:__libc_start_call_main [0x2a60f]
=========                in /lib64/libc.so.6
=========     Host Frame:__libc_start_main [0x2a6bf]
=========                in /lib64/libc.so.6
=========     Host Frame:_start [0x1064]
=========                in /gpfs/work4/0/prjs1022/peclet/suite/flow/.venv/bin/python
========= 
========= Invalid __global__ write of size 1 bytes
=========     at void Kokkos::Impl::cuda_parallel_launch_local_memory<Kokkos::Impl::ParallelFor<peclet::dem::generateGhostsKokkos(int, int, peclet::dem::Domain, float, Kokkos::View<float *[3], Kokkos::CudaSpace>, Kokkos::View<float *, Kokkos::CudaSpace>, Kokkos::View<float *[3], Kokkos::CudaSpace>, Kokkos::View<float *[3], Kokkos::CudaSpace>, Kokkos::View<float *[3], Kokkos::CudaSpace>, Kokkos::View<float *[4], Kokkos::CudaSpace>, Kokkos::View<float *[4], Kokkos::CudaSpace>, Kokkos::View<float *[3], Kokkos::CudaSpace>, Kokkos::View<float *[3], Kokkos::CudaSpace>, Kokkos::View<float *, Kokkos::CudaSpace>, Kokkos::View<int *, Kokkos::CudaSpace>, Kokkos::View<int *, Kokkos::CudaSpace>, Kokkos::View<int, Kokkos::CudaSpace>, Kokkos::View<int *, Kokkos::CudaSpace>, Kokkos::View<unsigned char *, Kokkos::CudaSpace>)::[lambda(int) (instance 1)], Kokkos::RangePolicy<Kokkos::Cuda>, Kokkos::Cuda>>(T1)+0x17f0
=========     by thread (0,36,0) in block (8,0,0)
=========     Address 0x14f0b91fd3da is out of bounds
=========     and is 19 bytes after the nearest allocation at 0x14f0b91fc400 of size 4040 bytes
=========     Saved host backtrace up to driver entry point at kernel launch time
=========     Host Frame:cuLaunchKernel [0x368d1a]
=========                in /lib64/libcuda.so.1
=========     Host Frame: [0x15aa7]
=========                in /sw/arch/RHEL9/EB_production/2024/software/CUDA/12.6.0/lib/libcudart.so.12
=========     Host Frame:cudaLaunchKernel [0x759f0]
=========                in /sw/arch/RHEL9/EB_production/2024/software/CUDA/12.6.0/lib/libcudart.so.12
=========     Host Frame: [0x147878]
=========                in /projects/0/prjs1022/peclet/suite/dem/build_cuda/peclet/dem/_dem.cpython-312-x86_64-linux-gnu.so
=========     Host Frame: [0x266125]
=========                in /projects/0/prjs1022/peclet/suite/dem/build_cuda/peclet/dem/_dem.cpython-312-x86_64-linux-gnu.so
=========     Host Frame: [0x3edcf]
=========                in /projects/0/prjs1022/peclet/suite/dem/build_cuda/peclet/dem/_dem.cpython-312-x86_64-linux-gnu.so
=========     Host Frame: [0x272d37]
=========                in /projects/0/prjs1022/peclet/suite/dem/build_cuda/peclet/dem/_dem.cpython-312-x86_64-linux-gnu.so
=========     Host Frame:PyObject_Vectorcall in Objects/call.c:325 [0x21ddbe]
=========                in /sw/arch/RHEL9/EB_production/2024/software/Python/3.12.3-GCCcore-13.3.0/lib/libpython3.12.so.1.0
=========     Host Frame:_PyEval_EvalFrameDefault.cold in Python/bytecodes.c:2706 [0x113de0]
=========                in /sw/arch/RHEL9/EB_production/2024/software/Python/3.12.3-GCCcore-13.3.0/lib/libpython3.12.so.1.0
=========     Host Frame:PyEval_EvalCode in Python/ceval.c:578 [0x2bf028]
=========                in /sw/arch/RHEL9/EB_production/2024/software/Python/3.12.3-GCCcore-13.3.0/lib/libpython3.12.so.1.0
=========     Host Frame:run_eval_code_obj in Python/pythonrun.c:1722 [0x2e1c56]
=========                in /sw/arch/RHEL9/EB_production/2024/software/Python/3.12.3-GCCcore-13.3.0/lib/libpython3.12.so.1.0
=========     Host Frame:run_mod in Python/pythonrun.c:1743 [0x2dcdea]
=========                in /sw/arch/RHEL9/EB_production/2024/software/Python/3.12.3-GCCcore-13.3.0/lib/libpython3.12.so.1.0
=========     Host Frame:pyrun_file in Python/pythonrun.c:1643 [0x2f5c70]
=========                in /sw/arch/RHEL9/EB_production/2024/software/Python/3.12.3-GCCcore-13.3.0/lib/libpython3.12.so.1.0
=========     Host Frame:_PyRun_SimpleFileObject in Python/pythonrun.c:433 [0x2f455a]
=========                in /sw/arch/RHEL9/EB_production/2024/software/Python/3.12.3-GCCcore-13.3.0/lib/libpython3.12.so.1.0
=========     Host Frame:_PyRun_AnyFileObject in Python/pythonrun.c:78 [0x2f4303]
=========                in /sw/arch/RHEL9/EB_production/2024/software/Python/3.12.3-GCCcore-13.3.0/lib/libpython3.12.so.1.0
=========     Host Frame:Py_RunMain in Modules/main.c:709 [0x2ed846]
=========                in /sw/arch/RHEL9/EB_production/2024/software/Python/3.12.3-GCCcore-13.3.0/lib/libpython3.12.so.1.0
=========     Host Frame:Py_BytesMain in Modules/main.c:763 [0x2a81f6]
=========                in /sw/arch/RHEL9/EB_production/2024/software/Python/3.12.3-GCCcore-13.3.0/lib/libpython3.12.so.1.0
=========     Host Frame:__libc_start_call_main [0x2a60f]
=========                in /lib64/libc.so.6
=========     Host Frame:__libc_start_main [0x2a6bf]
=========                in /lib64/libc.so.6
=========     Host Frame:_start [0x1064]
=========                in /gpfs/work4/0/prjs1022/peclet/suite/flow/.venv/bin/python
========= 
========= Invalid __global__ write of size 1 bytes
=========     at void Kokkos::Impl::cuda_parallel_launch_local_memory<Kokkos::Impl::ParallelFor<peclet::dem::generateGhostsKokkos(int, int, peclet::dem::Domain, float, Kokkos::View<float *[3], Kokkos::CudaSpace>, Kokkos::View<float *, Kokkos::CudaSpace>, Kokkos::View<float *[3], Kokkos::CudaSpace>, Kokkos::View<float *[3], Kokkos::CudaSpace>, Kokkos::View<float *[3], Kokkos::CudaSpace>, Kokkos::View<float *[4], Kokkos::CudaSpace>, Kokkos::View<float *[4], Kokkos::CudaSpace>, Kokkos::View<float *[3], Kokkos::CudaSpace>, Kokkos::View<float *[3], Kokkos::CudaSpace>, Kokkos::View<float *, Kokkos::CudaSpace>, Kokkos::View<int *, Kokkos::CudaSpace>, Kokkos::View<int *, Kokkos::CudaSpace>, Kokkos::View<int, Kokkos::CudaSpace>, Kokkos::View<int *, Kokkos::CudaSpace>, Kokkos::View<unsigned char *, Kokkos::CudaSpace>)::[lambda(int) (instance 1)], Kokkos::RangePolicy<Kokkos::Cuda>, Kokkos::Cuda>>(T1)+0x17f0
=========     by thread (0,50,0) in block (11,0,0)
=========     Address 0x14f0b91fd3d5 is out of bounds
=========     and is 14 bytes after the nearest allocation at 0x14f0b91fc400 of size 4040 bytes
=========     Saved host backtrace up to driver entry point at kernel launch time
=========     Host Frame:cuLaunchKernel [0x368d1a]
=========                in /lib64/libcuda.so.1
=========     Host Frame: [0x15aa7]
=========                in /sw/arch/RHEL9/EB_production/2024/software/CUDA/12.6.0/lib/libcudart.so.12
=========     Host Frame:cudaLaunchKernel [0x759f0]
=========                in /sw/arch/RHEL9/EB_production/2024/software/CUDA/12.6.0/lib/libcudart.so.12
=========     Host Frame: [0x147878]
=========                in /projects/0/prjs1022/peclet/suite/dem/build_cuda/peclet/dem/_dem.cpython-312-x86_64-linux-gnu.so
=========     Host Frame: [0x266125]
=========                in /projects/0/prjs1022/peclet/suite/dem/build_cuda/peclet/dem/_dem.cpython-312-x86_64-linux-gnu.so
=========     Host Frame: [0x3edcf]
=========                in /projects/0/prjs1022/peclet/suite/dem/build_cuda/peclet/dem/_dem.cpython-312-x86_64-linux-gnu.so
=========     Host Frame: [0x272d37]
=========                in /projects/0/prjs1022/peclet/suite/dem/build_cuda/peclet/dem/_dem.cpython-312-x86_64-linux-gnu.so
=========     Host Frame:PyObject_Vectorcall in Objects/call.c:325 [0x21ddbe]
=========                in /sw/arch/RHEL9/EB_production/2024/software/Python/3.12.3-GCCcore-13.3.0/lib/libpython3.12.so.1.0
=========     Host Frame:_PyEval_EvalFrameDefault.cold in Python/bytecodes.c:2706 [0x113de0]
=========                in /sw/arch/RHEL9/EB_production/2024/software/Python/3.12.3-GCCcore-13.3.0/lib/libpython3.12.so.1.0
=========     Host Frame:PyEval_EvalCode in Python/ceval.c:578 [0x2bf028]
=========                in /sw/arch/RHEL9/EB_production/2024/software/Python/3.12.3-GCCcore-13.3.0/lib/libpython3.12.so.1.0
=========     Host Frame:run_eval_code_obj in Python/pythonrun.c:1722 [0x2e1c56]
=========                in /sw/arch/RHEL9/EB_production/2024/software/Python/3.12.3-GCCcore-13.3.0/lib/libpython3.12.so.1.0
=========     Host Frame:run_mod in Python/pythonrun.c:1743 [0x2dcdea]
=========                in /sw/arch/RHEL9/EB_production/2024/software/Python/3.12.3-GCCcore-13.3.0/lib/libpython3.12.so.1.0
=========     Host Frame:pyrun_file in Python/pythonrun.c:1643 [0x2f5c70]
=========                in /sw/arch/RHEL9/EB_production/2024/software/Python/3.12.3-GCCcore-13.3.0/lib/libpython3.12.so.1.0
=========     Host Frame:_PyRun_SimpleFileObject in Python/pythonrun.c:433 [0x2f455a]
=========                in /sw/arch/RHEL9/EB_production/2024/software/Python/3.12.3-GCCcore-13.3.0/lib/libpython3.12.so.1.0
=========     Host Frame:_PyRun_AnyFileObject in Python/pythonrun.c:78 [0x2f4303]
=========                in /sw/arch/RHEL9/EB_production/2024/software/Python/3.12.3-GCCcore-13.3.0/lib/libpython3.12.so.1.0
=========     Host Frame:Py_RunMain in Modules/main.c:709 [0x2ed846]
=========                in /sw/arch/RHEL9/EB_production/2024/software/Python/3.12.3-GCCcore-13.3.0/lib/libpython3.12.so.1.0
=========     Host Frame:Py_BytesMain in Modules/main.c:763 [0x2a81f6]
=========                in /sw/arch/RHEL9/EB_production/2024/software/Python/3.12.3-GCCcore-13.3.0/lib/libpython3.12.so.1.0
=========     Host Frame:__libc_start_call_main [0x2a60f]
=========                in /lib64/libc.so.6
=========     Host Frame:__libc_start_main [0x2a6bf]
=========                in /lib64/libc.so.6
=========     Host Frame:_start [0x1064]
=========                in /gpfs/work4/0/prjs1022/peclet/suite/flow/.venv/bin/python
========= 
========= Invalid __global__ write of size 1 bytes
=========     at void Kokkos::Impl::cuda_parallel_launch_local_memory<Kokkos::Impl::ParallelFor<peclet::dem::generateGhostsKokkos(int, int, peclet::dem::Domain, float, Kokkos::View<float *[3], Kokkos::CudaSpace>, Kokkos::View<float *, Kokkos::CudaSpace>, Kokkos::View<float *[3], Kokkos::CudaSpace>, Kokkos::View<float *[3], Kokkos::CudaSpace>, Kokkos::View<float *[3], Kokkos::CudaSpace>, Kokkos::View<float *[4], Kokkos::CudaSpace>, Kokkos::View<float *[4], Kokkos::CudaSpace>, Kokkos::View<float *[3], Kokkos::CudaSpace>, Kokkos::View<float *[3], Kokkos::CudaSpace>, Kokkos::View<float *, Kokkos::CudaSpace>, Kokkos::View<int *, Kokkos::CudaSpace>, Kokkos::View<int *, Kokkos::CudaSpace>, Kokkos::View<int, Kokkos::CudaSpace>, Kokkos::View<int *, Kokkos::CudaSpace>, Kokkos::View<unsigned char *, Kokkos::CudaSpace>)::[lambda(int) (instance 1)], Kokkos::RangePolicy<Kokkos::Cuda>, Kokkos::Cuda>>(T1)+0x17f0
=========     by thread (0,80,0) in block (11,0,0)
=========     Address 0x14f0b91fd3e5 is out of bounds
=========     and is 27 bytes before the nearest allocation at 0x14f0b91fd400 of size 136 bytes
=========     Saved host backtrace up to driver entry point at kernel launch time
=========     Host Frame:cuLaunchKernel [0x368d1a]
=========                in /lib64/libcuda.so.1
=========     Host Frame: [0x15aa7]
=========                in /sw/arch/RHEL9/EB_production/2024/software/CUDA/12.6.0/lib/libcudart.so.12
=========     Host Frame:cudaLaunchKernel [0x759f0]
=========                in /sw/arch/RHEL9/EB_production/2024/software/CUDA/12.6.0/lib/libcudart.so.12
=========     Host Frame: [0x147878]
=========                in /projects/0/prjs1022/peclet/suite/dem/build_cuda/peclet/dem/_dem.cpython-312-x86_64-linux-gnu.so
=========     Host Frame: [0x266125]
=========                in /projects/0/prjs1022/peclet/suite/dem/build_cuda/peclet/dem/_dem.cpython-312-x86_64-linux-gnu.so
=========     Host Frame: [0x3edcf]
=========                in /projects/0/prjs1022/peclet/suite/dem/build_cuda/peclet/dem/_dem.cpython-312-x86_64-linux-gnu.so
=========     Host Frame: [0x272d37]
=========                in /projects/0/prjs1022/peclet/suite/dem/build_cuda/peclet/dem/_dem.cpython-312-x86_64-linux-gnu.so
=========     Host Frame:PyObject_Vectorcall in Objects/call.c:325 [0x21ddbe]
=========                in /sw/arch/RHEL9/EB_production/2024/software/Python/3.12.3-GCCcore-13.3.0/lib/libpython3.12.so.1.0
=========     Host Frame:_PyEval_EvalFrameDefault.cold in Python/bytecodes.c:2706 [0x113de0]
=========                in /sw/arch/RHEL9/EB_production/2024/software/Python/3.12.3-GCCcore-13.3.0/lib/libpython3.12.so.1.0
=========     Host Frame:PyEval_EvalCode in Python/ceval.c:578 [0x2bf028]
=========                in /sw/arch/RHEL9/EB_production/2024/software/Python/3.12.3-GCCcore-13.3.0/lib/libpython3.12.so.1.0
=========     Host Frame:run_eval_code_obj in Python/pythonrun.c:1722 [0x2e1c56]
=========                in /sw/arch/RHEL9/EB_production/2024/software/Python/3.12.3-GCCcore-13.3.0/lib/libpython3.12.so.1.0
=========     Host Frame:run_mod in Python/pythonrun.c:1743 [0x2dcdea]
=========                in /sw/arch/RHEL9/EB_production/2024/software/Python/3.12.3-GCCcore-13.3.0/lib/libpython3.12.so.1.0
=========     Host Frame:pyrun_file in Python/pythonrun.c:1643 [0x2f5c70]
=========                in /sw/arch/RHEL9/EB_production/2024/software/Python/3.12.3-GCCcore-13.3.0/lib/libpython3.12.so.1.0
=========     Host Frame:_PyRun_SimpleFileObject in Python/pythonrun.c:433 [0x2f455a]
=========                in /sw/arch/RHEL9/EB_production/2024/software/Python/3.12.3-GCCcore-13.3.0/lib/libpython3.12.so.1.0
=========     Host Frame:_PyRun_AnyFileObject in Python/pythonrun.c:78 [0x2f4303]
=========                in /sw/arch/RHEL9/EB_production/2024/software/Python/3.12.3-GCCcore-13.3.0/lib/libpython3.12.so.1.0
=========     Host Frame:Py_RunMain in Modules/main.c:709 [0x2ed846]
=========                in /sw/arch/RHEL9/EB_production/2024/software/Python/3.12.3-GCCcore-13.3.0/lib/libpython3.12.so.1.0
=========     Host Frame:Py_BytesMain in Modules/main.c:763 [0x2a81f6]
=========                in /sw/arch/RHEL9/EB_production/2024/software/Python/3.12.3-GCCcore-13.3.0/lib/libpython3.12.so.1.0
=========     Host Frame:__libc_start_call_main [0x2a60f]
=========                in /lib64/libc.so.6
=========     Host Frame:__libc_start_main [0x2a6bf]
=========                in /lib64/libc.so.6
=========     Host Frame:_start [0x1064]
=========                in /gpfs/work4/0/prjs1022/peclet/suite/flow/.venv/bin/python
========= 
========= Invalid __global__ write of size 1 bytes
=========     at void Kokkos::Impl::cuda_parallel_launch_local_memory<Kokkos::Impl::ParallelFor<peclet::dem::generateGhostsKokkos(int, int, peclet::dem::Domain, float, Kokkos::View<float *[3], Kokkos::CudaSpace>, Kokkos::View<float *, Kokkos::CudaSpace>, Kokkos::View<float *[3], Kokkos::CudaSpace>, Kokkos::View<float *[3], Kokkos::CudaSpace>, Kokkos::View<float *[3], Kokkos::CudaSpace>, Kokkos::View<float *[4], Kokkos::CudaSpace>, Kokkos::View<float *[4], Kokkos::CudaSpace>, Kokkos::View<float *[3], Kokkos::CudaSpace>, Kokkos::View<float *[3], Kokkos::CudaSpace>, Kokkos::View<float *, Kokkos::CudaSpace>, Kokkos::View<int *, Kokkos::CudaSpace>, Kokkos::View<int *, Kokkos::CudaSpace>, Kokkos::View<int, Kokkos::CudaSpace>, Kokkos::View<int *, Kokkos::CudaSpace>, Kokkos::View<unsigned char *, Kokkos::CudaSpace>)::[lambda(int) (instance 1)], Kokkos::RangePolicy<Kokkos::Cuda>, Kokkos::Cuda>>(T1)+0x17f0
=========     by thread (0,82,0) in block (11,0,0)
=========     Address 0x14f0b91fd3e6 is out of bounds
=========     and is 26 bytes before the nearest allocation at 0x14f0b91fd400 of size 136 bytes
=========     Saved host backtrace up to driver entry point at kernel launch time
=========     Host Frame:cuLaunchKernel [0x368d1a]
=========                in /lib64/libcuda.so.1
=========     Host Frame: [0x15aa7]
=========                in /sw/arch/RHEL9/EB_production/2024/software/CUDA/12.6.0/lib/libcudart.so.12
=========     Host Frame:cudaLaunchKernel [0x759f0]
=========                in /sw/arch/RHEL9/EB_production/2024/software/CUDA/12.6.0/lib/libcudart.so.12
=========     Host Frame: [0x147878]
=========                in /projects/0/prjs1022/peclet/suite/dem/build_cuda/peclet/dem/_dem.cpython-312-x86_64-linux-gnu.so
=========     Host Frame: [0x266125]
=========                in /projects/0/prjs1022/peclet/suite/dem/build_cuda/peclet/dem/_dem.cpython-312-x86_64-linux-gnu.so
=========     Host Frame: [0x3edcf]
=========                in /projects/0/prjs1022/peclet/suite/dem/build_cuda/peclet/dem/_dem.cpython-312-x86_64-linux-gnu.so
=========     Host Frame: [0x272d37]
=========                in /projects/0/prjs1022/peclet/suite/dem/build_cuda/peclet/dem/_dem.cpython-312-x86_64-linux-gnu.so
=========     Host Frame:PyObject_Vectorcall in Objects/call.c:325 [0x21ddbe]
=========                in /sw/arch/RHEL9/EB_production/2024/software/Python/3.12.3-GCCcore-13.3.0/lib/libpython3.12.so.1.0
=========     Host Frame:_PyEval_EvalFrameDefault.cold in Python/bytecodes.c:2706 [0x113de0]
=========                in /sw/arch/RHEL9/EB_production/2024/software/Python/3.12.3-GCCcore-13.3.0/lib/libpython3.12.so.1.0
=========     Host Frame:PyEval_EvalCode in Python/ceval.c:578 [0x2bf028]
=========                in /sw/arch/RHEL9/EB_production/2024/software/Python/3.12.3-GCCcore-13.3.0/lib/libpython3.12.so.1.0
=========     Host Frame:run_eval_code_obj in Python/pythonrun.c:1722 [0x2e1c56]
=========                in /sw/arch/RHEL9/EB_production/2024/software/Python/3.12.3-GCCcore-13.3.0/lib/libpython3.12.so.1.0
=========     Host Frame:run_mod in Python/pythonrun.c:1743 [0x2dcdea]
=========                in /sw/arch/RHEL9/EB_production/2024/software/Python/3.12.3-GCCcore-13.3.0/lib/libpython3.12.so.1.0
=========     Host Frame:pyrun_file in Python/pythonrun.c:1643 [0x2f5c70]
=========                in /sw/arch/RHEL9/EB_production/2024/software/Python/3.12.3-GCCcore-13.3.0/lib/libpython3.12.so.1.0
=========     Host Frame:_PyRun_SimpleFileObject in Python/pythonrun.c:433 [0x2f455a]
=========                in /sw/arch/RHEL9/EB_production/2024/software/Python/3.12.3-GCCcore-13.3.0/lib/libpython3.12.so.1.0
=========     Host Frame:_PyRun_AnyFileObject in Python/pythonrun.c:78 [0x2f4303]
=========                in /sw/arch/RHEL9/EB_production/2024/software/Python/3.12.3-GCCcore-13.3.0/lib/libpython3.12.so.1.0
=========     Host Frame:Py_RunMain in Modules/main.c:709 [0x2ed846]
=========                in /sw/arch/RHEL9/EB_production/2024/software/Python/3.12.3-GCCcore-13.3.0/lib/libpython3.12.so.1.0
=========     Host Frame:Py_BytesMain in Modules/main.c:763 [0x2a81f6]
=========                in /sw/arch/RHEL9/EB_production/2024/software/Python/3.12.3-GCCcore-13.3.0/lib/libpython3.12.so.1.0
=========     Host Frame:__libc_start_call_main [0x2a60f]
=========                in /lib64/libc.so.6
=========     Host Frame:__libc_start_main [0x2a6bf]
=========                in /lib64/libc.so.6
=========     Host Frame:_start [0x1064]
=========                in /gpfs/work4/0/prjs1022/peclet/suite/flow/.venv/bin/python
========= 
========= Invalid __global__ write of size 1 bytes
=========     at void Kokkos::Impl::cuda_parallel_launch_local_memory<Kokkos::Impl::ParallelFor<peclet::dem::generateGhostsKokkos(int, int, peclet::dem::Domain, float, Kokkos::View<float *[3], Kokkos::CudaSpace>, Kokkos::View<float *, Kokkos::CudaSpace>, Kokkos::View<float *[3], Kokkos::CudaSpace>, Kokkos::View<float *[3], Kokkos::CudaSpace>, Kokkos::View<float *[3], Kokkos::CudaSpace>, Kokkos::View<float *[4], Kokkos::CudaSpace>, Kokkos::View<float *[4], Kokkos::CudaSpace>, Kokkos::View<float *[3], Kokkos::CudaSpace>, Kokkos::View<float *[3], Kokkos::CudaSpace>, Kokkos::View<float *, Kokkos::CudaSpace>, Kokkos::View<int *, Kokkos::CudaSpace>, Kokkos::View<int *, Kokkos::CudaSpace>, Kokkos::View<int, Kokkos::CudaSpace>, Kokkos::View<int *, Kokkos::CudaSpace>, Kokkos::View<unsigned char *, Kokkos::CudaSpace>)::[lambda(int) (instance 1)], Kokkos::RangePolicy<Kokkos::Cuda>, Kokkos::Cuda>>(T1)+0x17f0
=========     by thread (0,78,0) in block (14,0,0)
=========     Address 0x14f0b91fd3d1 is out of bounds
=========     and is 10 bytes after the nearest allocation at 0x14f0b91fc400 of size 4040 bytes
=========     Saved host backtrace up to driver entry point at kernel launch time
=========     Host Frame:cuLaunchKernel [0x368d1a]
=========                in /lib64/libcuda.so.1
=========     Host Frame: [0x15aa7]
=========                in /sw/arch/RHEL9/EB_production/2024/software/CUDA/12.6.0/lib/libcudart.so.12
=========     Host Frame:cudaLaunchKernel [0x759f0]
=========                in /sw/arch/RHEL9/EB_production/2024/software/CUDA/12.6.0/lib/libcudart.so.12
=========     Host Frame: [0x147878]
=========                in /projects/0/prjs1022/peclet/suite/dem/build_cuda/peclet/dem/_dem.cpython-312-x86_64-linux-gnu.so
=========     Host Frame: [0x266125]
=========                in /projects/0/prjs1022/peclet/suite/dem/build_cuda/peclet/dem/_dem.cpython-312-x86_64-linux-gnu.so
=========     Host Frame: [0x3edcf]
=========                in /projects/0/prjs1022/peclet/suite/dem/build_cuda/peclet/dem/_dem.cpython-312-x86_64-linux-gnu.so
=========     Host Frame: [0x272d37]
=========                in /projects/0/prjs1022/peclet/suite/dem/build_cuda/peclet/dem/_dem.cpython-312-x86_64-linux-gnu.so
=========     Host Frame:PyObject_Vectorcall in Objects/call.c:325 [0x21ddbe]
=========                in /sw/arch/RHEL9/EB_production/2024/software/Python/3.12.3-GCCcore-13.3.0/lib/libpython3.12.so.1.0
=========     Host Frame:_PyEval_EvalFrameDefault.cold in Python/bytecodes.c:2706 [0x113de0]
=========                in /sw/arch/RHEL9/EB_production/2024/software/Python/3.12.3-GCCcore-13.3.0/lib/libpython3.12.so.1.0
=========     Host Frame:PyEval_EvalCode in Python/ceval.c:578 [0x2bf028]
=========                in /sw/arch/RHEL9/EB_production/2024/software/Python/3.12.3-GCCcore-13.3.0/lib/libpython3.12.so.1.0
=========     Host Frame:run_eval_code_obj in Python/pythonrun.c:1722 [0x2e1c56]
=========                in /sw/arch/RHEL9/EB_production/2024/software/Python/3.12.3-GCCcore-13.3.0/lib/libpython3.12.so.1.0
=========     Host Frame:run_mod in Python/pythonrun.c:1743 [0x2dcdea]
=========                in /sw/arch/RHEL9/EB_production/2024/software/Python/3.12.3-GCCcore-13.3.0/lib/libpython3.12.so.1.0
=========     Host Frame:pyrun_file in Python/pythonrun.c:1643 [0x2f5c70]
=========                in /sw/arch/RHEL9/EB_production/2024/software/Python/3.12.3-GCCcore-13.3.0/lib/libpython3.12.so.1.0
=========     Host Frame:_PyRun_SimpleFileObject in Python/pythonrun.c:433 [0x2f455a]
=========                in /sw/arch/RHEL9/EB_production/2024/software/Python/3.12.3-GCCcore-13.3.0/lib/libpython3.12.so.1.0
=========     Host Frame:_PyRun_AnyFileObject in Python/pythonrun.c:78 [0x2f4303]
=========                in /sw/arch/RHEL9/EB_production/2024/software/Python/3.12.3-GCCcore-13.3.0/lib/libpython3.12.so.1.0
=========     Host Frame:Py_RunMain in Modules/main.c:709 [0x2ed846]
=========                in /sw/arch/RHEL9/EB_production/2024/software/Python/3.12.3-GCCcore-13.3.0/lib/libpython3.12.so.1.0
=========     Host Frame:Py_BytesMain in Modules/main.c:763 [0x2a81f6]
=========                in /sw/arch/RHEL9/EB_production/2024/software/Python/3.12.3-GCCcore-13.3.0/lib/libpython3.12.so.1.0
=========     Host Frame:__libc_start_call_main [0x2a60f]
=========                in /lib64/libc.so.6
=========     Host Frame:__libc_start_main [0x2a6bf]
=========                in /lib64/libc.so.6
=========     Host Frame:_start [0x1064]
=========                in /gpfs/work4/0/prjs1022/peclet/suite/flow/.venv/bin/python
========= 
========= Invalid __global__ write of size 1 bytes
=========     at void Kokkos::Impl::cuda_parallel_launch_local_memory<Kokkos::Impl::ParallelFor<peclet::dem::generateGhostsKokkos(int, int, peclet::dem::Domain, float, Kokkos::View<float *[3], Kokkos::CudaSpace>, Kokkos::View<float *, Kokkos::CudaSpace>, Kokkos::View<float *[3], Kokkos::CudaSpace>, Kokkos::View<float *[3], Kokkos::CudaSpace>, Kokkos::View<float *[3], Kokkos::CudaSpace>, Kokkos::View<float *[4], Kokkos::CudaSpace>, Kokkos::View<float *[4], Kokkos::CudaSpace>, Kokkos::View<float *[3], Kokkos::CudaSpace>, Kokkos::View<float *[3], Kokkos::CudaSpace>, Kokkos::View<float *, Kokkos::CudaSpace>, Kokkos::View<int *, Kokkos::CudaSpace>, Kokkos::View<int *, Kokkos::CudaSpace>, Kokkos::View<int, Kokkos::CudaSpace>, Kokkos::View<int *, Kokkos::CudaSpace>, Kokkos::View<unsigned char *, Kokkos::CudaSpace>)::[lambda(int) (instance 1)], Kokkos::RangePolicy<Kokkos::Cuda>, Kokkos::Cuda>>(T1)+0x17f0
=========     by thread (0,122,0) in block (23,0,0)
=========     Address 0x14f0b91fd3cc is out of bounds
=========     and is 5 bytes after the nearest allocation at 0x14f0b91fc400 of size 4040 bytes
=========     Saved host backtrace up to driver entry point at kernel launch time
=========     Host Frame:cuLaunchKernel [0x368d1a]
=========                in /lib64/libcuda.so.1
=========     Host Frame: [0x15aa7]
=========                in /sw/arch/RHEL9/EB_production/2024/software/CUDA/12.6.0/lib/libcudart.so.12
=========     Host Frame:cudaLaunchKernel [0x759f0]
=========                in /sw/arch/RHEL9/EB_production/2024/software/CUDA/12.6.0/lib/libcudart.so.12
=========     Host Frame: [0x147878]
=========                in /projects/0/prjs1022/peclet/suite/dem/build_cuda/peclet/dem/_dem.cpython-312-x86_64-linux-gnu.so
=========     Host Frame: [0x266125]
=========                in /projects/0/prjs1022/peclet/suite/dem/build_cuda/peclet/dem/_dem.cpython-312-x86_64-linux-gnu.so
=========     Host Frame: [0x3edcf]
=========                in /projects/0/prjs1022/peclet/suite/dem/build_cuda/peclet/dem/_dem.cpython-312-x86_64-linux-gnu.so
=========     Host Frame: [0x272d37]
=========                in /projects/0/prjs1022/peclet/suite/dem/build_cuda/peclet/dem/_dem.cpython-312-x86_64-linux-gnu.so
=========     Host Frame:PyObject_Vectorcall in Objects/call.c:325 [0x21ddbe]
=========                in /sw/arch/RHEL9/EB_production/2024/software/Python/3.12.3-GCCcore-13.3.0/lib/libpython3.12.so.1.0
=========     Host Frame:_PyEval_EvalFrameDefault.cold in Python/bytecodes.c:2706 [0x113de0]
=========                in /sw/arch/RHEL9/EB_production/2024/software/Python/3.12.3-GCCcore-13.3.0/lib/libpython3.12.so.1.0
=========     Host Frame:PyEval_EvalCode in Python/ceval.c:578 [0x2bf028]
=========                in /sw/arch/RHEL9/EB_production/2024/software/Python/3.12.3-GCCcore-13.3.0/lib/libpython3.12.so.1.0
=========     Host Frame:run_eval_code_obj in Python/pythonrun.c:1722 [0x2e1c56]
=========                in /sw/arch/RHEL9/EB_production/2024/software/Python/3.12.3-GCCcore-13.3.0/lib/libpython3.12.so.1.0
=========     Host Frame:run_mod in Python/pythonrun.c:1743 [0x2dcdea]
=========                in /sw/arch/RHEL9/EB_production/2024/software/Python/3.12.3-GCCcore-13.3.0/lib/libpython3.12.so.1.0
=========     Host Frame:pyrun_file in Python/pythonrun.c:1643 [0x2f5c70]
=========                in /sw/arch/RHEL9/EB_production/2024/software/Python/3.12.3-GCCcore-13.3.0/lib/libpython3.12.so.1.0
=========     Host Frame:_PyRun_SimpleFileObject in Python/pythonrun.c:433 [0x2f455a]
=========                in /sw/arch/RHEL9/EB_production/2024/software/Python/3.12.3-GCCcore-13.3.0/lib/libpython3.12.so.1.0
=========     Host Frame:_PyRun_AnyFileObject in Python/pythonrun.c:78 [0x2f4303]
=========                in /sw/arch/RHEL9/EB_production/2024/software/Python/3.12.3-GCCcore-13.3.0/lib/libpython3.12.so.1.0
=========     Host Frame:Py_RunMain in Modules/main.c:709 [0x2ed846]
=========                in /sw/arch/RHEL9/EB_production/2024/software/Python/3.12.3-GCCcore-13.3.0/lib/libpython3.12.so.1.0
=========     Host Frame:Py_BytesMain in Modules/main.c:763 [0x2a81f6]
=========                in /sw/arch/RHEL9/EB_production/2024/software/Python/3.12.3-GCCcore-13.3.0/lib/libpython3.12.so.1.0
=========     Host Frame:__libc_start_call_main [0x2a60f]
=========                in /lib64/libc.so.6
=========     Host Frame:__libc_start_main [0x2a6bf]
=========                in /lib64/libc.so.6
=========     Host Frame:_start [0x1064]
=========                in /gpfs/work4/0/prjs1022/peclet/suite/flow/.venv/bin/python
========= 
========= Invalid __global__ write of size 1 bytes
=========     at void Kokkos::Impl::cuda_parallel_launch_local_memory<Kokkos::Impl::ParallelFor<peclet::dem::generateGhostsKokkos(int, int, peclet::dem::Domain, float, Kokkos::View<float *[3], Kokkos::CudaSpace>, Kokkos::View<float *, Kokkos::CudaSpace>, Kokkos::View<float *[3], Kokkos::CudaSpace>, Kokkos::View<float *[3], Kokkos::CudaSpace>, Kokkos::View<float *[3], Kokkos::CudaSpace>, Kokkos::View<float *[4], Kokkos::CudaSpace>, Kokkos::View<float *[4], Kokkos::CudaSpace>, Kokkos::View<float *[3], Kokkos::CudaSpace>, Kokkos::View<float *[3], Kokkos::CudaSpace>, Kokkos::View<float *, Kokkos::CudaSpace>, Kokkos::View<int *, Kokkos::CudaSpace>, Kokkos::View<int *, Kokkos::CudaSpace>, Kokkos::View<int, Kokkos::CudaSpace>, Kokkos::View<int *, Kokkos::CudaSpace>, Kokkos::View<unsigned char *, Kokkos::CudaSpace>)::[lambda(int) (instance 1)], Kokkos::RangePolicy<Kokkos::Cuda>, Kokkos::Cuda>>(T1)+0x17f0
=========     by thread (0,59,0) in block (23,0,0)
=========     Address 0x14f0b91fd3cd is out of bounds
=========     and is 6 bytes after the nearest allocation at 0x14f0b91fc400 of size 4040 bytes
=========     Saved host backtrace up to driver entry point at kernel launch time
=========     Host Frame:cuLaunchKernel [0x368d1a]
=========                in /lib64/libcuda.so.1
=========     Host Frame: [0x15aa7]
=========                in /sw/arch/RHEL9/EB_production/2024/software/CUDA/12.6.0/lib/libcudart.so.12
=========     Host Frame:cudaLaunchKernel [0x759f0]
=========                in /sw/arch/RHEL9/EB_production/2024/software/CUDA/12.6.0/lib/libcudart.so.12
=========     Host Frame: [0x147878]
=========                in /projects/0/prjs1022/peclet/suite/dem/build_cuda/peclet/dem/_dem.cpython-312-x86_64-linux-gnu.so
=========     Host Frame: [0x266125]
=========                in /projects/0/prjs1022/peclet/suite/dem/build_cuda/peclet/dem/_dem.cpython-312-x86_64-linux-gnu.so
=========     Host Frame: [0x3edcf]
=========                in /projects/0/prjs1022/peclet/suite/dem/build_cuda/peclet/dem/_dem.cpython-312-x86_64-linux-gnu.so
=========     Host Frame: [0x272d37]
=========                in /projects/0/prjs1022/peclet/suite/dem/build_cuda/peclet/dem/_dem.cpython-312-x86_64-linux-gnu.so
=========     Host Frame:PyObject_Vectorcall in Objects/call.c:325 [0x21ddbe]
=========                in /sw/arch/RHEL9/EB_production/2024/software/Python/3.12.3-GCCcore-13.3.0/lib/libpython3.12.so.1.0
=========     Host Frame:_PyEval_EvalFrameDefault.cold in Python/bytecodes.c:2706 [0x113de0]
=========                in /sw/arch/RHEL9/EB_production/2024/software/Python/3.12.3-GCCcore-13.3.0/lib/libpython3.12.so.1.0
=========     Host Frame:PyEval_EvalCode in Python/ceval.c:578 [0x2bf028]
=========                in /sw/arch/RHEL9/EB_production/2024/software/Python/3.12.3-GCCcore-13.3.0/lib/libpython3.12.so.1.0
=========     Host Frame:run_eval_code_obj in Python/pythonrun.c:1722 [0x2e1c56]
=========                in /sw/arch/RHEL9/EB_production/2024/software/Python/3.12.3-GCCcore-13.3.0/lib/libpython3.12.so.1.0
=========     Host Frame:run_mod in Python/pythonrun.c:1743 [0x2dcdea]
=========                in /sw/arch/RHEL9/EB_production/2024/software/Python/3.12.3-GCCcore-13.3.0/lib/libpython3.12.so.1.0
=========     Host Frame:pyrun_file in Python/pythonrun.c:1643 [0x2f5c70]
=========                in /sw/arch/RHEL9/EB_production/2024/software/Python/3.12.3-GCCcore-13.3.0/lib/libpython3.12.so.1.0
=========     Host Frame:_PyRun_SimpleFileObject in Python/pythonrun.c:433 [0x2f455a]
=========                in /sw/arch/RHEL9/EB_production/2024/software/Python/3.12.3-GCCcore-13.3.0/lib/libpython3.12.so.1.0
=========     Host Frame:_PyRun_AnyFileObject in Python/pythonrun.c:78 [0x2f4303]
=========                in /sw/arch/RHEL9/EB_production/2024/software/Python/3.12.3-GCCcore-13.3.0/lib/libpython3.12.so.1.0
=========     Host Frame:Py_RunMain in Modules/main.c:709 [0x2ed846]
=========                in /sw/arch/RHEL9/EB_production/2024/software/Python/3.12.3-GCCcore-13.3.0/lib/libpython3.12.so.1.0
=========     Host Frame:Py_BytesMain in Modules/main.c:763 [0x2a81f6]
=========                in /sw/arch/RHEL9/EB_production/2024/software/Python/3.12.3-GCCcore-13.3.0/lib/libpython3.12.so.1.0
=========     Host Frame:__libc_start_call_main [0x2a60f]
=========                in /lib64/libc.so.6
=========     Host Frame:__libc_start_main [0x2a6bf]
=========                in /lib64/libc.so.6
=========     Host Frame:_start [0x1064]
=========                in /gpfs/work4/0/prjs1022/peclet/suite/flow/.venv/bin/python
========= 
========= Invalid __global__ write of size 1 bytes
=========     at void Kokkos::Impl::cuda_parallel_launch_local_memory<Kokkos::Impl::ParallelFor<peclet::dem::generateGhostsKokkos(int, int, peclet::dem::Domain, float, Kokkos::View<float *[3], Kokkos::CudaSpace>, Kokkos::View<float *, Kokkos::CudaSpace>, Kokkos::View<float *[3], Kokkos::CudaSpace>, Kokkos::View<float *[3], Kokkos::CudaSpace>, Kokkos::View<float *[3], Kokkos::CudaSpace>, Kokkos::View<float *[4], Kokkos::CudaSpace>, Kokkos::View<float *[4], Kokkos::CudaSpace>, Kokkos::View<float *[3], Kokkos::CudaSpace>, Kokkos::View<float *[3], Kokkos::CudaSpace>, Kokkos::View<float *, Kokkos::CudaSpace>, Kokkos::View<int *, Kokkos::CudaSpace>, Kokkos::View<int *, Kokkos::CudaSpace>, Kokkos::View<int, Kokkos::CudaSpace>, Kokkos::View<int *, Kokkos::CudaSpace>, Kokkos::View<unsigned char *, Kokkos::CudaSpace>)::[lambda(int) (instance 1)], Kokkos::RangePolicy<Kokkos::Cuda>, Kokkos::Cuda>>(T1)+0x17f0
=========     by thread (0,77,0) in block (12,0,0)
=========     Address 0x14f0b91fd3e0 is out of bounds
=========     and is 25 bytes after the nearest allocation at 0x14f0b91fc400 of size 4040 bytes
=========     Saved host backtrace up to driver entry point at kernel launch time
=========     Host Frame:cuLaunchKernel [0x368d1a]
=========                in /lib64/libcuda.so.1
=========     Host Frame: [0x15aa7]
=========                in /sw/arch/RHEL9/EB_production/2024/software/CUDA/12.6.0/lib/libcudart.so.12
=========     Host Frame:cudaLaunchKernel [0x759f0]
=========                in /sw/arch/RHEL9/EB_production/2024/software/CUDA/12.6.0/lib/libcudart.so.12
=========     Host Frame: [0x147878]
=========                in /projects/0/prjs1022/peclet/suite/dem/build_cuda/peclet/dem/_dem.cpython-312-x86_64-linux-gnu.so
=========     Host Frame: [0x266125]
=========                in /projects/0/prjs1022/peclet/suite/dem/build_cuda/peclet/dem/_dem.cpython-312-x86_64-linux-gnu.so
=========     Host Frame: [0x3edcf]
=========                in /projects/0/prjs1022/peclet/suite/dem/build_cuda/peclet/dem/_dem.cpython-312-x86_64-linux-gnu.so
=========     Host Frame: [0x272d37]
=========                in /projects/0/prjs1022/peclet/suite/dem/build_cuda/peclet/dem/_dem.cpython-312-x86_64-linux-gnu.so
=========     Host Frame:PyObject_Vectorcall in Objects/call.c:325 [0x21ddbe]
=========                in /sw/arch/RHEL9/EB_production/2024/software/Python/3.12.3-GCCcore-13.3.0/lib/libpython3.12.so.1.0
=========     Host Frame:_PyEval_EvalFrameDefault.cold in Python/bytecodes.c:2706 [0x113de0]
=========                in /sw/arch/RHEL9/EB_production/2024/software/Python/3.12.3-GCCcore-13.3.0/lib/libpython3.12.so.1.0
=========     Host Frame:PyEval_EvalCode in Python/ceval.c:578 [0x2bf028]
=========                in /sw/arch/RHEL9/EB_production/2024/software/Python/3.12.3-GCCcore-13.3.0/lib/libpython3.12.so.1.0
=========     Host Frame:run_eval_code_obj in Python/pythonrun.c:1722 [0x2e1c56]
=========                in /sw/arch/RHEL9/EB_production/2024/software/Python/3.12.3-GCCcore-13.3.0/lib/libpython3.12.so.1.0
=========     Host Frame:run_mod in Python/pythonrun.c:1743 [0x2dcdea]
=========                in /sw/arch/RHEL9/EB_production/2024/software/Python/3.12.3-GCCcore-13.3.0/lib/libpython3.12.so.1.0
=========     Host Frame:pyrun_file in Python/pythonrun.c:1643 [0x2f5c70]
=========                in /sw/arch/RHEL9/EB_production/2024/software/Python/3.12.3-GCCcore-13.3.0/lib/libpython3.12.so.1.0
=========     Host Frame:_PyRun_SimpleFileObject in Python/pythonrun.c:433 [0x2f455a]
=========                in /sw/arch/RHEL9/EB_production/2024/software/Python/3.12.3-GCCcore-13.3.0/lib/libpython3.12.so.1.0
=========     Host Frame:_PyRun_AnyFileObject in Python/pythonrun.c:78 [0x2f4303]
=========                in /sw/arch/RHEL9/EB_production/2024/software/Python/3.12.3-GCCcore-13.3.0/lib/libpython3.12.so.1.0
=========     Host Frame:Py_RunMain in Modules/main.c:709 [0x2ed846]
=========                in /sw/arch/RHEL9/EB_production/2024/software/Python/3.12.3-GCCcore-13.3.0/lib/libpython3.12.so.1.0
=========     Host Frame:Py_BytesMain in Modules/main.c:763 [0x2a81f6]
=========                in /sw/arch/RHEL9/EB_production/2024/software/Python/3.12.3-GCCcore-13.3.0/lib/libpython3.12.so.1.0
=========     Host Frame:__libc_start_call_main [0x2a60f]
=========                in /lib64/libc.so.6
=========     Host Frame:__libc_start_main [0x2a6bf]
=========                in /lib64/libc.so.6
=========     Host Frame:_start [0x1064]
=========                in /gpfs/work4/0/prjs1022/peclet/suite/flow/.venv/bin/python
========= 
========= Invalid __global__ write of size 1 bytes
=========     at void Kokkos::Impl::cuda_parallel_launch_local_memory<Kokkos::Impl::ParallelFor<peclet::dem::generateGhostsKokkos(int, int, peclet::dem::Domain, float, Kokkos::View<float *[3], Kokkos::CudaSpace>, Kokkos::View<float *, Kokkos::CudaSpace>, Kokkos::View<float *[3], Kokkos::CudaSpace>, Kokkos::View<float *[3], Kokkos::CudaSpace>, Kokkos::View<float *[3], Kokkos::CudaSpace>, Kokkos::View<float *[4], Kokkos::CudaSpace>, Kokkos::View<float *[4], Kokkos::CudaSpace>, Kokkos::View<float *[3], Kokkos::CudaSpace>, Kokkos::View<float *[3], Kokkos::CudaSpace>, Kokkos::View<float *, Kokkos::CudaSpace>, Kokkos::View<int *, Kokkos::CudaSpace>, Kokkos::View<int *, Kokkos::CudaSpace>, Kokkos::View<int, Kokkos::CudaSpace>, Kokkos::View<int *, Kokkos::CudaSpace>, Kokkos::View<unsigned char *, Kokkos::CudaSpace>)::[lambda(int) (instance 1)], Kokkos::RangePolicy<Kokkos::Cuda>, Kokkos::Cuda>>(T1)+0x17f0
=========     by thread (0,82,0) in block (12,0,0)
=========     Address 0x14f0b91fd3e1 is out of bounds
=========     and is 26 bytes after the nearest allocation at 0x14f0b91fc400 of size 4040 bytes
=========     Saved host backtrace up to driver entry point at kernel launch time
=========     Host Frame:cuLaunchKernel [0x368d1a]
=========                in /lib64/libcuda.so.1
=========     Host Frame: [0x15aa7]
=========                in /sw/arch/RHEL9/EB_production/2024/software/CUDA/12.6.0/lib/libcudart.so.12
=========     Host Frame:cudaLaunchKernel [0x759f0]
=========                in /sw/arch/RHEL9/EB_production/2024/software/CUDA/12.6.0/lib/libcudart.so.12
=========     Host Frame: [0x147878]
=========                in /projects/0/prjs1022/peclet/suite/dem/build_cuda/peclet/dem/_dem.cpython-312-x86_64-linux-gnu.so
=========     Host Frame: [0x266125]
=========                in /projects/0/prjs1022/peclet/suite/dem/build_cuda/peclet/dem/_dem.cpython-312-x86_64-linux-gnu.so
=========     Host Frame: [0x3edcf]
=========                in /projects/0/prjs1022/peclet/suite/dem/build_cuda/peclet/dem/_dem.cpython-312-x86_64-linux-gnu.so
=========     Host Frame: [0x272d37]
=========                in /projects/0/prjs1022/peclet/suite/dem/build_cuda/peclet/dem/_dem.cpython-312-x86_64-linux-gnu.so
=========     Host Frame:PyObject_Vectorcall in Objects/call.c:325 [0x21ddbe]
=========                in /sw/arch/RHEL9/EB_production/2024/software/Python/3.12.3-GCCcore-13.3.0/lib/libpython3.12.so.1.0
=========     Host Frame:_PyEval_EvalFrameDefault.cold in Python/bytecodes.c:2706 [0x113de0]
=========                in /sw/arch/RHEL9/EB_production/2024/software/Python/3.12.3-GCCcore-13.3.0/lib/libpython3.12.so.1.0
=========     Host Frame:PyEval_EvalCode in Python/ceval.c:578 [0x2bf028]
=========                in /sw/arch/RHEL9/EB_production/2024/software/Python/3.12.3-GCCcore-13.3.0/lib/libpython3.12.so.1.0
=========     Host Frame:run_eval_code_obj in Python/pythonrun.c:1722 [0x2e1c56]
=========                in /sw/arch/RHEL9/EB_production/2024/software/Python/3.12.3-GCCcore-13.3.0/lib/libpython3.12.so.1.0
=========     Host Frame:run_mod in Python/pythonrun.c:1743 [0x2dcdea]
=========                in /sw/arch/RHEL9/EB_production/2024/software/Python/3.12.3-GCCcore-13.3.0/lib/libpython3.12.so.1.0
=========     Host Frame:pyrun_file in Python/pythonrun.c:1643 [0x2f5c70]
=========                in /sw/arch/RHEL9/EB_production/2024/software/Python/3.12.3-GCCcore-13.3.0/lib/libpython3.12.so.1.0
=========     Host Frame:_PyRun_SimpleFileObject in Python/pythonrun.c:433 [0x2f455a]
=========                in /sw/arch/RHEL9/EB_production/2024/software/Python/3.12.3-GCCcore-13.3.0/lib/libpython3.12.so.1.0
=========     Host Frame:_PyRun_AnyFileObject in Python/pythonrun.c:78 [0x2f4303]
=========                in /sw/arch/RHEL9/EB_production/2024/software/Python/3.12.3-GCCcore-13.3.0/lib/libpython3.12.so.1.0
=========     Host Frame:Py_RunMain in Modules/main.c:709 [0x2ed846]
=========                in /sw/arch/RHEL9/EB_production/2024/software/Python/3.12.3-GCCcore-13.3.0/lib/libpython3.12.so.1.0
=========     Host Frame:Py_BytesMain in Modules/main.c:763 [0x2a81f6]
=========                in /sw/arch/RHEL9/EB_production/2024/software/Python/3.12.3-GCCcore-13.3.0/lib/libpython3.12.so.1.0
=========     Host Frame:__libc_start_call_main [0x2a60f]
=========                in /lib64/libc.so.6
=========     Host Frame:__libc_start_main [0x2a6bf]
=========                in /lib64/libc.so.6
=========     Host Frame:_start [0x1064]
=========                in /gpfs/work4/0/prjs1022/peclet/suite/flow/.venv/bin/python
========= 
========= Invalid __global__ write of size 1 bytes
=========     at void Kokkos::Impl::cuda_parallel_launch_local_memory<Kokkos::Impl::ParallelFor<peclet::dem::generateGhostsKokkos(int, int, peclet::dem::Domain, float, Kokkos::View<float *[3], Kokkos::CudaSpace>, Kokkos::View<float *, Kokkos::CudaSpace>, Kokkos::View<float *[3], Kokkos::CudaSpace>, Kokkos::View<float *[3], Kokkos::CudaSpace>, Kokkos::View<float *[3], Kokkos::CudaSpace>, Kokkos::View<float *[4], Kokkos::CudaSpace>, Kokkos::View<float *[4], Kokkos::CudaSpace>, Kokkos::View<float *[3], Kokkos::CudaSpace>, Kokkos::View<float *[3], Kokkos::CudaSpace>, Kokkos::View<float *, Kokkos::CudaSpace>, Kokkos::View<int *, Kokkos::CudaSpace>, Kokkos::View<int *, Kokkos::CudaSpace>, Kokkos::View<int, Kokkos::CudaSpace>, Kokkos::View<int *, Kokkos::CudaSpace>, Kokkos::View<unsigned char *, Kokkos::CudaSpace>)::[lambda(int) (instance 1)], Kokkos::RangePolicy<Kokkos::Cuda>, Kokkos::Cuda>>(T1)+0x17f0
=========     by thread (0,90,0) in block (12,0,0)
=========     Address 0x14f0b91fd3e2 is out of bounds
=========     and is 27 bytes after the nearest allocation at 0x14f0b91fc400 of size 4040 bytes
=========     Saved host backtrace up to driver entry point at kernel launch time
=========     Host Frame:cuLaunchKernel [0x368d1a]
=========                in /lib64/libcuda.so.1
=========     Host Frame: [0x15aa7]
=========                in /sw/arch/RHEL9/EB_production/2024/software/CUDA/12.6.0/lib/libcudart.so.12
=========     Host Frame:cudaLaunchKernel [0x759f0]
=========                in /sw/arch/RHEL9/EB_production/2024/software/CUDA/12.6.0/lib/libcudart.so.12
=========     Host Frame: [0x147878]
=========                in /projects/0/prjs1022/peclet/suite/dem/build_cuda/peclet/dem/_dem.cpython-312-x86_64-linux-gnu.so
=========     Host Frame: [0x266125]
=========                in /projects/0/prjs1022/peclet/suite/dem/build_cuda/peclet/dem/_dem.cpython-312-x86_64-linux-gnu.so
=========     Host Frame: [0x3edcf]
=========                in /projects/0/prjs1022/peclet/suite/dem/build_cuda/peclet/dem/_dem.cpython-312-x86_64-linux-gnu.so
=========     Host Frame: [0x272d37]
=========                in /projects/0/prjs1022/peclet/suite/dem/build_cuda/peclet/dem/_dem.cpython-312-x86_64-linux-gnu.so
=========     Host Frame:PyObject_Vectorcall in Objects/call.c:325 [0x21ddbe]
=========                in /sw/arch/RHEL9/EB_production/2024/software/Python/3.12.3-GCCcore-13.3.0/lib/libpython3.12.so.1.0
=========     Host Frame:_PyEval_EvalFrameDefault.cold in Python/bytecodes.c:2706 [0x113de0]
=========                in /sw/arch/RHEL9/EB_production/2024/software/Python/3.12.3-GCCcore-13.3.0/lib/libpython3.12.so.1.0
=========     Host Frame:PyEval_EvalCode in Python/ceval.c:578 [0x2bf028]
=========                in /sw/arch/RHEL9/EB_production/2024/software/Python/3.12.3-GCCcore-13.3.0/lib/libpython3.12.so.1.0
=========     Host Frame:run_eval_code_obj in Python/pythonrun.c:1722 [0x2e1c56]
=========                in /sw/arch/RHEL9/EB_production/2024/software/Python/3.12.3-GCCcore-13.3.0/lib/libpython3.12.so.1.0
=========     Host Frame:run_mod in Python/pythonrun.c:1743 [0x2dcdea]
=========                in /sw/arch/RHEL9/EB_production/2024/software/Python/3.12.3-GCCcore-13.3.0/lib/libpython3.12.so.1.0
=========     Host Frame:pyrun_file in Python/pythonrun.c:1643 [0x2f5c70]
=========                in /sw/arch/RHEL9/EB_production/2024/software/Python/3.12.3-GCCcore-13.3.0/lib/libpython3.12.so.1.0
=========     Host Frame:_PyRun_SimpleFileObject in Python/pythonrun.c:433 [0x2f455a]
=========                in /sw/arch/RHEL9/EB_production/2024/software/Python/3.12.3-GCCcore-13.3.0/lib/libpython3.12.so.1.0
=========     Host Frame:_PyRun_AnyFileObject in Python/pythonrun.c:78 [0x2f4303]
=========                in /sw/arch/RHEL9/EB_production/2024/software/Python/3.12.3-GCCcore-13.3.0/lib/libpython3.12.so.1.0
=========     Host Frame:Py_RunMain in Modules/main.c:709 [0x2ed846]
=========                in /sw/arch/RHEL9/EB_production/2024/software/Python/3.12.3-GCCcore-13.3.0/lib/libpython3.12.so.1.0
=========     Host Frame:Py_BytesMain in Modules/main.c:763 [0x2a81f6]
=========                in /sw/arch/RHEL9/EB_production/2024/software/Python/3.12.3-GCCcore-13.3.0/lib/libpython3.12.so.1.0
=========     Host Frame:__libc_start_call_main [0x2a60f]
=========                in /lib64/libc.so.6
=========     Host Frame:__libc_start_main [0x2a6bf]
=========                in /lib64/libc.so.6
=========     Host Frame:_start [0x1064]
=========                in /gpfs/work4/0/prjs1022/peclet/suite/flow/.venv/bin/python
========= 
========= Invalid __global__ write of size 1 bytes
=========     at void Kokkos::Impl::cuda_parallel_launch_local_memory<Kokkos::Impl::ParallelFor<peclet::dem::generateGhostsKokkos(int, int, peclet::dem::Domain, float, Kokkos::View<float *[3], Kokkos::CudaSpace>, Kokkos::View<float *, Kokkos::CudaSpace>, Kokkos::View<float *[3], Kokkos::CudaSpace>, Kokkos::View<float *[3], Kokkos::CudaSpace>, Kokkos::View<float *[3], Kokkos::CudaSpace>, Kokkos::View<float *[4], Kokkos::CudaSpace>, Kokkos::View<float *[4], Kokkos::CudaSpace>, Kokkos::View<float *[3], Kokkos::CudaSpace>, Kokkos::View<float *[3], Kokkos::CudaSpace>, Kokkos::View<float *, Kokkos::CudaSpace>, Kokkos::View<int *, Kokkos::CudaSpace>, Kokkos::View<int *, Kokkos::CudaSpace>, Kokkos::View<int, Kokkos::CudaSpace>, Kokkos::View<int *, Kokkos::CudaSpace>, Kokkos::View<unsigned char *, Kokkos::CudaSpace>)::[lambda(int) (instance 1)], Kokkos::RangePolicy<Kokkos::Cuda>, Kokkos::Cuda>>(T1)+0x17f0
=========     by thread (0,17,0) in block (12,0,0)
=========     Address 0x14f0b91fd3df is out of bounds
=========     and is 24 bytes after the nearest allocation at 0x14f0b91fc400 of size 4040 bytes
=========     Saved host backtrace up to driver entry point at kernel launch time
=========     Host Frame:cuLaunchKernel [0x368d1a]
=========                in /lib64/libcuda.so.1
=========     Host Frame: [0x15aa7]
=========                in /sw/arch/RHEL9/EB_production/2024/software/CUDA/12.6.0/lib/libcudart.so.12
=========     Host Frame:cudaLaunchKernel [0x759f0]
=========                in /sw/arch/RHEL9/EB_production/2024/software/CUDA/12.6.0/lib/libcudart.so.12
=========     Host Frame: [0x147878]
=========                in /projects/0/prjs1022/peclet/suite/dem/build_cuda/peclet/dem/_dem.cpython-312-x86_64-linux-gnu.so
=========     Host Frame: [0x266125]
=========                in /projects/0/prjs1022/peclet/suite/dem/build_cuda/peclet/dem/_dem.cpython-312-x86_64-linux-gnu.so
=========     Host Frame: [0x3edcf]
=========                in /projects/0/prjs1022/peclet/suite/dem/build_cuda/peclet/dem/_dem.cpython-312-x86_64-linux-gnu.so
=========     Host Frame: [0x272d37]
=========                in /projects/0/prjs1022/peclet/suite/dem/build_cuda/peclet/dem/_dem.cpython-312-x86_64-linux-gnu.so
=========     Host Frame:PyObject_Vectorcall in Objects/call.c:325 [0x21ddbe]
=========                in /sw/arch/RHEL9/EB_production/2024/software/Python/3.12.3-GCCcore-13.3.0/lib/libpython3.12.so.1.0
=========     Host Frame:_PyEval_EvalFrameDefault.cold in Python/bytecodes.c:2706 [0x113de0]
=========                in /sw/arch/RHEL9/EB_production/2024/software/Python/3.12.3-GCCcore-13.3.0/lib/libpython3.12.so.1.0
=========     Host Frame:PyEval_EvalCode in Python/ceval.c:578 [0x2bf028]
=========                in /sw/arch/RHEL9/EB_production/2024/software/Python/3.12.3-GCCcore-13.3.0/lib/libpython3.12.so.1.0
=========     Host Frame:run_eval_code_obj in Python/pythonrun.c:1722 [0x2e1c56]
=========                in /sw/arch/RHEL9/EB_production/2024/software/Python/3.12.3-GCCcore-13.3.0/lib/libpython3.12.so.1.0
=========     Host Frame:run_mod in Python/pythonrun.c:1743 [0x2dcdea]
=========                in /sw/arch/RHEL9/EB_production/2024/software/Python/3.12.3-GCCcore-13.3.0/lib/libpython3.12.so.1.0
=========     Host Frame:pyrun_file in Python/pythonrun.c:1643 [0x2f5c70]
=========                in /sw/arch/RHEL9/EB_production/2024/software/Python/3.12.3-GCCcore-13.3.0/lib/libpython3.12.so.1.0
=========     Host Frame:_PyRun_SimpleFileObject in Python/pythonrun.c:433 [0x2f455a]
=========                in /sw/arch/RHEL9/EB_production/2024/software/Python/3.12.3-GCCcore-13.3.0/lib/libpython3.12.so.1.0
=========     Host Frame:_PyRun_AnyFileObject in Python/pythonrun.c:78 [0x2f4303]
=========                in /sw/arch/RHEL9/EB_production/2024/software/Python/3.12.3-GCCcore-13.3.0/lib/libpython3.12.so.1.0
=========     Host Frame:Py_RunMain in Modules/main.c:709 [0x2ed846]
=========                in /sw/arch/RHEL9/EB_production/2024/software/Python/3.12.3-GCCcore-13.3.0/lib/libpython3.12.so.1.0
=========     Host Frame:Py_BytesMain in Modules/main.c:763 [0x2a81f6]
=========                in /sw/arch/RHEL9/EB_production/2024/software/Python/3.12.3-GCCcore-13.3.0/lib/libpython3.12.so.1.0
=========     Host Frame:__libc_start_call_main [0x2a60f]
=========                in /lib64/libc.so.6
=========     Host Frame:__libc_start_main [0x2a6bf]
=========                in /lib64/libc.so.6
=========     Host Frame:_start [0x1064]
=========                in /gpfs/work4/0/prjs1022/peclet/suite/flow/.venv/bin/python
========= 
========= Invalid __global__ write of size 1 bytes
=========     at void Kokkos::Impl::cuda_parallel_launch_local_memory<Kokkos::Impl::ParallelFor<peclet::dem::generateGhostsKokkos(int, int, peclet::dem::Domain, float, Kokkos::View<float *[3], Kokkos::CudaSpace>, Kokkos::View<float *, Kokkos::CudaSpace>, Kokkos::View<float *[3], Kokkos::CudaSpace>, Kokkos::View<float *[3], Kokkos::CudaSpace>, Kokkos::View<float *[3], Kokkos::CudaSpace>, Kokkos::View<float *[4], Kokkos::CudaSpace>, Kokkos::View<float *[4], Kokkos::CudaSpace>, Kokkos::View<float *[3], Kokkos::CudaSpace>, Kokkos::View<float *[3], Kokkos::CudaSpace>, Kokkos::View<float *, Kokkos::CudaSpace>, Kokkos::View<int *, Kokkos::CudaSpace>, Kokkos::View<int *, Kokkos::CudaSpace>, Kokkos::View<int, Kokkos::CudaSpace>, Kokkos::View<int *, Kokkos::CudaSpace>, Kokkos::View<unsigned char *, Kokkos::CudaSpace>)::[lambda(int) (instance 1)], Kokkos::RangePolicy<Kokkos::Cuda>, Kokkos::Cuda>>(T1)+0x17f0
=========     by thread (0,83,0) in block (15,0,0)
=========     Address 0x14f0b91fd3d9 is out of bounds
=========     and is 18 bytes after the nearest allocation at 0x14f0b91fc400 of size 4040 bytes
=========     Saved host backtrace up to driver entry point at kernel launch time
=========     Host Frame:cuLaunchKernel [0x368d1a]
=========                in /lib64/libcuda.so.1
=========     Host Frame: [0x15aa7]
=========                in /sw/arch/RHEL9/EB_production/2024/software/CUDA/12.6.0/lib/libcudart.so.12
=========     Host Frame:cudaLaunchKernel [0x759f0]
=========                in /sw/arch/RHEL9/EB_production/2024/software/CUDA/12.6.0/lib/libcudart.so.12
=========     Host Frame: [0x147878]
=========                in /projects/0/prjs1022/peclet/suite/dem/build_cuda/peclet/dem/_dem.cpython-312-x86_64-linux-gnu.so
=========     Host Frame: [0x266125]
=========                in /projects/0/prjs1022/peclet/suite/dem/build_cuda/peclet/dem/_dem.cpython-312-x86_64-linux-gnu.so
=========     Host Frame: [0x3edcf]
=========                in /projects/0/prjs1022/peclet/suite/dem/build_cuda/peclet/dem/_dem.cpython-312-x86_64-linux-gnu.so
=========     Host Frame: [0x272d37]
=========                in /projects/0/prjs1022/peclet/suite/dem/build_cuda/peclet/dem/_dem.cpython-312-x86_64-linux-gnu.so
=========     Host Frame:PyObject_Vectorcall in Objects/call.c:325 [0x21ddbe]
=========                in /sw/arch/RHEL9/EB_production/2024/software/Python/3.12.3-GCCcore-13.3.0/lib/libpython3.12.so.1.0
=========     Host Frame:_PyEval_EvalFrameDefault.cold in Python/bytecodes.c:2706 [0x113de0]
=========                in /sw/arch/RHEL9/EB_production/2024/software/Python/3.12.3-GCCcore-13.3.0/lib/libpython3.12.so.1.0
=========     Host Frame:PyEval_EvalCode in Python/ceval.c:578 [0x2bf028]
=========                in /sw/arch/RHEL9/EB_production/2024/software/Python/3.12.3-GCCcore-13.3.0/lib/libpython3.12.so.1.0
=========     Host Frame:run_eval_code_obj in Python/pythonrun.c:1722 [0x2e1c56]
=========                in /sw/arch/RHEL9/EB_production/2024/software/Python/3.12.3-GCCcore-13.3.0/lib/libpython3.12.so.1.0
=========     Host Frame:run_mod in Python/pythonrun.c:1743 [0x2dcdea]
=========                in /sw/arch/RHEL9/EB_production/2024/software/Python/3.12.3-GCCcore-13.3.0/lib/libpython3.12.so.1.0
=========     Host Frame:pyrun_file in Python/pythonrun.c:1643 [0x2f5c70]
=========                in /sw/arch/RHEL9/EB_production/2024/software/Python/3.12.3-GCCcore-13.3.0/lib/libpython3.12.so.1.0
=========     Host Frame:_PyRun_SimpleFileObject in Python/pythonrun.c:433 [0x2f455a]
=========                in /sw/arch/RHEL9/EB_production/2024/software/Python/3.12.3-GCCcore-13.3.0/lib/libpython3.12.so.1.0
=========     Host Frame:_PyRun_AnyFileObject in Python/pythonrun.c:78 [0x2f4303]
=========                in /sw/arch/RHEL9/EB_production/2024/software/Python/3.12.3-GCCcore-13.3.0/lib/libpython3.12.so.1.0
=========     Host Frame:Py_RunMain in Modules/main.c:709 [0x2ed846]
=========                in /sw/arch/RHEL9/EB_production/2024/software/Python/3.12.3-GCCcore-13.3.0/lib/libpython3.12.so.1.0
=========     Host Frame:Py_BytesMain in Modules/main.c:763 [0x2a81f6]
=========                in /sw/arch/RHEL9/EB_production/2024/software/Python/3.12.3-GCCcore-13.3.0/lib/libpython3.12.so.1.0
=========     Host Frame:__libc_start_call_main [0x2a60f]
=========                in /lib64/libc.so.6
=========     Host Frame:__libc_start_main [0x2a6bf]
=========                in /lib64/libc.so.6
=========     Host Frame:_start [0x1064]
=========                in /gpfs/work4/0/prjs1022/peclet/suite/flow/.venv/bin/python
========= 
========= Invalid __global__ write of size 1 bytes
=========     at void Kokkos::Impl::cuda_parallel_launch_local_memory<Kokkos::Impl::ParallelFor<peclet::dem::generateGhostsKokkos(int, int, peclet::dem::Domain, float, Kokkos::View<float *[3], Kokkos::CudaSpace>, Kokkos::View<float *, Kokkos::CudaSpace>, Kokkos::View<float *[3], Kokkos::CudaSpace>, Kokkos::View<float *[3], Kokkos::CudaSpace>, Kokkos::View<float *[3], Kokkos::CudaSpace>, Kokkos::View<float *[4], Kokkos::CudaSpace>, Kokkos::View<float *[4], Kokkos::CudaSpace>, Kokkos::View<float *[3], Kokkos::CudaSpace>, Kokkos::View<float *[3], Kokkos::CudaSpace>, Kokkos::View<float *, Kokkos::CudaSpace>, Kokkos::View<int *, Kokkos::CudaSpace>, Kokkos::View<int *, Kokkos::CudaSpace>, Kokkos::View<int, Kokkos::CudaSpace>, Kokkos::View<int *, Kokkos::CudaSpace>, Kokkos::View<unsigned char *, Kokkos::CudaSpace>)::[lambda(int) (instance 1)], Kokkos::RangePolicy<Kokkos::Cuda>, Kokkos::Cuda>>(T1)+0x17f0
=========     by thread (0,116,0) in block (21,0,0)
=========     Address 0x14f0b91fd3d3 is out of bounds
=========     and is 12 bytes after the nearest allocation at 0x14f0b91fc400 of size 4040 bytes
=========     Saved host backtrace up to driver entry point at kernel launch time
=========     Host Frame:cuLaunchKernel [0x368d1a]
=========                in /lib64/libcuda.so.1
=========     Host Frame: [0x15aa7]
=========                in /sw/arch/RHEL9/EB_production/2024/software/CUDA/12.6.0/lib/libcudart.so.12
=========     Host Frame:cudaLaunchKernel [0x759f0]
=========                in /sw/arch/RHEL9/EB_production/2024/software/CUDA/12.6.0/lib/libcudart.so.12
=========     Host Frame: [0x147878]
=========                in /projects/0/prjs1022/peclet/suite/dem/build_cuda/peclet/dem/_dem.cpython-312-x86_64-linux-gnu.so
=========     Host Frame: [0x266125]
=========                in /projects/0/prjs1022/peclet/suite/dem/build_cuda/peclet/dem/_dem.cpython-312-x86_64-linux-gnu.so
=========     Host Frame: [0x3edcf]
=========                in /projects/0/prjs1022/peclet/suite/dem/build_cuda/peclet/dem/_dem.cpython-312-x86_64-linux-gnu.so
=========     Host Frame: [0x272d37]
=========                in /projects/0/prjs1022/peclet/suite/dem/build_cuda/peclet/dem/_dem.cpython-312-x86_64-linux-gnu.so
=========     Host Frame:PyObject_Vectorcall in Objects/call.c:325 [0x21ddbe]
=========                in /sw/arch/RHEL9/EB_production/2024/software/Python/3.12.3-GCCcore-13.3.0/lib/libpython3.12.so.1.0
=========     Host Frame:_PyEval_EvalFrameDefault.cold in Python/bytecodes.c:2706 [0x113de0]
=========                in /sw/arch/RHEL9/EB_production/2024/software/Python/3.12.3-GCCcore-13.3.0/lib/libpython3.12.so.1.0
=========     Host Frame:PyEval_EvalCode in Python/ceval.c:578 [0x2bf028]
=========                in /sw/arch/RHEL9/EB_production/2024/software/Python/3.12.3-GCCcore-13.3.0/lib/libpython3.12.so.1.0
=========     Host Frame:run_eval_code_obj in Python/pythonrun.c:1722 [0x2e1c56]
=========                in /sw/arch/RHEL9/EB_production/2024/software/Python/3.12.3-GCCcore-13.3.0/lib/libpython3.12.so.1.0
=========     Host Frame:run_mod in Python/pythonrun.c:1743 [0x2dcdea]
=========                in /sw/arch/RHEL9/EB_production/2024/software/Python/3.12.3-GCCcore-13.3.0/lib/libpython3.12.so.1.0
=========     Host Frame:pyrun_file in Python/pythonrun.c:1643 [0x2f5c70]
=========                in /sw/arch/RHEL9/EB_production/2024/software/Python/3.12.3-GCCcore-13.3.0/lib/libpython3.12.so.1.0
=========     Host Frame:_PyRun_SimpleFileObject in Python/pythonrun.c:433 [0x2f455a]
=========                in /sw/arch/RHEL9/EB_production/2024/software/Python/3.12.3-GCCcore-13.3.0/lib/libpython3.12.so.1.0
=========     Host Frame:_PyRun_AnyFileObject in Python/pythonrun.c:78 [0x2f4303]
=========                in /sw/arch/RHEL9/EB_production/2024/software/Python/3.12.3-GCCcore-13.3.0/lib/libpython3.12.so.1.0
=========     Host Frame:Py_RunMain in Modules/main.c:709 [0x2ed846]
=========                in /sw/arch/RHEL9/EB_production/2024/software/Python/3.12.3-GCCcore-13.3.0/lib/libpython3.12.so.1.0
=========     Host Frame:Py_BytesMain in Modules/main.c:763 [0x2a81f6]
=========                in /sw/arch/RHEL9/EB_production/2024/software/Python/3.12.3-GCCcore-13.3.0/lib/libpython3.12.so.1.0
=========     Host Frame:__libc_start_call_main [0x2a60f]
=========                in /lib64/libc.so.6
=========     Host Frame:__libc_start_main [0x2a6bf]
=========                in /lib64/libc.so.6
=========     Host Frame:_start [0x1064]
=========                in /gpfs/work4/0/prjs1022/peclet/suite/flow/.venv/bin/python
========= 
========= Invalid __global__ write of size 1 bytes
=========     at void Kokkos::Impl::cuda_parallel_launch_local_memory<Kokkos::Impl::ParallelFor<peclet::dem::generateGhostsKokkos(int, int, peclet::dem::Domain, float, Kokkos::View<float *[3], Kokkos::CudaSpace>, Kokkos::View<float *, Kokkos::CudaSpace>, Kokkos::View<float *[3], Kokkos::CudaSpace>, Kokkos::View<float *[3], Kokkos::CudaSpace>, Kokkos::View<float *[3], Kokkos::CudaSpace>, Kokkos::View<float *[4], Kokkos::CudaSpace>, Kokkos::View<float *[4], Kokkos::CudaSpace>, Kokkos::View<float *[3], Kokkos::CudaSpace>, Kokkos::View<float *[3], Kokkos::CudaSpace>, Kokkos::View<float *, Kokkos::CudaSpace>, Kokkos::View<int *, Kokkos::CudaSpace>, Kokkos::View<int *, Kokkos::CudaSpace>, Kokkos::View<int, Kokkos::CudaSpace>, Kokkos::View<int *, Kokkos::CudaSpace>, Kokkos::View<unsigned char *, Kokkos::CudaSpace>)::[lambda(int) (instance 1)], Kokkos::RangePolicy<Kokkos::Cuda>, Kokkos::Cuda>>(T1)+0x17f0
=========     by thread (0,125,0) in block (21,0,0)
=========     Address 0x14f0b91fd3d4 is out of bounds
=========     and is 13 bytes after the nearest allocation at 0x14f0b91fc400 of size 4040 bytes
=========     Saved host backtrace up to driver entry point at kernel launch time
=========     Host Frame:cuLaunchKernel [0x368d1a]
=========                in /lib64/libcuda.so.1
=========     Host Frame: [0x15aa7]
=========                in /sw/arch/RHEL9/EB_production/2024/software/CUDA/12.6.0/lib/libcudart.so.12
=========     Host Frame:cudaLaunchKernel [0x759f0]
=========                in /sw/arch/RHEL9/EB_production/2024/software/CUDA/12.6.0/lib/libcudart.so.12
=========     Host Frame: [0x147878]
=========                in /projects/0/prjs1022/peclet/suite/dem/build_cuda/peclet/dem/_dem.cpython-312-x86_64-linux-gnu.so
=========     Host Frame: [0x266125]
=========                in /projects/0/prjs1022/peclet/suite/dem/build_cuda/peclet/dem/_dem.cpython-312-x86_64-linux-gnu.so
=========     Host Frame: [0x3edcf]
=========                in /projects/0/prjs1022/peclet/suite/dem/build_cuda/peclet/dem/_dem.cpython-312-x86_64-linux-gnu.so
=========     Host Frame: [0x272d37]
=========                in /projects/0/prjs1022/peclet/suite/dem/build_cuda/peclet/dem/_dem.cpython-312-x86_64-linux-gnu.so
=========     Host Frame:PyObject_Vectorcall in Objects/call.c:325 [0x21ddbe]
=========                in /sw/arch/RHEL9/EB_production/2024/software/Python/3.12.3-GCCcore-13.3.0/lib/libpython3.12.so.1.0
=========     Host Frame:_PyEval_EvalFrameDefault.cold in Python/bytecodes.c:2706 [0x113de0]
=========                in /sw/arch/RHEL9/EB_production/2024/software/Python/3.12.3-GCCcore-13.3.0/lib/libpython3.12.so.1.0
=========     Host Frame:PyEval_EvalCode in Python/ceval.c:578 [0x2bf028]
=========                in /sw/arch/RHEL9/EB_production/2024/software/Python/3.12.3-GCCcore-13.3.0/lib/libpython3.12.so.1.0
=========     Host Frame:run_eval_code_obj in Python/pythonrun.c:1722 [0x2e1c56]
=========                in /sw/arch/RHEL9/EB_production/2024/software/Python/3.12.3-GCCcore-13.3.0/lib/libpython3.12.so.1.0
=========     Host Frame:run_mod in Python/pythonrun.c:1743 [0x2dcdea]
=========                in /sw/arch/RHEL9/EB_production/2024/software/Python/3.12.3-GCCcore-13.3.0/lib/libpython3.12.so.1.0
=========     Host Frame:pyrun_file in Python/pythonrun.c:1643 [0x2f5c70]
=========                in /sw/arch/RHEL9/EB_production/2024/software/Python/3.12.3-GCCcore-13.3.0/lib/libpython3.12.so.1.0
=========     Host Frame:_PyRun_SimpleFileObject in Python/pythonrun.c:433 [0x2f455a]
=========                in /sw/arch/RHEL9/EB_production/2024/software/Python/3.12.3-GCCcore-13.3.0/lib/libpython3.12.so.1.0
=========     Host Frame:_PyRun_AnyFileObject in Python/pythonrun.c:78 [0x2f4303]
=========                in /sw/arch/RHEL9/EB_production/2024/software/Python/3.12.3-GCCcore-13.3.0/lib/libpython3.12.so.1.0
=========     Host Frame:Py_RunMain in Modules/main.c:709 [0x2ed846]
=========                in /sw/arch/RHEL9/EB_production/2024/software/Python/3.12.3-GCCcore-13.3.0/lib/libpython3.12.so.1.0
=========     Host Frame:Py_BytesMain in Modules/main.c:763 [0x2a81f6]
=========                in /sw/arch/RHEL9/EB_production/2024/software/Python/3.12.3-GCCcore-13.3.0/lib/libpython3.12.so.1.0
=========     Host Frame:__libc_start_call_main [0x2a60f]
=========                in /lib64/libc.so.6
=========     Host Frame:__libc_start_main [0x2a6bf]
=========                in /lib64/libc.so.6
=========     Host Frame:_start [0x1064]
=========                in /gpfs/work4/0/prjs1022/peclet/suite/flow/.venv/bin/python
========= 
========= Invalid __global__ write of size 1 bytes
=========     at void Kokkos::Impl::cuda_parallel_launch_local_memory<Kokkos::Impl::ParallelFor<peclet::dem::generateGhostsKokkos(int, int, peclet::dem::Domain, float, Kokkos::View<float *[3], Kokkos::CudaSpace>, Kokkos::View<float *, Kokkos::CudaSpace>, Kokkos::View<float *[3], Kokkos::CudaSpace>, Kokkos::View<float *[3], Kokkos::CudaSpace>, Kokkos::View<float *[3], Kokkos::CudaSpace>, Kokkos::View<float *[4], Kokkos::CudaSpace>, Kokkos::View<float *[4], Kokkos::CudaSpace>, Kokkos::View<float *[3], Kokkos::CudaSpace>, Kokkos::View<float *[3], Kokkos::CudaSpace>, Kokkos::View<float *, Kokkos::CudaSpace>, Kokkos::View<int *, Kokkos::CudaSpace>, Kokkos::View<int *, Kokkos::CudaSpace>, Kokkos::View<int, Kokkos::CudaSpace>, Kokkos::View<int *, Kokkos::CudaSpace>, Kokkos::View<unsigned char *, Kokkos::CudaSpace>)::[lambda(int) (instance 1)], Kokkos::RangePolicy<Kokkos::Cuda>, Kokkos::Cuda>>(T1)+0x17f0
=========     by thread (0,60,0) in block (24,0,0)
=========     Address 0x14f0b91fd3d7 is out of bounds
=========     and is 16 bytes after the nearest allocation at 0x14f0b91fc400 of size 4040 bytes
=========     Saved host backtrace up to driver entry point at kernel launch time
=========     Host Frame:cuLaunchKernel [0x368d1a]
=========                in /lib64/libcuda.so.1
=========     Host Frame: [0x15aa7]
=========                in /sw/arch/RHEL9/EB_production/2024/software/CUDA/12.6.0/lib/libcudart.so.12
=========     Host Frame:cudaLaunchKernel [0x759f0]
=========                in /sw/arch/RHEL9/EB_production/2024/software/CUDA/12.6.0/lib/libcudart.so.12
=========     Host Frame: [0x147878]
=========                in /projects/0/prjs1022/peclet/suite/dem/build_cuda/peclet/dem/_dem.cpython-312-x86_64-linux-gnu.so
=========     Host Frame: [0x266125]
=========                in /projects/0/prjs1022/peclet/suite/dem/build_cuda/peclet/dem/_dem.cpython-312-x86_64-linux-gnu.so
=========     Host Frame: [0x3edcf]
=========                in /projects/0/prjs1022/peclet/suite/dem/build_cuda/peclet/dem/_dem.cpython-312-x86_64-linux-gnu.so
=========     Host Frame: [0x272d37]
=========                in /projects/0/prjs1022/peclet/suite/dem/build_cuda/peclet/dem/_dem.cpython-312-x86_64-linux-gnu.so
=========     Host Frame:PyObject_Vectorcall in Objects/call.c:325 [0x21ddbe]
=========                in /sw/arch/RHEL9/EB_production/2024/software/Python/3.12.3-GCCcore-13.3.0/lib/libpython3.12.so.1.0
=========     Host Frame:_PyEval_EvalFrameDefault.cold in Python/bytecodes.c:2706 [0x113de0]
=========                in /sw/arch/RHEL9/EB_production/2024/software/Python/3.12.3-GCCcore-13.3.0/lib/libpython3.12.so.1.0
=========     Host Frame:PyEval_EvalCode in Python/ceval.c:578 [0x2bf028]
=========                in /sw/arch/RHEL9/EB_production/2024/software/Python/3.12.3-GCCcore-13.3.0/lib/libpython3.12.so.1.0
=========     Host Frame:run_eval_code_obj in Python/pythonrun.c:1722 [0x2e1c56]
=========                in /sw/arch/RHEL9/EB_production/2024/software/Python/3.12.3-GCCcore-13.3.0/lib/libpython3.12.so.1.0
=========     Host Frame:run_mod in Python/pythonrun.c:1743 [0x2dcdea]
=========                in /sw/arch/RHEL9/EB_production/2024/software/Python/3.12.3-GCCcore-13.3.0/lib/libpython3.12.so.1.0
=========     Host Frame:pyrun_file in Python/pythonrun.c:1643 [0x2f5c70]
=========                in /sw/arch/RHEL9/EB_production/2024/software/Python/3.12.3-GCCcore-13.3.0/lib/libpython3.12.so.1.0
=========     Host Frame:_PyRun_SimpleFileObject in Python/pythonrun.c:433 [0x2f455a]
=========                in /sw/arch/RHEL9/EB_production/2024/software/Python/3.12.3-GCCcore-13.3.0/lib/libpython3.12.so.1.0
=========     Host Frame:_PyRun_AnyFileObject in Python/pythonrun.c:78 [0x2f4303]
=========                in /sw/arch/RHEL9/EB_production/2024/software/Python/3.12.3-GCCcore-13.3.0/lib/libpython3.12.so.1.0
=========     Host Frame:Py_RunMain in Modules/main.c:709 [0x2ed846]
=========                in /sw/arch/RHEL9/EB_production/2024/software/Python/3.12.3-GCCcore-13.3.0/lib/libpython3.12.so.1.0
=========     Host Frame:Py_BytesMain in Modules/main.c:763 [0x2a81f6]
=========                in /sw/arch/RHEL9/EB_production/2024/software/Python/3.12.3-GCCcore-13.3.0/lib/libpython3.12.so.1.0
=========     Host Frame:__libc_start_call_main [0x2a60f]
=========                in /lib64/libc.so.6
=========     Host Frame:__libc_start_main [0x2a6bf]
=========                in /lib64/libc.so.6
=========     Host Frame:_start [0x1064]
=========                in /gpfs/work4/0/prjs1022/peclet/suite/flow/.venv/bin/python
========= 
========= Invalid __global__ write of size 1 bytes
=========     at void Kokkos::Impl::cuda_parallel_launch_local_memory<Kokkos::Impl::ParallelFor<peclet::dem::generateGhostsKokkos(int, int, peclet::dem::Domain, float, Kokkos::View<float *[3], Kokkos::CudaSpace>, Kokkos::View<float *, Kokkos::CudaSpace>, Kokkos::View<float *[3], Kokkos::CudaSpace>, Kokkos::View<float *[3], Kokkos::CudaSpace>, Kokkos::View<float *[3], Kokkos::CudaSpace>, Kokkos::View<float *[4], Kokkos::CudaSpace>, Kokkos::View<float *[4], Kokkos::CudaSpace>, Kokkos::View<float *[3], Kokkos::CudaSpace>, Kokkos::View<float *[3], Kokkos::CudaSpace>, Kokkos::View<float *, Kokkos::CudaSpace>, Kokkos::View<int *, Kokkos::CudaSpace>, Kokkos::View<int *, Kokkos::CudaSpace>, Kokkos::View<int, Kokkos::CudaSpace>, Kokkos::View<int *, Kokkos::CudaSpace>, Kokkos::View<unsigned char *, Kokkos::CudaSpace>)::[lambda(int) (instance 1)], Kokkos::RangePolicy<Kokkos::Cuda>, Kokkos::Cuda>>(T1)+0x17f0
=========     by thread (0,67,0) in block (24,0,0)
=========     Address 0x14f0b91fd3d8 is out of bounds
=========     and is 17 bytes after the nearest allocation at 0x14f0b91fc400 of size 4040 bytes
=========     Saved host backtrace up to driver entry point at kernel launch time
=========     Host Frame:cuLaunchKernel [0x368d1a]
=========                in /lib64/libcuda.so.1
=========     Host Frame: [0x15aa7]
=========                in /sw/arch/RHEL9/EB_production/2024/software/CUDA/12.6.0/lib/libcudart.so.12
=========     Host Frame:cudaLaunchKernel [0x759f0]
=========                in /sw/arch/RHEL9/EB_production/2024/software/CUDA/12.6.0/lib/libcudart.so.12
=========     Host Frame: [0x147878]
=========                in /projects/0/prjs1022/peclet/suite/dem/build_cuda/peclet/dem/_dem.cpython-312-x86_64-linux-gnu.so
=========     Host Frame: [0x266125]
=========                in /projects/0/prjs1022/peclet/suite/dem/build_cuda/peclet/dem/_dem.cpython-312-x86_64-linux-gnu.so
=========     Host Frame: [0x3edcf]
=========                in /projects/0/prjs1022/peclet/suite/dem/build_cuda/peclet/dem/_dem.cpython-312-x86_64-linux-gnu.so
=========     Host Frame: [0x272d37]
=========                in /projects/0/prjs1022/peclet/suite/dem/build_cuda/peclet/dem/_dem.cpython-312-x86_64-linux-gnu.so
=========     Host Frame:PyObject_Vectorcall in Objects/call.c:325 [0x21ddbe]
=========                in /sw/arch/RHEL9/EB_production/2024/software/Python/3.12.3-GCCcore-13.3.0/lib/libpython3.12.so.1.0
=========     Host Frame:_PyEval_EvalFrameDefault.cold in Python/bytecodes.c:2706 [0x113de0]
=========                in /sw/arch/RHEL9/EB_production/2024/software/Python/3.12.3-GCCcore-13.3.0/lib/libpython3.12.so.1.0
=========     Host Frame:PyEval_EvalCode in Python/ceval.c:578 [0x2bf028]
=========                in /sw/arch/RHEL9/EB_production/2024/software/Python/3.12.3-GCCcore-13.3.0/lib/libpython3.12.so.1.0
=========     Host Frame:run_eval_code_obj in Python/pythonrun.c:1722 [0x2e1c56]
=========                in /sw/arch/RHEL9/EB_production/2024/software/Python/3.12.3-GCCcore-13.3.0/lib/libpython3.12.so.1.0
=========     Host Frame:run_mod in Python/pythonrun.c:1743 [0x2dcdea]
=========                in /sw/arch/RHEL9/EB_production/2024/software/Python/3.12.3-GCCcore-13.3.0/lib/libpython3.12.so.1.0
=========     Host Frame:pyrun_file in Python/pythonrun.c:1643 [0x2f5c70]
=========                in /sw/arch/RHEL9/EB_production/2024/software/Python/3.12.3-GCCcore-13.3.0/lib/libpython3.12.so.1.0
=========     Host Frame:_PyRun_SimpleFileObject in Python/pythonrun.c:433 [0x2f455a]
=========                in /sw/arch/RHEL9/EB_production/2024/software/Python/3.12.3-GCCcore-13.3.0/lib/libpython3.12.so.1.0
=========     Host Frame:_PyRun_AnyFileObject in Python/pythonrun.c:78 [0x2f4303]
=========                in /sw/arch/RHEL9/EB_production/2024/software/Python/3.12.3-GCCcore-13.3.0/lib/libpython3.12.so.1.0
=========     Host Frame:Py_RunMain in Modules/main.c:709 [0x2ed846]
=========                in /sw/arch/RHEL9/EB_production/2024/software/Python/3.12.3-GCCcore-13.3.0/lib/libpython3.12.so.1.0
=========     Host Frame:Py_BytesMain in Modules/main.c:763 [0x2a81f6]
=========                in /sw/arch/RHEL9/EB_production/2024/software/Python/3.12.3-GCCcore-13.3.0/lib/libpython3.12.so.1.0
=========     Host Frame:__libc_start_call_main [0x2a60f]
=========                in /lib64/libc.so.6
=========     Host Frame:__libc_start_main [0x2a6bf]
=========                in /lib64/libc.so.6
=========     Host Frame:_start [0x1064]
=========                in /gpfs/work4/0/prjs1022/peclet/suite/flow/.venv/bin/python
========= 
========= Invalid __global__ write of size 1 bytes
=========     at void Kokkos::Impl::cuda_parallel_launch_local_memory<Kokkos::Impl::ParallelFor<peclet::dem::generateGhostsKokkos(int, int, peclet::dem::Domain, float, Kokkos::View<float *[3], Kokkos::CudaSpace>, Kokkos::View<float *, Kokkos::CudaSpace>, Kokkos::View<float *[3], Kokkos::CudaSpace>, Kokkos::View<float *[3], Kokkos::CudaSpace>, Kokkos::View<float *[3], Kokkos::CudaSpace>, Kokkos::View<float *[4], Kokkos::CudaSpace>, Kokkos::View<float *[4], Kokkos::CudaSpace>, Kokkos::View<float *[3], Kokkos::CudaSpace>, Kokkos::View<float *[3], Kokkos::CudaSpace>, Kokkos::View<float *, Kokkos::CudaSpace>, Kokkos::View<int *, Kokkos::CudaSpace>, Kokkos::View<int *, Kokkos::CudaSpace>, Kokkos::View<int, Kokkos::CudaSpace>, Kokkos::View<int *, Kokkos::CudaSpace>, Kokkos::View<unsigned char *, Kokkos::CudaSpace>)::[lambda(int) (instance 1)], Kokkos::RangePolicy<Kokkos::Cuda>, Kokkos::Cuda>>(T1)+0x17f0
=========     by thread (0,23,0) in block (10,0,0)
=========     Address 0x14f0b91fd3db is out of bounds
=========     and is 20 bytes after the nearest allocation at 0x14f0b91fc400 of size 4040 bytes
=========     Saved host backtrace up to driver entry point at kernel launch time
=========     Host Frame:cuLaunchKernel [0x368d1a]
=========                in /lib64/libcuda.so.1
=========     Host Frame: [0x15aa7]
=========                in /sw/arch/RHEL9/EB_production/2024/software/CUDA/12.6.0/lib/libcudart.so.12
=========     Host Frame:cudaLaunchKernel [0x759f0]
=========                in /sw/arch/RHEL9/EB_production/2024/software/CUDA/12.6.0/lib/libcudart.so.12
=========     Host Frame: [0x147878]
=========                in /projects/0/prjs1022/peclet/suite/dem/build_cuda/peclet/dem/_dem.cpython-312-x86_64-linux-gnu.so
=========     Host Frame: [0x266125]
=========                in /projects/0/prjs1022/peclet/suite/dem/build_cuda/peclet/dem/_dem.cpython-312-x86_64-linux-gnu.so
=========     Host Frame: [0x3edcf]
=========                in /projects/0/prjs1022/peclet/suite/dem/build_cuda/peclet/dem/_dem.cpython-312-x86_64-linux-gnu.so
=========     Host Frame: [0x272d37]
=========                in /projects/0/prjs1022/peclet/suite/dem/build_cuda/peclet/dem/_dem.cpython-312-x86_64-linux-gnu.so
=========     Host Frame:PyObject_Vectorcall in Objects/call.c:325 [0x21ddbe]
=========                in /sw/arch/RHEL9/EB_production/2024/software/Python/3.12.3-GCCcore-13.3.0/lib/libpython3.12.so.1.0
=========     Host Frame:_PyEval_EvalFrameDefault.cold in Python/bytecodes.c:2706 [0x113de0]
=========                in /sw/arch/RHEL9/EB_production/2024/software/Python/3.12.3-GCCcore-13.3.0/lib/libpython3.12.so.1.0
=========     Host Frame:PyEval_EvalCode in Python/ceval.c:578 [0x2bf028]
=========                in /sw/arch/RHEL9/EB_production/2024/software/Python/3.12.3-GCCcore-13.3.0/lib/libpython3.12.so.1.0
=========     Host Frame:run_eval_code_obj in Python/pythonrun.c:1722 [0x2e1c56]
=========                in /sw/arch/RHEL9/EB_production/2024/software/Python/3.12.3-GCCcore-13.3.0/lib/libpython3.12.so.1.0
=========     Host Frame:run_mod in Python/pythonrun.c:1743 [0x2dcdea]
=========                in /sw/arch/RHEL9/EB_production/2024/software/Python/3.12.3-GCCcore-13.3.0/lib/libpython3.12.so.1.0
=========     Host Frame:pyrun_file in Python/pythonrun.c:1643 [0x2f5c70]
=========                in /sw/arch/RHEL9/EB_production/2024/software/Python/3.12.3-GCCcore-13.3.0/lib/libpython3.12.so.1.0
=========     Host Frame:_PyRun_SimpleFileObject in Python/pythonrun.c:433 [0x2f455a]
=========                in /sw/arch/RHEL9/EB_production/2024/software/Python/3.12.3-GCCcore-13.3.0/lib/libpython3.12.so.1.0
=========     Host Frame:_PyRun_AnyFileObject in Python/pythonrun.c:78 [0x2f4303]
=========                in /sw/arch/RHEL9/EB_production/2024/software/Python/3.12.3-GCCcore-13.3.0/lib/libpython3.12.so.1.0
=========     Host Frame:Py_RunMain in Modules/main.c:709 [0x2ed846]
=========                in /sw/arch/RHEL9/EB_production/2024/software/Python/3.12.3-GCCcore-13.3.0/lib/libpython3.12.so.1.0
=========     Host Frame:Py_BytesMain in Modules/main.c:763 [0x2a81f6]
=========                in /sw/arch/RHEL9/EB_production/2024/software/Python/3.12.3-GCCcore-13.3.0/lib/libpython3.12.so.1.0
=========     Host Frame:__libc_start_call_main [0x2a60f]
=========                in /lib64/libc.so.6
=========     Host Frame:__libc_start_main [0x2a6bf]
=========                in /lib64/libc.so.6
=========     Host Frame:_start [0x1064]
=========                in /gpfs/work4/0/prjs1022/peclet/suite/flow/.venv/bin/python
========= 
========= Invalid __global__ write of size 1 bytes
=========     at void Kokkos::Impl::cuda_parallel_launch_local_memory<Kokkos::Impl::ParallelFor<peclet::dem::generateGhostsKokkos(int, int, peclet::dem::Domain, float, Kokkos::View<float *[3], Kokkos::CudaSpace>, Kokkos::View<float *, Kokkos::CudaSpace>, Kokkos::View<float *[3], Kokkos::CudaSpace>, Kokkos::View<float *[3], Kokkos::CudaSpace>, Kokkos::View<float *[3], Kokkos::CudaSpace>, Kokkos::View<float *[4], Kokkos::CudaSpace>, Kokkos::View<float *[4], Kokkos::CudaSpace>, Kokkos::View<float *[3], Kokkos::CudaSpace>, Kokkos::View<float *[3], Kokkos::CudaSpace>, Kokkos::View<float *, Kokkos::CudaSpace>, Kokkos::View<int *, Kokkos::CudaSpace>, Kokkos::View<int *, Kokkos::CudaSpace>, Kokkos::View<int, Kokkos::CudaSpace>, Kokkos::View<int *, Kokkos::CudaSpace>, Kokkos::View<unsigned char *, Kokkos::CudaSpace>)::[lambda(int) (instance 1)], Kokkos::RangePolicy<Kokkos::Cuda>, Kokkos::Cuda>>(T1)+0x17f0
=========     by thread (0,58,0) in block (10,0,0)
=========     Address 0x14f0b91fd3dc is out of bounds
=========     and is 21 bytes after the nearest allocation at 0x14f0b91fc400 of size 4040 bytes
=========     Saved host backtrace up to driver entry point at kernel launch time
=========     Host Frame:cuLaunchKernel [0x368d1a]
=========                in /lib64/libcuda.so.1
=========     Host Frame: [0x15aa7]
=========                in /sw/arch/RHEL9/EB_production/2024/software/CUDA/12.6.0/lib/libcudart.so.12
=========     Host Frame:cudaLaunchKernel [0x759f0]
=========                in /sw/arch/RHEL9/EB_production/2024/software/CUDA/12.6.0/lib/libcudart.so.12
=========     Host Frame: [0x147878]
=========                in /projects/0/prjs1022/peclet/suite/dem/build_cuda/peclet/dem/_dem.cpython-312-x86_64-linux-gnu.so
=========     Host Frame: [0x266125]
=========                in /projects/0/prjs1022/peclet/suite/dem/build_cuda/peclet/dem/_dem.cpython-312-x86_64-linux-gnu.so
=========     Host Frame: [0x3edcf]
=========                in /projects/0/prjs1022/peclet/suite/dem/build_cuda/peclet/dem/_dem.cpython-312-x86_64-linux-gnu.so
=========     Host Frame: [0x272d37]
=========                in /projects/0/prjs1022/peclet/suite/dem/build_cuda/peclet/dem/_dem.cpython-312-x86_64-linux-gnu.so
=========     Host Frame:PyObject_Vectorcall in Objects/call.c:325 [0x21ddbe]
=========                in /sw/arch/RHEL9/EB_production/2024/software/Python/3.12.3-GCCcore-13.3.0/lib/libpython3.12.so.1.0
=========     Host Frame:_PyEval_EvalFrameDefault.cold in Python/bytecodes.c:2706 [0x113de0]
=========                in /sw/arch/RHEL9/EB_production/2024/software/Python/3.12.3-GCCcore-13.3.0/lib/libpython3.12.so.1.0
=========     Host Frame:PyEval_EvalCode in Python/ceval.c:578 [0x2bf028]
=========                in /sw/arch/RHEL9/EB_production/2024/software/Python/3.12.3-GCCcore-13.3.0/lib/libpython3.12.so.1.0
=========     Host Frame:run_eval_code_obj in Python/pythonrun.c:1722 [0x2e1c56]
=========                in /sw/arch/RHEL9/EB_production/2024/software/Python/3.12.3-GCCcore-13.3.0/lib/libpython3.12.so.1.0
=========     Host Frame:run_mod in Python/pythonrun.c:1743 [0x2dcdea]
=========                in /sw/arch/RHEL9/EB_production/2024/software/Python/3.12.3-GCCcore-13.3.0/lib/libpython3.12.so.1.0
=========     Host Frame:pyrun_file in Python/pythonrun.c:1643 [0x2f5c70]
=========                in /sw/arch/RHEL9/EB_production/2024/software/Python/3.12.3-GCCcore-13.3.0/lib/libpython3.12.so.1.0
=========     Host Frame:_PyRun_SimpleFileObject in Python/pythonrun.c:433 [0x2f455a]
=========                in /sw/arch/RHEL9/EB_production/2024/software/Python/3.12.3-GCCcore-13.3.0/lib/libpython3.12.so.1.0
=========     Host Frame:_PyRun_AnyFileObject in Python/pythonrun.c:78 [0x2f4303]
=========                in /sw/arch/RHEL9/EB_production/2024/software/Python/3.12.3-GCCcore-13.3.0/lib/libpython3.12.so.1.0
=========     Host Frame:Py_RunMain in Modules/main.c:709 [0x2ed846]
=========                in /sw/arch/RHEL9/EB_production/2024/software/Python/3.12.3-GCCcore-13.3.0/lib/libpython3.12.so.1.0
=========     Host Frame:Py_BytesMain in Modules/main.c:763 [0x2a81f6]
=========                in /sw/arch/RHEL9/EB_production/2024/software/Python/3.12.3-GCCcore-13.3.0/lib/libpython3.12.so.1.0
=========     Host Frame:__libc_start_call_main [0x2a60f]
=========                in /lib64/libc.so.6
=========     Host Frame:__libc_start_main [0x2a6bf]
=========                in /lib64/libc.so.6
=========     Host Frame:_start [0x1064]
=========                in /gpfs/work4/0/prjs1022/peclet/suite/flow/.venv/bin/python
========= 
========= Invalid __global__ write of size 1 bytes
=========     at void Kokkos::Impl::cuda_parallel_launch_local_memory<Kokkos::Impl::ParallelFor<peclet::dem::generateGhostsKokkos(int, int, peclet::dem::Domain, float, Kokkos::View<float *[3], Kokkos::CudaSpace>, Kokkos::View<float *, Kokkos::CudaSpace>, Kokkos::View<float *[3], Kokkos::CudaSpace>, Kokkos::View<float *[3], Kokkos::CudaSpace>, Kokkos::View<float *[3], Kokkos::CudaSpace>, Kokkos::View<float *[4], Kokkos::CudaSpace>, Kokkos::View<float *[4], Kokkos::CudaSpace>, Kokkos::View<float *[3], Kokkos::CudaSpace>, Kokkos::View<float *[3], Kokkos::CudaSpace>, Kokkos::View<float *, Kokkos::CudaSpace>, Kokkos::View<int *, Kokkos::CudaSpace>, Kokkos::View<int *, Kokkos::CudaSpace>, Kokkos::View<int, Kokkos::CudaSpace>, Kokkos::View<int *, Kokkos::CudaSpace>, Kokkos::View<unsigned char *, Kokkos::CudaSpace>)::[lambda(int) (instance 1)], Kokkos::RangePolicy<Kokkos::Cuda>, Kokkos::Cuda>>(T1)+0x17f0
=========     by thread (0,95,0) in block (13,0,0)
=========     Address 0x14f0b91fd3d6 is out of bounds
=========     and is 15 bytes after the nearest allocation at 0x14f0b91fc400 of size 4040 bytes
=========     Saved host backtrace up to driver entry point at kernel launch time
=========     Host Frame:cuLaunchKernel [0x368d1a]
=========                in /lib64/libcuda.so.1
=========     Host Frame: [0x15aa7]
=========                in /sw/arch/RHEL9/EB_production/2024/software/CUDA/12.6.0/lib/libcudart.so.12
=========     Host Frame:cudaLaunchKernel [0x759f0]
=========                in /sw/arch/RHEL9/EB_production/2024/software/CUDA/12.6.0/lib/libcudart.so.12
=========     Host Frame: [0x147878]
=========                in /projects/0/prjs1022/peclet/suite/dem/build_cuda/peclet/dem/_dem.cpython-312-x86_64-linux-gnu.so
=========     Host Frame: [0x266125]
=========                in /projects/0/prjs1022/peclet/suite/dem/build_cuda/peclet/dem/_dem.cpython-312-x86_64-linux-gnu.so
=========     Host Frame: [0x3edcf]
=========                in /projects/0/prjs1022/peclet/suite/dem/build_cuda/peclet/dem/_dem.cpython-312-x86_64-linux-gnu.so
=========     Host Frame: [0x272d37]
=========                in /projects/0/prjs1022/peclet/suite/dem/build_cuda/peclet/dem/_dem.cpython-312-x86_64-linux-gnu.so
=========     Host Frame:PyObject_Vectorcall in Objects/call.c:325 [0x21ddbe]
=========                in /sw/arch/RHEL9/EB_production/2024/software/Python/3.12.3-GCCcore-13.3.0/lib/libpython3.12.so.1.0
=========     Host Frame:_PyEval_EvalFrameDefault.cold in Python/bytecodes.c:2706 [0x113de0]
=========                in /sw/arch/RHEL9/EB_production/2024/software/Python/3.12.3-GCCcore-13.3.0/lib/libpython3.12.so.1.0
=========     Host Frame:PyEval_EvalCode in Python/ceval.c:578 [0x2bf028]
=========                in /sw/arch/RHEL9/EB_production/2024/software/Python/3.12.3-GCCcore-13.3.0/lib/libpython3.12.so.1.0
=========     Host Frame:run_eval_code_obj in Python/pythonrun.c:1722 [0x2e1c56]
=========                in /sw/arch/RHEL9/EB_production/2024/software/Python/3.12.3-GCCcore-13.3.0/lib/libpython3.12.so.1.0
=========     Host Frame:run_mod in Python/pythonrun.c:1743 [0x2dcdea]
=========                in /sw/arch/RHEL9/EB_production/2024/software/Python/3.12.3-GCCcore-13.3.0/lib/libpython3.12.so.1.0
=========     Host Frame:pyrun_file in Python/pythonrun.c:1643 [0x2f5c70]
=========                in /sw/arch/RHEL9/EB_production/2024/software/Python/3.12.3-GCCcore-13.3.0/lib/libpython3.12.so.1.0
=========     Host Frame:_PyRun_SimpleFileObject in Python/pythonrun.c:433 [0x2f455a]
=========                in /sw/arch/RHEL9/EB_production/2024/software/Python/3.12.3-GCCcore-13.3.0/lib/libpython3.12.so.1.0
=========     Host Frame:_PyRun_AnyFileObject in Python/pythonrun.c:78 [0x2f4303]
=========                in /sw/arch/RHEL9/EB_production/2024/software/Python/3.12.3-GCCcore-13.3.0/lib/libpython3.12.so.1.0
=========     Host Frame:Py_RunMain in Modules/main.c:709 [0x2ed846]
=========                in /sw/arch/RHEL9/EB_production/2024/software/Python/3.12.3-GCCcore-13.3.0/lib/libpython3.12.so.1.0
=========     Host Frame:Py_BytesMain in Modules/main.c:763 [0x2a81f6]
=========                in /sw/arch/RHEL9/EB_production/2024/software/Python/3.12.3-GCCcore-13.3.0/lib/libpython3.12.so.1.0
=========     Host Frame:__libc_start_call_main [0x2a60f]
=========                in /lib64/libc.so.6
=========     Host Frame:__libc_start_main [0x2a6bf]
=========                in /lib64/libc.so.6
=========     Host Frame:_start [0x1064]
=========                in /gpfs/work4/0/prjs1022/peclet/suite/flow/.venv/bin/python
========= 
========= Invalid __global__ write of size 1 bytes
=========     at void Kokkos::Impl::cuda_parallel_launch_local_memory<Kokkos::Impl::ParallelFor<peclet::dem::generateGhostsKokkos(int, int, peclet::dem::Domain, float, Kokkos::View<float *[3], Kokkos::CudaSpace>, Kokkos::View<float *, Kokkos::CudaSpace>, Kokkos::View<float *[3], Kokkos::CudaSpace>, Kokkos::View<float *[3], Kokkos::CudaSpace>, Kokkos::View<float *[3], Kokkos::CudaSpace>, Kokkos::View<float *[4], Kokkos::CudaSpace>, Kokkos::View<float *[4], Kokkos::CudaSpace>, Kokkos::View<float *[3], Kokkos::CudaSpace>, Kokkos::View<float *[3], Kokkos::CudaSpace>, Kokkos::View<float *, Kokkos::CudaSpace>, Kokkos::View<int *, Kokkos::CudaSpace>, Kokkos::View<int *, Kokkos::CudaSpace>, Kokkos::View<int, Kokkos::CudaSpace>, Kokkos::View<int *, Kokkos::CudaSpace>, Kokkos::View<unsigned char *, Kokkos::CudaSpace>)::[lambda(int) (instance 1)], Kokkos::RangePolicy<Kokkos::Cuda>, Kokkos::Cuda>>(T1)+0x17f0
=========     by thread (0,52,0) in block (19,0,0)
=========     Address 0x14f0b91fd3cf is out of bounds
=========     and is 8 bytes after the nearest allocation at 0x14f0b91fc400 of size 4040 bytes
=========     Saved host backtrace up to driver entry point at kernel launch time
=========     Host Frame:cuLaunchKernel [0x368d1a]
=========                in /lib64/libcuda.so.1
=========     Host Frame: [0x15aa7]
=========                in /sw/arch/RHEL9/EB_production/2024/software/CUDA/12.6.0/lib/libcudart.so.12
=========     Host Frame:cudaLaunchKernel [0x759f0]
=========                in /sw/arch/RHEL9/EB_production/2024/software/CUDA/12.6.0/lib/libcudart.so.12
=========     Host Frame: [0x147878]
=========                in /projects/0/prjs1022/peclet/suite/dem/build_cuda/peclet/dem/_dem.cpython-312-x86_64-linux-gnu.so
=========     Host Frame: [0x266125]
=========                in /projects/0/prjs1022/peclet/suite/dem/build_cuda/peclet/dem/_dem.cpython-312-x86_64-linux-gnu.so
=========     Host Frame: [0x3edcf]
=========                in /projects/0/prjs1022/peclet/suite/dem/build_cuda/peclet/dem/_dem.cpython-312-x86_64-linux-gnu.so
=========     Host Frame: [0x272d37]
=========                in /projects/0/prjs1022/peclet/suite/dem/build_cuda/peclet/dem/_dem.cpython-312-x86_64-linux-gnu.so
=========     Host Frame:PyObject_Vectorcall in Objects/call.c:325 [0x21ddbe]
=========                in /sw/arch/RHEL9/EB_production/2024/software/Python/3.12.3-GCCcore-13.3.0/lib/libpython3.12.so.1.0
=========     Host Frame:_PyEval_EvalFrameDefault.cold in Python/bytecodes.c:2706 [0x113de0]
=========                in /sw/arch/RHEL9/EB_production/2024/software/Python/3.12.3-GCCcore-13.3.0/lib/libpython3.12.so.1.0
=========     Host Frame:PyEval_EvalCode in Python/ceval.c:578 [0x2bf028]
=========                in /sw/arch/RHEL9/EB_production/2024/software/Python/3.12.3-GCCcore-13.3.0/lib/libpython3.12.so.1.0
=========     Host Frame:run_eval_code_obj in Python/pythonrun.c:1722 [0x2e1c56]
=========                in /sw/arch/RHEL9/EB_production/2024/software/Python/3.12.3-GCCcore-13.3.0/lib/libpython3.12.so.1.0
=========     Host Frame:run_mod in Python/pythonrun.c:1743 [0x2dcdea]
=========                in /sw/arch/RHEL9/EB_production/2024/software/Python/3.12.3-GCCcore-13.3.0/lib/libpython3.12.so.1.0
=========     Host Frame:pyrun_file in Python/pythonrun.c:1643 [0x2f5c70]
=========                in /sw/arch/RHEL9/EB_production/2024/software/Python/3.12.3-GCCcore-13.3.0/lib/libpython3.12.so.1.0
=========     Host Frame:_PyRun_SimpleFileObject in Python/pythonrun.c:433 [0x2f455a]
=========                in /sw/arch/RHEL9/EB_production/2024/software/Python/3.12.3-GCCcore-13.3.0/lib/libpython3.12.so.1.0
=========     Host Frame:_PyRun_AnyFileObject in Python/pythonrun.c:78 [0x2f4303]
=========                in /sw/arch/RHEL9/EB_production/2024/software/Python/3.12.3-GCCcore-13.3.0/lib/libpython3.12.so.1.0
=========     Host Frame:Py_RunMain in Modules/main.c:709 [0x2ed846]
=========                in /sw/arch/RHEL9/EB_production/2024/software/Python/3.12.3-GCCcore-13.3.0/lib/libpython3.12.so.1.0
=========     Host Frame:Py_BytesMain in Modules/main.c:763 [0x2a81f6]
=========                in /sw/arch/RHEL9/EB_production/2024/software/Python/3.12.3-GCCcore-13.3.0/lib/libpython3.12.so.1.0
=========     Host Frame:__libc_start_call_main [0x2a60f]
=========                in /lib64/libc.so.6
=========     Host Frame:__libc_start_main [0x2a6bf]
=========                in /lib64/libc.so.6
=========     Host Frame:_start [0x1064]
=========                in /gpfs/work4/0/prjs1022/peclet/suite/flow/.venv/bin/python
========= 
========= Invalid __global__ write of size 1 bytes
=========     at void Kokkos::Impl::cuda_parallel_launch_local_memory<Kokkos::Impl::ParallelFor<peclet::dem::generateGhostsKokkos(int, int, peclet::dem::Domain, float, Kokkos::View<float *[3], Kokkos::CudaSpace>, Kokkos::View<float *, Kokkos::CudaSpace>, Kokkos::View<float *[3], Kokkos::CudaSpace>, Kokkos::View<float *[3], Kokkos::CudaSpace>, Kokkos::View<float *[3], Kokkos::CudaSpace>, Kokkos::View<float *[4], Kokkos::CudaSpace>, Kokkos::View<float *[4], Kokkos::CudaSpace>, Kokkos::View<float *[3], Kokkos::CudaSpace>, Kokkos::View<float *[3], Kokkos::CudaSpace>, Kokkos::View<float *, Kokkos::CudaSpace>, Kokkos::View<int *, Kokkos::CudaSpace>, Kokkos::View<int *, Kokkos::CudaSpace>, Kokkos::View<int, Kokkos::CudaSpace>, Kokkos::View<int *, Kokkos::CudaSpace>, Kokkos::View<unsigned char *, Kokkos::CudaSpace>)::[lambda(int) (instance 1)], Kokkos::RangePolicy<Kokkos::Cuda>, Kokkos::Cuda>>(T1)+0x17f0
=========     by thread (0,12,0) in block (4,0,0)
=========     Address 0x14f0b91fd3cb is out of bounds
=========     and is 4 bytes after the nearest allocation at 0x14f0b91fc400 of size 4040 bytes
=========     Saved host backtrace up to driver entry point at kernel launch time
=========     Host Frame:cuLaunchKernel [0x368d1a]
=========                in /lib64/libcuda.so.1
=========     Host Frame: [0x15aa7]
=========                in /sw/arch/RHEL9/EB_production/2024/software/CUDA/12.6.0/lib/libcudart.so.12
=========     Host Frame:cudaLaunchKernel [0x759f0]
=========                in /sw/arch/RHEL9/EB_production/2024/software/CUDA/12.6.0/lib/libcudart.so.12
=========     Host Frame: [0x147878]
=========                in /projects/0/prjs1022/peclet/suite/dem/build_cuda/peclet/dem/_dem.cpython-312-x86_64-linux-gnu.so
=========     Host Frame: [0x266125]
=========                in /projects/0/prjs1022/peclet/suite/dem/build_cuda/peclet/dem/_dem.cpython-312-x86_64-linux-gnu.so
=========     Host Frame: [0x3edcf]
=========                in /projects/0/prjs1022/peclet/suite/dem/build_cuda/peclet/dem/_dem.cpython-312-x86_64-linux-gnu.so
=========     Host Frame: [0x272d37]
=========                in /projects/0/prjs1022/peclet/suite/dem/build_cuda/peclet/dem/_dem.cpython-312-x86_64-linux-gnu.so
=========     Host Frame:PyObject_Vectorcall in Objects/call.c:325 [0x21ddbe]
=========                in /sw/arch/RHEL9/EB_production/2024/software/Python/3.12.3-GCCcore-13.3.0/lib/libpython3.12.so.1.0
=========     Host Frame:_PyEval_EvalFrameDefault.cold in Python/bytecodes.c:2706 [0x113de0]
=========                in /sw/arch/RHEL9/EB_production/2024/software/Python/3.12.3-GCCcore-13.3.0/lib/libpython3.12.so.1.0
=========     Host Frame:PyEval_EvalCode in Python/ceval.c:578 [0x2bf028]
=========                in /sw/arch/RHEL9/EB_production/2024/software/Python/3.12.3-GCCcore-13.3.0/lib/libpython3.12.so.1.0
=========     Host Frame:run_eval_code_obj in Python/pythonrun.c:1722 [0x2e1c56]
=========                in /sw/arch/RHEL9/EB_production/2024/software/Python/3.12.3-GCCcore-13.3.0/lib/libpython3.12.so.1.0
=========     Host Frame:run_mod in Python/pythonrun.c:1743 [0x2dcdea]
=========                in /sw/arch/RHEL9/EB_production/2024/software/Python/3.12.3-GCCcore-13.3.0/lib/libpython3.12.so.1.0
=========     Host Frame:pyrun_file in Python/pythonrun.c:1643 [0x2f5c70]
=========                in /sw/arch/RHEL9/EB_production/2024/software/Python/3.12.3-GCCcore-13.3.0/lib/libpython3.12.so.1.0
=========     Host Frame:_PyRun_SimpleFileObject in Python/pythonrun.c:433 [0x2f455a]
=========                in /sw/arch/RHEL9/EB_production/2024/software/Python/3.12.3-GCCcore-13.3.0/lib/libpython3.12.so.1.0
=========     Host Frame:_PyRun_AnyFileObject in Python/pythonrun.c:78 [0x2f4303]
=========                in /sw/arch/RHEL9/EB_production/2024/software/Python/3.12.3-GCCcore-13.3.0/lib/libpython3.12.so.1.0
=========     Host Frame:Py_RunMain in Modules/main.c:709 [0x2ed846]
=========                in /sw/arch/RHEL9/EB_production/2024/software/Python/3.12.3-GCCcore-13.3.0/lib/libpython3.12.so.1.0
=========     Host Frame:Py_BytesMain in Modules/main.c:763 [0x2a81f6]
=========                in /sw/arch/RHEL9/EB_production/2024/software/Python/3.12.3-GCCcore-13.3.0/lib/libpython3.12.so.1.0
=========     Host Frame:__libc_start_call_main [0x2a60f]
=========                in /lib64/libc.so.6
=========     Host Frame:__libc_start_main [0x2a6bf]
=========                in /lib64/libc.so.6
=========     Host Frame:_start [0x1064]
=========                in /gpfs/work4/0/prjs1022/peclet/suite/flow/.venv/bin/python
========= 
========= Invalid __global__ write of size 1 bytes
=========     at void Kokkos::Impl::cuda_parallel_launch_local_memory<Kokkos::Impl::ParallelFor<peclet::dem::generateGhostsKokkos(int, int, peclet::dem::Domain, float, Kokkos::View<float *[3], Kokkos::CudaSpace>, Kokkos::View<float *, Kokkos::CudaSpace>, Kokkos::View<float *[3], Kokkos::CudaSpace>, Kokkos::View<float *[3], Kokkos::CudaSpace>, Kokkos::View<float *[3], Kokkos::CudaSpace>, Kokkos::View<float *[4], Kokkos::CudaSpace>, Kokkos::View<float *[4], Kokkos::CudaSpace>, Kokkos::View<float *[3], Kokkos::CudaSpace>, Kokkos::View<float *[3], Kokkos::CudaSpace>, Kokkos::View<float *, Kokkos::CudaSpace>, Kokkos::View<int *, Kokkos::CudaSpace>, Kokkos::View<int *, Kokkos::CudaSpace>, Kokkos::View<int, Kokkos::CudaSpace>, Kokkos::View<int *, Kokkos::CudaSpace>, Kokkos::View<unsigned char *, Kokkos::CudaSpace>)::[lambda(int) (instance 1)], Kokkos::RangePolicy<Kokkos::Cuda>, Kokkos::Cuda>>(T1)+0x17f0
=========     by thread (0,100,0) in block (4,0,0)
=========     Address 0x14f0b91fd3dd is out of bounds
=========     and is 22 bytes after the nearest allocation at 0x14f0b91fc400 of size 4040 bytes
=========     Saved host backtrace up to driver entry point at kernel launch time
=========     Host Frame:cuLaunchKernel [0x368d1a]
=========                in /lib64/libcuda.so.1
=========     Host Frame: [0x15aa7]
=========                in /sw/arch/RHEL9/EB_production/2024/software/CUDA/12.6.0/lib/libcudart.so.12
=========     Host Frame:cudaLaunchKernel [0x759f0]
=========                in /sw/arch/RHEL9/EB_production/2024/software/CUDA/12.6.0/lib/libcudart.so.12
=========     Host Frame: [0x147878]
=========                in /projects/0/prjs1022/peclet/suite/dem/build_cuda/peclet/dem/_dem.cpython-312-x86_64-linux-gnu.so
=========     Host Frame: [0x266125]
=========                in /projects/0/prjs1022/peclet/suite/dem/build_cuda/peclet/dem/_dem.cpython-312-x86_64-linux-gnu.so
=========     Host Frame: [0x3edcf]
=========                in /projects/0/prjs1022/peclet/suite/dem/build_cuda/peclet/dem/_dem.cpython-312-x86_64-linux-gnu.so
=========     Host Frame: [0x272d37]
=========                in /projects/0/prjs1022/peclet/suite/dem/build_cuda/peclet/dem/_dem.cpython-312-x86_64-linux-gnu.so
=========     Host Frame:PyObject_Vectorcall in Objects/call.c:325 [0x21ddbe]
=========                in /sw/arch/RHEL9/EB_production/2024/software/Python/3.12.3-GCCcore-13.3.0/lib/libpython3.12.so.1.0
=========     Host Frame:_PyEval_EvalFrameDefault.cold in Python/bytecodes.c:2706 [0x113de0]
=========                in /sw/arch/RHEL9/EB_production/2024/software/Python/3.12.3-GCCcore-13.3.0/lib/libpython3.12.so.1.0
=========     Host Frame:PyEval_EvalCode in Python/ceval.c:578 [0x2bf028]
=========                in /sw/arch/RHEL9/EB_production/2024/software/Python/3.12.3-GCCcore-13.3.0/lib/libpython3.12.so.1.0
=========     Host Frame:run_eval_code_obj in Python/pythonrun.c:1722 [0x2e1c56]
=========                in /sw/arch/RHEL9/EB_production/2024/software/Python/3.12.3-GCCcore-13.3.0/lib/libpython3.12.so.1.0
=========     Host Frame:run_mod in Python/pythonrun.c:1743 [0x2dcdea]
=========                in /sw/arch/RHEL9/EB_production/2024/software/Python/3.12.3-GCCcore-13.3.0/lib/libpython3.12.so.1.0
=========     Host Frame:pyrun_file in Python/pythonrun.c:1643 [0x2f5c70]
=========                in /sw/arch/RHEL9/EB_production/2024/software/Python/3.12.3-GCCcore-13.3.0/lib/libpython3.12.so.1.0
=========     Host Frame:_PyRun_SimpleFileObject in Python/pythonrun.c:433 [0x2f455a]
=========                in /sw/arch/RHEL9/EB_production/2024/software/Python/3.12.3-GCCcore-13.3.0/lib/libpython3.12.so.1.0
=========     Host Frame:_PyRun_AnyFileObject in Python/pythonrun.c:78 [0x2f4303]
=========                in /sw/arch/RHEL9/EB_production/2024/software/Python/3.12.3-GCCcore-13.3.0/lib/libpython3.12.so.1.0
=========     Host Frame:Py_RunMain in Modules/main.c:709 [0x2ed846]
=========                in /sw/arch/RHEL9/EB_production/2024/software/Python/3.12.3-GCCcore-13.3.0/lib/libpython3.12.so.1.0
=========     Host Frame:Py_BytesMain in Modules/main.c:763 [0x2a81f6]
=========                in /sw/arch/RHEL9/EB_production/2024/software/Python/3.12.3-GCCcore-13.3.0/lib/libpython3.12.so.1.0
=========     Host Frame:__libc_start_call_main [0x2a60f]
=========                in /lib64/libc.so.6
=========     Host Frame:__libc_start_main [0x2a6bf]
=========                in /lib64/libc.so.6
=========     Host Frame:_start [0x1064]
=========                in /gpfs/work4/0/prjs1022/peclet/suite/flow/.venv/bin/python
========= 
========= Invalid __global__ write of size 1 bytes
=========     at void Kokkos::Impl::cuda_parallel_launch_local_memory<Kokkos::Impl::ParallelFor<peclet::dem::generateGhostsKokkos(int, int, peclet::dem::Domain, float, Kokkos::View<float *[3], Kokkos::CudaSpace>, Kokkos::View<float *, Kokkos::CudaSpace>, Kokkos::View<float *[3], Kokkos::CudaSpace>, Kokkos::View<float *[3], Kokkos::CudaSpace>, Kokkos::View<float *[3], Kokkos::CudaSpace>, Kokkos::View<float *[4], Kokkos::CudaSpace>, Kokkos::View<float *[4], Kokkos::CudaSpace>, Kokkos::View<float *[3], Kokkos::CudaSpace>, Kokkos::View<float *[3], Kokkos::CudaSpace>, Kokkos::View<float *, Kokkos::CudaSpace>, Kokkos::View<int *, Kokkos::CudaSpace>, Kokkos::View<int *, Kokkos::CudaSpace>, Kokkos::View<int, Kokkos::CudaSpace>, Kokkos::View<int *, Kokkos::CudaSpace>, Kokkos::View<unsigned char *, Kokkos::CudaSpace>)::[lambda(int) (instance 1)], Kokkos::RangePolicy<Kokkos::Cuda>, Kokkos::Cuda>>(T1)+0x17f0
=========     by thread (0,102,0) in block (4,0,0)
=========     Address 0x14f0b91fd3de is out of bounds
=========     and is 23 bytes after the nearest allocation at 0x14f0b91fc400 of size 4040 bytes
=========     Saved host backtrace up to driver entry point at kernel launch time
=========     Host Frame:cuLaunchKernel [0x368d1a]
=========                in /lib64/libcuda.so.1
=========     Host Frame: [0x15aa7]
=========                in /sw/arch/RHEL9/EB_production/2024/software/CUDA/12.6.0/lib/libcudart.so.12
=========     Host Frame:cudaLaunchKernel [0x759f0]
=========                in /sw/arch/RHEL9/EB_production/2024/software/CUDA/12.6.0/lib/libcudart.so.12
=========     Host Frame: [0x147878]
=========                in /projects/0/prjs1022/peclet/suite/dem/build_cuda/peclet/dem/_dem.cpython-312-x86_64-linux-gnu.so
=========     Host Frame: [0x266125]
=========                in /projects/0/prjs1022/peclet/suite/dem/build_cuda/peclet/dem/_dem.cpython-312-x86_64-linux-gnu.so
=========     Host Frame: [0x3edcf]
=========                in /projects/0/prjs1022/peclet/suite/dem/build_cuda/peclet/dem/_dem.cpython-312-x86_64-linux-gnu.so
=========     Host Frame: [0x272d37]
=========                in /projects/0/prjs1022/peclet/suite/dem/build_cuda/peclet/dem/_dem.cpython-312-x86_64-linux-gnu.so
=========     Host Frame:PyObject_Vectorcall in Objects/call.c:325 [0x21ddbe]
=========                in /sw/arch/RHEL9/EB_production/2024/software/Python/3.12.3-GCCcore-13.3.0/lib/libpython3.12.so.1.0
=========     Host Frame:_PyEval_EvalFrameDefault.cold in Python/bytecodes.c:2706 [0x113de0]
=========                in /sw/arch/RHEL9/EB_production/2024/software/Python/3.12.3-GCCcore-13.3.0/lib/libpython3.12.so.1.0
=========     Host Frame:PyEval_EvalCode in Python/ceval.c:578 [0x2bf028]
=========                in /sw/arch/RHEL9/EB_production/2024/software/Python/3.12.3-GCCcore-13.3.0/lib/libpython3.12.so.1.0
=========     Host Frame:run_eval_code_obj in Python/pythonrun.c:1722 [0x2e1c56]
=========                in /sw/arch/RHEL9/EB_production/2024/software/Python/3.12.3-GCCcore-13.3.0/lib/libpython3.12.so.1.0
=========     Host Frame:run_mod in Python/pythonrun.c:1743 [0x2dcdea]
=========                in /sw/arch/RHEL9/EB_production/2024/software/Python/3.12.3-GCCcore-13.3.0/lib/libpython3.12.so.1.0
=========     Host Frame:pyrun_file in Python/pythonrun.c:1643 [0x2f5c70]
=========                in /sw/arch/RHEL9/EB_production/2024/software/Python/3.12.3-GCCcore-13.3.0/lib/libpython3.12.so.1.0
=========     Host Frame:_PyRun_SimpleFileObject in Python/pythonrun.c:433 [0x2f455a]
=========                in /sw/arch/RHEL9/EB_production/2024/software/Python/3.12.3-GCCcore-13.3.0/lib/libpython3.12.so.1.0
=========     Host Frame:_PyRun_AnyFileObject in Python/pythonrun.c:78 [0x2f4303]
=========                in /sw/arch/RHEL9/EB_production/2024/software/Python/3.12.3-GCCcore-13.3.0/lib/libpython3.12.so.1.0
=========     Host Frame:Py_RunMain in Modules/main.c:709 [0x2ed846]
=========                in /sw/arch/RHEL9/EB_production/2024/software/Python/3.12.3-GCCcore-13.3.0/lib/libpython3.12.so.1.0
=========     Host Frame:Py_BytesMain in Modules/main.c:763 [0x2a81f6]
=========                in /sw/arch/RHEL9/EB_production/2024/software/Python/3.12.3-GCCcore-13.3.0/lib/libpython3.12.so.1.0
=========     Host Frame:__libc_start_call_main [0x2a60f]
=========                in /lib64/libc.so.6
=========     Host Frame:__libc_start_main [0x2a6bf]
=========                in /lib64/libc.so.6
=========     Host Frame:_start [0x1064]
=========                in /gpfs/work4/0/prjs1022/peclet/suite/flow/.venv/bin/python
========= 
========= Invalid __global__ write of size 1 bytes
=========     at void Kokkos::Impl::cuda_parallel_launch_local_memory<Kokkos::Impl::ParallelFor<peclet::dem::generateGhostsKokkos(int, int, peclet::dem::Domain, float, Kokkos::View<float *[3], Kokkos::CudaSpace>, Kokkos::View<float *, Kokkos::CudaSpace>, Kokkos::View<float *[3], Kokkos::CudaSpace>, Kokkos::View<float *[3], Kokkos::CudaSpace>, Kokkos::View<float *[3], Kokkos::CudaSpace>, Kokkos::View<float *[4], Kokkos::CudaSpace>, Kokkos::View<float *[4], Kokkos::CudaSpace>, Kokkos::View<float *[3], Kokkos::CudaSpace>, Kokkos::View<float *[3], Kokkos::CudaSpace>, Kokkos::View<float *, Kokkos::CudaSpace>, Kokkos::View<int *, Kokkos::CudaSpace>, Kokkos::View<int *, Kokkos::CudaSpace>, Kokkos::View<int, Kokkos::CudaSpace>, Kokkos::View<int *, Kokkos::CudaSpace>, Kokkos::View<unsigned char *, Kokkos::CudaSpace>)::[lambda(int) (instance 1)], Kokkos::RangePolicy<Kokkos::Cuda>, Kokkos::Cuda>>(T1)+0x17f0
=========     by thread (0,66,0) in block (5,0,0)
=========     Address 0x14f0b91fd3ce is out of bounds
=========     and is 7 bytes after the nearest allocation at 0x14f0b91fc400 of size 4040 bytes
=========     Saved host backtrace up to driver entry point at kernel launch time
=========     Host Frame:cuLaunchKernel [0x368d1a]
=========                in /lib64/libcuda.so.1
=========     Host Frame: [0x15aa7]
=========                in /sw/arch/RHEL9/EB_production/2024/software/CUDA/12.6.0/lib/libcudart.so.12
=========     Host Frame:cudaLaunchKernel [0x759f0]
=========                in /sw/arch/RHEL9/EB_production/2024/software/CUDA/12.6.0/lib/libcudart.so.12
=========     Host Frame: [0x147878]
=========                in /projects/0/prjs1022/peclet/suite/dem/build_cuda/peclet/dem/_dem.cpython-312-x86_64-linux-gnu.so
=========     Host Frame: [0x266125]
=========                in /projects/0/prjs1022/peclet/suite/dem/build_cuda/peclet/dem/_dem.cpython-312-x86_64-linux-gnu.so
=========     Host Frame: [0x3edcf]
=========                in /projects/0/prjs1022/peclet/suite/dem/build_cuda/peclet/dem/_dem.cpython-312-x86_64-linux-gnu.so
=========     Host Frame: [0x272d37]
=========                in /projects/0/prjs1022/peclet/suite/dem/build_cuda/peclet/dem/_dem.cpython-312-x86_64-linux-gnu.so
=========     Host Frame:PyObject_Vectorcall in Objects/call.c:325 [0x21ddbe]
=========                in /sw/arch/RHEL9/EB_production/2024/software/Python/3.12.3-GCCcore-13.3.0/lib/libpython3.12.so.1.0
=========     Host Frame:_PyEval_EvalFrameDefault.cold in Python/bytecodes.c:2706 [0x113de0]
=========                in /sw/arch/RHEL9/EB_production/2024/software/Python/3.12.3-GCCcore-13.3.0/lib/libpython3.12.so.1.0
=========     Host Frame:PyEval_EvalCode in Python/ceval.c:578 [0x2bf028]
=========                in /sw/arch/RHEL9/EB_production/2024/software/Python/3.12.3-GCCcore-13.3.0/lib/libpython3.12.so.1.0
=========     Host Frame:run_eval_code_obj in Python/pythonrun.c:1722 [0x2e1c56]
=========                in /sw/arch/RHEL9/EB_production/2024/software/Python/3.12.3-GCCcore-13.3.0/lib/libpython3.12.so.1.0
=========     Host Frame:run_mod in Python/pythonrun.c:1743 [0x2dcdea]
=========                in /sw/arch/RHEL9/EB_production/2024/software/Python/3.12.3-GCCcore-13.3.0/lib/libpython3.12.so.1.0
=========     Host Frame:pyrun_file in Python/pythonrun.c:1643 [0x2f5c70]
=========                in /sw/arch/RHEL9/EB_production/2024/software/Python/3.12.3-GCCcore-13.3.0/lib/libpython3.12.so.1.0
=========     Host Frame:_PyRun_SimpleFileObject in Python/pythonrun.c:433 [0x2f455a]
=========                in /sw/arch/RHEL9/EB_production/2024/software/Python/3.12.3-GCCcore-13.3.0/lib/libpython3.12.so.1.0
=========     Host Frame:_PyRun_AnyFileObject in Python/pythonrun.c:78 [0x2f4303]
=========                in /sw/arch/RHEL9/EB_production/2024/software/Python/3.12.3-GCCcore-13.3.0/lib/libpython3.12.so.1.0
=========     Host Frame:Py_RunMain in Modules/main.c:709 [0x2ed846]
=========                in /sw/arch/RHEL9/EB_production/2024/software/Python/3.12.3-GCCcore-13.3.0/lib/libpython3.12.so.1.0
=========     Host Frame:Py_BytesMain in Modules/main.c:763 [0x2a81f6]
=========                in /sw/arch/RHEL9/EB_production/2024/software/Python/3.12.3-GCCcore-13.3.0/lib/libpython3.12.so.1.0
=========     Host Frame:__libc_start_call_main [0x2a60f]
=========                in /lib64/libc.so.6
=========     Host Frame:__libc_start_main [0x2a6bf]
=========                in /lib64/libc.so.6
=========     Host Frame:_start [0x1064]
=========                in /gpfs/work4/0/prjs1022/peclet/suite/flow/.venv/bin/python
========= 
========= Invalid __global__ write of size 1 bytes
=========     at void Kokkos::Impl::cuda_parallel_launch_local_memory<Kokkos::Impl::ParallelFor<peclet::dem::generateGhostsKokkos(int, int, peclet::dem::Domain, float, Kokkos::View<float *[3], Kokkos::CudaSpace>, Kokkos::View<float *, Kokkos::CudaSpace>, Kokkos::View<float *[3], Kokkos::CudaSpace>, Kokkos::View<float *[3], Kokkos::CudaSpace>, Kokkos::View<float *[3], Kokkos::CudaSpace>, Kokkos::View<float *[4], Kokkos::CudaSpace>, Kokkos::View<float *[4], Kokkos::CudaSpace>, Kokkos::View<float *[3], Kokkos::CudaSpace>, Kokkos::View<float *[3], Kokkos::CudaSpace>, Kokkos::View<float *, Kokkos::CudaSpace>, Kokkos::View<int *, Kokkos::CudaSpace>, Kokkos::View<int *, Kokkos::CudaSpace>, Kokkos::View<int, Kokkos::CudaSpace>, Kokkos::View<int *, Kokkos::CudaSpace>, Kokkos::View<unsigned char *, Kokkos::CudaSpace>)::[lambda(int) (instance 1)], Kokkos::RangePolicy<Kokkos::Cuda>, Kokkos::Cuda>>(T1)+0x17f0
=========     by thread (0,0,0) in block (6,0,0)
=========     Address 0x14f0b91fd3ca is out of bounds
=========     and is 3 bytes after the nearest allocation at 0x14f0b91fc400 of size 4040 bytes
=========     Saved host backtrace up to driver entry point at kernel launch time
=========     Host Frame:cuLaunchKernel [0x368d1a]
=========                in /lib64/libcuda.so.1
=========     Host Frame: [0x15aa7]
=========                in /sw/arch/RHEL9/EB_production/2024/software/CUDA/12.6.0/lib/libcudart.so.12
=========     Host Frame:cudaLaunchKernel [0x759f0]
=========                in /sw/arch/RHEL9/EB_production/2024/software/CUDA/12.6.0/lib/libcudart.so.12
=========     Host Frame: [0x147878]
=========                in /projects/0/prjs1022/peclet/suite/dem/build_cuda/peclet/dem/_dem.cpython-312-x86_64-linux-gnu.so
=========     Host Frame: [0x266125]
=========                in /projects/0/prjs1022/peclet/suite/dem/build_cuda/peclet/dem/_dem.cpython-312-x86_64-linux-gnu.so
=========     Host Frame: [0x3edcf]
=========                in /projects/0/prjs1022/peclet/suite/dem/build_cuda/peclet/dem/_dem.cpython-312-x86_64-linux-gnu.so
=========     Host Frame: [0x272d37]
=========                in /projects/0/prjs1022/peclet/suite/dem/build_cuda/peclet/dem/_dem.cpython-312-x86_64-linux-gnu.so
=========     Host Frame:PyObject_Vectorcall in Objects/call.c:325 [0x21ddbe]
=========                in /sw/arch/RHEL9/EB_production/2024/software/Python/3.12.3-GCCcore-13.3.0/lib/libpython3.12.so.1.0
=========     Host Frame:_PyEval_EvalFrameDefault.cold in Python/bytecodes.c:2706 [0x113de0]
=========                in /sw/arch/RHEL9/EB_production/2024/software/Python/3.12.3-GCCcore-13.3.0/lib/libpython3.12.so.1.0
=========     Host Frame:PyEval_EvalCode in Python/ceval.c:578 [0x2bf028]
=========                in /sw/arch/RHEL9/EB_production/2024/software/Python/3.12.3-GCCcore-13.3.0/lib/libpython3.12.so.1.0
=========     Host Frame:run_eval_code_obj in Python/pythonrun.c:1722 [0x2e1c56]
=========                in /sw/arch/RHEL9/EB_production/2024/software/Python/3.12.3-GCCcore-13.3.0/lib/libpython3.12.so.1.0
=========     Host Frame:run_mod in Python/pythonrun.c:1743 [0x2dcdea]
=========                in /sw/arch/RHEL9/EB_production/2024/software/Python/3.12.3-GCCcore-13.3.0/lib/libpython3.12.so.1.0
=========     Host Frame:pyrun_file in Python/pythonrun.c:1643 [0x2f5c70]
=========                in /sw/arch/RHEL9/EB_production/2024/software/Python/3.12.3-GCCcore-13.3.0/lib/libpython3.12.so.1.0
=========     Host Frame:_PyRun_SimpleFileObject in Python/pythonrun.c:433 [0x2f455a]
=========                in /sw/arch/RHEL9/EB_production/2024/software/Python/3.12.3-GCCcore-13.3.0/lib/libpython3.12.so.1.0
=========     Host Frame:_PyRun_AnyFileObject in Python/pythonrun.c:78 [0x2f4303]
=========                in /sw/arch/RHEL9/EB_production/2024/software/Python/3.12.3-GCCcore-13.3.0/lib/libpython3.12.so.1.0
=========     Host Frame:Py_RunMain in Modules/main.c:709 [0x2ed846]
=========                in /sw/arch/RHEL9/EB_production/2024/software/Python/3.12.3-GCCcore-13.3.0/lib/libpython3.12.so.1.0
=========     Host Frame:Py_BytesMain in Modules/main.c:763 [0x2a81f6]
=========                in /sw/arch/RHEL9/EB_production/2024/software/Python/3.12.3-GCCcore-13.3.0/lib/libpython3.12.so.1.0
=========     Host Frame:__libc_start_call_main [0x2a60f]
=========                in /lib64/libc.so.6
=========     Host Frame:__libc_start_main [0x2a6bf]
=========                in /lib64/libc.so.6
=========     Host Frame:_start [0x1064]
=========                in /gpfs/work4/0/prjs1022/peclet/suite/flow/.venv/bin/python
========= 
========= Invalid __global__ write of size 1 bytes
=========     at void Kokkos::Impl::cuda_parallel_launch_local_memory<Kokkos::Impl::ParallelFor<peclet::dem::generateGhostsKokkos(int, int, peclet::dem::Domain, float, Kokkos::View<float *[3], Kokkos::CudaSpace>, Kokkos::View<float *, Kokkos::CudaSpace>, Kokkos::View<float *[3], Kokkos::CudaSpace>, Kokkos::View<float *[3], Kokkos::CudaSpace>, Kokkos::View<float *[3], Kokkos::CudaSpace>, Kokkos::View<float *[4], Kokkos::CudaSpace>, Kokkos::View<float *[4], Kokkos::CudaSpace>, Kokkos::View<float *[3], Kokkos::CudaSpace>, Kokkos::View<float *[3], Kokkos::CudaSpace>, Kokkos::View<float *, Kokkos::CudaSpace>, Kokkos::View<int *, Kokkos::CudaSpace>, Kokkos::View<int *, Kokkos::CudaSpace>, Kokkos::View<int, Kokkos::CudaSpace>, Kokkos::View<int *, Kokkos::CudaSpace>, Kokkos::View<unsigned char *, Kokkos::CudaSpace>)::[lambda(int) (instance 1)], Kokkos::RangePolicy<Kokkos::Cuda>, Kokkos::Cuda>>(T1)+0x17f0
=========     by thread (0,100,0) in block (7,0,0)
=========     Address 0x14f0b91fd3c9 is out of bounds
=========     and is 2 bytes after the nearest allocation at 0x14f0b91fc400 of size 4040 bytes
=========     Saved host backtrace up to driver entry point at kernel launch time
=========     Host Frame:cuLaunchKernel [0x368d1a]
=========                in /lib64/libcuda.so.1
=========     Host Frame: [0x15aa7]
=========                in /sw/arch/RHEL9/EB_production/2024/software/CUDA/12.6.0/lib/libcudart.so.12
=========     Host Frame:cudaLaunchKernel [0x759f0]
=========                in /sw/arch/RHEL9/EB_production/2024/software/CUDA/12.6.0/lib/libcudart.so.12
=========     Host Frame: [0x147878]
=========                in /projects/0/prjs1022/peclet/suite/dem/build_cuda/peclet/dem/_dem.cpython-312-x86_64-linux-gnu.so
=========     Host Frame: [0x266125]
=========                in /projects/0/prjs1022/peclet/suite/dem/build_cuda/peclet/dem/_dem.cpython-312-x86_64-linux-gnu.so
=========     Host Frame: [0x3edcf]
=========                in /projects/0/prjs1022/peclet/suite/dem/build_cuda/peclet/dem/_dem.cpython-312-x86_64-linux-gnu.so
=========     Host Frame: [0x272d37]
=========                in /projects/0/prjs1022/peclet/suite/dem/build_cuda/peclet/dem/_dem.cpython-312-x86_64-linux-gnu.so
=========     Host Frame:PyObject_Vectorcall in Objects/call.c:325 [0x21ddbe]
=========                in /sw/arch/RHEL9/EB_production/2024/software/Python/3.12.3-GCCcore-13.3.0/lib/libpython3.12.so.1.0
=========     Host Frame:_PyEval_EvalFrameDefault.cold in Python/bytecodes.c:2706 [0x113de0]
=========                in /sw/arch/RHEL9/EB_production/2024/software/Python/3.12.3-GCCcore-13.3.0/lib/libpython3.12.so.1.0
=========     Host Frame:PyEval_EvalCode in Python/ceval.c:578 [0x2bf028]
=========                in /sw/arch/RHEL9/EB_production/2024/software/Python/3.12.3-GCCcore-13.3.0/lib/libpython3.12.so.1.0
=========     Host Frame:run_eval_code_obj in Python/pythonrun.c:1722 [0x2e1c56]
=========                in /sw/arch/RHEL9/EB_production/2024/software/Python/3.12.3-GCCcore-13.3.0/lib/libpython3.12.so.1.0
=========     Host Frame:run_mod in Python/pythonrun.c:1743 [0x2dcdea]
=========                in /sw/arch/RHEL9/EB_production/2024/software/Python/3.12.3-GCCcore-13.3.0/lib/libpython3.12.so.1.0
=========     Host Frame:pyrun_file in Python/pythonrun.c:1643 [0x2f5c70]
=========                in /sw/arch/RHEL9/EB_production/2024/software/Python/3.12.3-GCCcore-13.3.0/lib/libpython3.12.so.1.0
=========     Host Frame:_PyRun_SimpleFileObject in Python/pythonrun.c:433 [0x2f455a]
=========                in /sw/arch/RHEL9/EB_production/2024/software/Python/3.12.3-GCCcore-13.3.0/lib/libpython3.12.so.1.0
=========     Host Frame:_PyRun_AnyFileObject in Python/pythonrun.c:78 [0x2f4303]
=========                in /sw/arch/RHEL9/EB_production/2024/software/Python/3.12.3-GCCcore-13.3.0/lib/libpython3.12.so.1.0
=========     Host Frame:Py_RunMain in Modules/main.c:709 [0x2ed846]
=========                in /sw/arch/RHEL9/EB_production/2024/software/Python/3.12.3-GCCcore-13.3.0/lib/libpython3.12.so.1.0
=========     Host Frame:Py_BytesMain in Modules/main.c:763 [0x2a81f6]
=========                in /sw/arch/RHEL9/EB_production/2024/software/Python/3.12.3-GCCcore-13.3.0/lib/libpython3.12.so.1.0
=========     Host Frame:__libc_start_call_main [0x2a60f]
=========                in /lib64/libc.so.6
=========     Host Frame:__libc_start_main [0x2a6bf]
=========                in /lib64/libc.so.6
=========     Host Frame:_start [0x1064]
=========                in /gpfs/work4/0/prjs1022/peclet/suite/flow/.venv/bin/python
========= 
========= Invalid __global__ write of size 1 bytes
=========     at void Kokkos::Impl::cuda_parallel_launch_local_memory<Kokkos::Impl::ParallelFor<peclet::dem::generateGhostsKokkos(int, int, peclet::dem::Domain, float, Kokkos::View<float *[3], Kokkos::CudaSpace>, Kokkos::View<float *, Kokkos::CudaSpace>, Kokkos::View<float *[3], Kokkos::CudaSpace>, Kokkos::View<float *[3], Kokkos::CudaSpace>, Kokkos::View<float *[3], Kokkos::CudaSpace>, Kokkos::View<float *[4], Kokkos::CudaSpace>, Kokkos::View<float *[4], Kokkos::CudaSpace>, Kokkos::View<float *[3], Kokkos::CudaSpace>, Kokkos::View<float *[3], Kokkos::CudaSpace>, Kokkos::View<float *, Kokkos::CudaSpace>, Kokkos::View<int *, Kokkos::CudaSpace>, Kokkos::View<int *, Kokkos::CudaSpace>, Kokkos::View<int, Kokkos::CudaSpace>, Kokkos::View<int *, Kokkos::CudaSpace>, Kokkos::View<unsigned char *, Kokkos::CudaSpace>)::[lambda(int) (instance 1)], Kokkos::RangePolicy<Kokkos::Cuda>, Kokkos::Cuda>>(T1)+0x17f0
=========     by thread (0,4,0) in block (0,0,0)
=========     Address 0x14f0b91fd3c8 is out of bounds
=========     and is 1 bytes after the nearest allocation at 0x14f0b91fc400 of size 4040 bytes
=========     Saved host backtrace up to driver entry point at kernel launch time
=========     Host Frame:cuLaunchKernel [0x368d1a]
=========                in /lib64/libcuda.so.1
=========     Host Frame: [0x15aa7]
=========                in /sw/arch/RHEL9/EB_production/2024/software/CUDA/12.6.0/lib/libcudart.so.12
=========     Host Frame:cudaLaunchKernel [0x759f0]
=========                in /sw/arch/RHEL9/EB_production/2024/software/CUDA/12.6.0/lib/libcudart.so.12
=========     Host Frame: [0x147878]
=========                in /projects/0/prjs1022/peclet/suite/dem/build_cuda/peclet/dem/_dem.cpython-312-x86_64-linux-gnu.so
=========     Host Frame: [0x266125]
=========                in /projects/0/prjs1022/peclet/suite/dem/build_cuda/peclet/dem/_dem.cpython-312-x86_64-linux-gnu.so
=========     Host Frame: [0x3edcf]
=========                in /projects/0/prjs1022/peclet/suite/dem/build_cuda/peclet/dem/_dem.cpython-312-x86_64-linux-gnu.so
=========     Host Frame: [0x272d37]
=========                in /projects/0/prjs1022/peclet/suite/dem/build_cuda/peclet/dem/_dem.cpython-312-x86_64-linux-gnu.so
=========     Host Frame:PyObject_Vectorcall in Objects/call.c:325 [0x21ddbe]
=========                in /sw/arch/RHEL9/EB_production/2024/software/Python/3.12.3-GCCcore-13.3.0/lib/libpython3.12.so.1.0
=========     Host Frame:_PyEval_EvalFrameDefault.cold in Python/bytecodes.c:2706 [0x113de0]
=========                in /sw/arch/RHEL9/EB_production/2024/software/Python/3.12.3-GCCcore-13.3.0/lib/libpython3.12.so.1.0
=========     Host Frame:PyEval_EvalCode in Python/ceval.c:578 [0x2bf028]
=========                in /sw/arch/RHEL9/EB_production/2024/software/Python/3.12.3-GCCcore-13.3.0/lib/libpython3.12.so.1.0
=========     Host Frame:run_eval_code_obj in Python/pythonrun.c:1722 [0x2e1c56]
=========                in /sw/arch/RHEL9/EB_production/2024/software/Python/3.12.3-GCCcore-13.3.0/lib/libpython3.12.so.1.0
=========     Host Frame:run_mod in Python/pythonrun.c:1743 [0x2dcdea]
=========                in /sw/arch/RHEL9/EB_production/2024/software/Python/3.12.3-GCCcore-13.3.0/lib/libpython3.12.so.1.0
=========     Host Frame:pyrun_file in Python/pythonrun.c:1643 [0x2f5c70]
=========                in /sw/arch/RHEL9/EB_production/2024/software/Python/3.12.3-GCCcore-13.3.0/lib/libpython3.12.so.1.0
=========     Host Frame:_PyRun_SimpleFileObject in Python/pythonrun.c:433 [0x2f455a]
=========                in /sw/arch/RHEL9/EB_production/2024/software/Python/3.12.3-GCCcore-13.3.0/lib/libpython3.12.so.1.0
=========     Host Frame:_PyRun_AnyFileObject in Python/pythonrun.c:78 [0x2f4303]
=========                in /sw/arch/RHEL9/EB_production/2024/software/Python/3.12.3-GCCcore-13.3.0/lib/libpython3.12.so.1.0
=========     Host Frame:Py_RunMain in Modules/main.c:709 [0x2ed846]
=========                in /sw/arch/RHEL9/EB_production/2024/software/Python/3.12.3-GCCcore-13.3.0/lib/libpython3.12.so.1.0
=========     Host Frame:Py_BytesMain in Modules/main.c:763 [0x2a81f6]
=========                in /sw/arch/RHEL9/EB_production/2024/software/Python/3.12.3-GCCcore-13.3.0/lib/libpython3.12.so.1.0
=========     Host Frame:__libc_start_call_main [0x2a60f]
=========                in /lib64/libc.so.6
=========     Host Frame:__libc_start_main [0x2a6bf]
=========                in /lib64/libc.so.6
=========     Host Frame:_start [0x1064]
=========                in /gpfs/work4/0/prjs1022/peclet/suite/flow/.venv/bin/python
========= 
========= Invalid __global__ write of size 1 bytes
=========     at void Kokkos::Impl::cuda_parallel_launch_local_memory<Kokkos::Impl::ParallelFor<peclet::dem::generateGhostsKokkos(int, int, peclet::dem::Domain, float, Kokkos::View<float *[3], Kokkos::CudaSpace>, Kokkos::View<float *, Kokkos::CudaSpace>, Kokkos::View<float *[3], Kokkos::CudaSpace>, Kokkos::View<float *[3], Kokkos::CudaSpace>, Kokkos::View<float *[3], Kokkos::CudaSpace>, Kokkos::View<float *[4], Kokkos::CudaSpace>, Kokkos::View<float *[4], Kokkos::CudaSpace>, Kokkos::View<float *[3], Kokkos::CudaSpace>, Kokkos::View<float *[3], Kokkos::CudaSpace>, Kokkos::View<float *, Kokkos::CudaSpace>, Kokkos::View<int *, Kokkos::CudaSpace>, Kokkos::View<int *, Kokkos::CudaSpace>, Kokkos::View<int, Kokkos::CudaSpace>, Kokkos::View<int *, Kokkos::CudaSpace>, Kokkos::View<unsigned char *, Kokkos::CudaSpace>)::[lambda(int) (instance 1)], Kokkos::RangePolicy<Kokkos::Cuda>, Kokkos::Cuda>>(T1)+0x17f0
=========     by thread (0,116,0) in block (2,0,0)
=========     Address 0x14f0b91fd3d0 is out of bounds
=========     and is 9 bytes after the nearest allocation at 0x14f0b91fc400 of size 4040 bytes
=========     Saved host backtrace up to driver entry point at kernel launch time
=========     Host Frame:cuLaunchKernel [0x368d1a]
=========                in /lib64/libcuda.so.1
=========     Host Frame: [0x15aa7]
=========                in /sw/arch/RHEL9/EB_production/2024/software/CUDA/12.6.0/lib/libcudart.so.12
=========     Host Frame:cudaLaunchKernel [0x759f0]
=========                in /sw/arch/RHEL9/EB_production/2024/software/CUDA/12.6.0/lib/libcudart.so.12
=========     Host Frame: [0x147878]
=========                in /projects/0/prjs1022/peclet/suite/dem/build_cuda/peclet/dem/_dem.cpython-312-x86_64-linux-gnu.so
=========     Host Frame: [0x266125]
=========                in /projects/0/prjs1022/peclet/suite/dem/build_cuda/peclet/dem/_dem.cpython-312-x86_64-linux-gnu.so
=========     Host Frame: [0x3edcf]
=========                in /projects/0/prjs1022/peclet/suite/dem/build_cuda/peclet/dem/_dem.cpython-312-x86_64-linux-gnu.so
=========     Host Frame: [0x272d37]
=========                in /projects/0/prjs1022/peclet/suite/dem/build_cuda/peclet/dem/_dem.cpython-312-x86_64-linux-gnu.so
=========     Host Frame:PyObject_Vectorcall in Objects/call.c:325 [0x21ddbe]
=========                in /sw/arch/RHEL9/EB_production/2024/software/Python/3.12.3-GCCcore-13.3.0/lib/libpython3.12.so.1.0
=========     Host Frame:_PyEval_EvalFrameDefault.cold in Python/bytecodes.c:2706 [0x113de0]
=========                in /sw/arch/RHEL9/EB_production/2024/software/Python/3.12.3-GCCcore-13.3.0/lib/libpython3.12.so.1.0
=========     Host Frame:PyEval_EvalCode in Python/ceval.c:578 [0x2bf028]
=========                in /sw/arch/RHEL9/EB_production/2024/software/Python/3.12.3-GCCcore-13.3.0/lib/libpython3.12.so.1.0
=========     Host Frame:run_eval_code_obj in Python/pythonrun.c:1722 [0x2e1c56]
=========                in /sw/arch/RHEL9/EB_production/2024/software/Python/3.12.3-GCCcore-13.3.0/lib/libpython3.12.so.1.0
=========     Host Frame:run_mod in Python/pythonrun.c:1743 [0x2dcdea]
=========                in /sw/arch/RHEL9/EB_production/2024/software/Python/3.12.3-GCCcore-13.3.0/lib/libpython3.12.so.1.0
=========     Host Frame:pyrun_file in Python/pythonrun.c:1643 [0x2f5c70]
=========                in /sw/arch/RHEL9/EB_production/2024/software/Python/3.12.3-GCCcore-13.3.0/lib/libpython3.12.so.1.0
=========     Host Frame:_PyRun_SimpleFileObject in Python/pythonrun.c:433 [0x2f455a]
=========                in /sw/arch/RHEL9/EB_production/2024/software/Python/3.12.3-GCCcore-13.3.0/lib/libpython3.12.so.1.0
=========     Host Frame:_PyRun_AnyFileObject in Python/pythonrun.c:78 [0x2f4303]
=========                in /sw/arch/RHEL9/EB_production/2024/software/Python/3.12.3-GCCcore-13.3.0/lib/libpython3.12.so.1.0
=========     Host Frame:Py_RunMain in Modules/main.c:709 [0x2ed846]
=========                in /sw/arch/RHEL9/EB_production/2024/software/Python/3.12.3-GCCcore-13.3.0/lib/libpython3.12.so.1.0
=========     Host Frame:Py_BytesMain in Modules/main.c:763 [0x2a81f6]
=========                in /sw/arch/RHEL9/EB_production/2024/software/Python/3.12.3-GCCcore-13.3.0/lib/libpython3.12.so.1.0
=========     Host Frame:__libc_start_call_main [0x2a60f]
=========                in /lib64/libc.so.6
=========     Host Frame:__libc_start_main [0x2a6bf]
=========                in /lib64/libc.so.6
=========     Host Frame:_start [0x1064]
=========                in /gpfs/work4/0/prjs1022/peclet/suite/flow/.venv/bin/python
========= 
========= Invalid __global__ write of size 1 bytes
=========     at void Kokkos::Impl::cuda_parallel_launch_local_memory<Kokkos::Impl::ParallelFor<peclet::dem::generateGhostsKokkos(int, int, peclet::dem::Domain, float, Kokkos::View<float *[3], Kokkos::CudaSpace>, Kokkos::View<float *, Kokkos::CudaSpace>, Kokkos::View<float *[3], Kokkos::CudaSpace>, Kokkos::View<float *[3], Kokkos::CudaSpace>, Kokkos::View<float *[3], Kokkos::CudaSpace>, Kokkos::View<float *[4], Kokkos::CudaSpace>, Kokkos::View<float *[4], Kokkos::CudaSpace>, Kokkos::View<float *[3], Kokkos::CudaSpace>, Kokkos::View<float *[3], Kokkos::CudaSpace>, Kokkos::View<float *, Kokkos::CudaSpace>, Kokkos::View<int *, Kokkos::CudaSpace>, Kokkos::View<int *, Kokkos::CudaSpace>, Kokkos::View<int, Kokkos::CudaSpace>, Kokkos::View<int *, Kokkos::CudaSpace>, Kokkos::View<unsigned char *, Kokkos::CudaSpace>)::[lambda(int) (instance 1)], Kokkos::RangePolicy<Kokkos::Cuda>, Kokkos::Cuda>>(T1)+0x17f0
=========     by thread (0,53,0) in block (2,0,0)
=========     Address 0x14f0b91fd3d2 is out of bounds
=========     and is 11 bytes after the nearest allocation at 0x14f0b91fc400 of size 4040 bytes
=========     Saved host backtrace up to driver entry point at kernel launch time
=========     Host Frame:cuLaunchKernel [0x368d1a]
=========                in /lib64/libcuda.so.1
=========     Host Frame: [0x15aa7]
=========                in /sw/arch/RHEL9/EB_production/2024/software/CUDA/12.6.0/lib/libcudart.so.12
=========     Host Frame:cudaLaunchKernel [0x759f0]
=========                in /sw/arch/RHEL9/EB_production/2024/software/CUDA/12.6.0/lib/libcudart.so.12
=========     Host Frame: [0x147878]
=========                in /projects/0/prjs1022/peclet/suite/dem/build_cuda/peclet/dem/_dem.cpython-312-x86_64-linux-gnu.so
=========     Host Frame: [0x266125]
=========                in /projects/0/prjs1022/peclet/suite/dem/build_cuda/peclet/dem/_dem.cpython-312-x86_64-linux-gnu.so
=========     Host Frame: [0x3edcf]
=========                in /projects/0/prjs1022/peclet/suite/dem/build_cuda/peclet/dem/_dem.cpython-312-x86_64-linux-gnu.so
=========     Host Frame: [0x272d37]
=========                in /projects/0/prjs1022/peclet/suite/dem/build_cuda/peclet/dem/_dem.cpython-312-x86_64-linux-gnu.so
=========     Host Frame:PyObject_Vectorcall in Objects/call.c:325 [0x21ddbe]
=========                in /sw/arch/RHEL9/EB_production/2024/software/Python/3.12.3-GCCcore-13.3.0/lib/libpython3.12.so.1.0
=========     Host Frame:_PyEval_EvalFrameDefault.cold in Python/bytecodes.c:2706 [0x113de0]
=========                in /sw/arch/RHEL9/EB_production/2024/software/Python/3.12.3-GCCcore-13.3.0/lib/libpython3.12.so.1.0
=========     Host Frame:PyEval_EvalCode in Python/ceval.c:578 [0x2bf028]
=========                in /sw/arch/RHEL9/EB_production/2024/software/Python/3.12.3-GCCcore-13.3.0/lib/libpython3.12.so.1.0
=========     Host Frame:run_eval_code_obj in Python/pythonrun.c:1722 [0x2e1c56]
=========                in /sw/arch/RHEL9/EB_production/2024/software/Python/3.12.3-GCCcore-13.3.0/lib/libpython3.12.so.1.0
=========     Host Frame:run_mod in Python/pythonrun.c:1743 [0x2dcdea]
=========                in /sw/arch/RHEL9/EB_production/2024/software/Python/3.12.3-GCCcore-13.3.0/lib/libpython3.12.so.1.0
=========     Host Frame:pyrun_file in Python/pythonrun.c:1643 [0x2f5c70]
=========                in /sw/arch/RHEL9/EB_production/2024/software/Python/3.12.3-GCCcore-13.3.0/lib/libpython3.12.so.1.0
=========     Host Frame:_PyRun_SimpleFileObject in Python/pythonrun.c:433 [0x2f455a]
=========                in /sw/arch/RHEL9/EB_production/2024/software/Python/3.12.3-GCCcore-13.3.0/lib/libpython3.12.so.1.0
=========     Host Frame:_PyRun_AnyFileObject in Python/pythonrun.c:78 [0x2f4303]
=========                in /sw/arch/RHEL9/EB_production/2024/software/Python/3.12.3-GCCcore-13.3.0/lib/libpython3.12.so.1.0
=========     Host Frame:Py_RunMain in Modules/main.c:709 [0x2ed846]
=========                in /sw/arch/RHEL9/EB_production/2024/software/Python/3.12.3-GCCcore-13.3.0/lib/libpython3.12.so.1.0
=========     Host Frame:Py_BytesMain in Modules/main.c:763 [0x2a81f6]
=========                in /sw/arch/RHEL9/EB_production/2024/software/Python/3.12.3-GCCcore-13.3.0/lib/libpython3.12.so.1.0
=========     Host Frame:__libc_start_call_main [0x2a60f]
=========                in /lib64/libc.so.6
=========     Host Frame:__libc_start_main [0x2a6bf]
=========                in /lib64/libc.so.6
=========     Host Frame:_start [0x1064]
=========                in /gpfs/work4/0/prjs1022/peclet/suite/flow/.venv/bin/python
========= 
========= Program hit cudaErrorLaunchFailure (error 719) due to "unspecified launch failure" on CUDA API call to cudaStreamSynchronize.
=========     Saved host backtrace up to driver entry point at error
=========     Host Frame: [0x464105]
=========                in /lib64/libcuda.so.1
=========     Host Frame:cudaStreamSynchronize [0x757ba]
=========                in /sw/arch/RHEL9/EB_production/2024/software/CUDA/12.6.0/lib/libcudart.so.12
=========     Host Frame:Kokkos::Impl::cuda_stream_synchronize(CUstream_st*, Kokkos::Impl::CudaInternal const*, std::__cxx11::basic_string<char, std::char_traits<char>, std::allocator<char> > const&) [0x2a8a87]
=========                in /projects/0/prjs1022/peclet/suite/dem/build_cuda/peclet/dem/_dem.cpython-312-x86_64-linux-gnu.so
=========     Host Frame: [0x147303]
=========                in /projects/0/prjs1022/peclet/suite/dem/build_cuda/peclet/dem/_dem.cpython-312-x86_64-linux-gnu.so
=========     Host Frame: [0x266125]
=========                in /projects/0/prjs1022/peclet/suite/dem/build_cuda/peclet/dem/_dem.cpython-312-x86_64-linux-gnu.so
=========     Host Frame: [0x3edcf]
=========                in /projects/0/prjs1022/peclet/suite/dem/build_cuda/peclet/dem/_dem.cpython-312-x86_64-linux-gnu.so
=========     Host Frame: [0x272d37]
=========                in /projects/0/prjs1022/peclet/suite/dem/build_cuda/peclet/dem/_dem.cpython-312-x86_64-linux-gnu.so
=========     Host Frame:PyObject_Vectorcall in Objects/call.c:325 [0x21ddbe]
=========                in /sw/arch/RHEL9/EB_production/2024/software/Python/3.12.3-GCCcore-13.3.0/lib/libpython3.12.so.1.0
=========     Host Frame:_PyEval_EvalFrameDefault.cold in Python/bytecodes.c:2706 [0x113de0]
=========                in /sw/arch/RHEL9/EB_production/2024/software/Python/3.12.3-GCCcore-13.3.0/lib/libpython3.12.so.1.0
=========     Host Frame:PyEval_EvalCode in Python/ceval.c:578 [0x2bf028]
=========                in /sw/arch/RHEL9/EB_production/2024/software/Python/3.12.3-GCCcore-13.3.0/lib/libpython3.12.so.1.0
=========     Host Frame:run_eval_code_obj in Python/pythonrun.c:1722 [0x2e1c56]
=========                in /sw/arch/RHEL9/EB_production/2024/software/Python/3.12.3-GCCcore-13.3.0/lib/libpython3.12.so.1.0
=========     Host Frame:run_mod in Python/pythonrun.c:1743 [0x2dcdea]
=========                in /sw/arch/RHEL9/EB_production/2024/software/Python/3.12.3-GCCcore-13.3.0/lib/libpython3.12.so.1.0
=========     Host Frame:pyrun_file in Python/pythonrun.c:1643 [0x2f5c70]
=========                in /sw/arch/RHEL9/EB_production/2024/software/Python/3.12.3-GCCcore-13.3.0/lib/libpython3.12.so.1.0
=========     Host Frame:_PyRun_SimpleFileObject in Python/pythonrun.c:433 [0x2f455a]
=========                in /sw/arch/RHEL9/EB_production/2024/software/Python/3.12.3-GCCcore-13.3.0/lib/libpython3.12.so.1.0
=========     Host Frame:_PyRun_AnyFileObject in Python/pythonrun.c:78 [0x2f4303]
=========                in /sw/arch/RHEL9/EB_production/2024/software/Python/3.12.3-GCCcore-13.3.0/lib/libpython3.12.so.1.0
=========     Host Frame:Py_RunMain in Modules/main.c:709 [0x2ed846]
=========                in /sw/arch/RHEL9/EB_production/2024/software/Python/3.12.3-GCCcore-13.3.0/lib/libpython3.12.so.1.0
=========     Host Frame:Py_BytesMain in Modules/main.c:763 [0x2a81f6]
=========                in /sw/arch/RHEL9/EB_production/2024/software/Python/3.12.3-GCCcore-13.3.0/lib/libpython3.12.so.1.0
=========     Host Frame:__libc_start_call_main [0x2a60f]
=========                in /lib64/libc.so.6
=========     Host Frame:__libc_start_main [0x2a6bf]
=========                in /lib64/libc.so.6
=========     Host Frame:_start [0x1064]
=========                in /gpfs/work4/0/prjs1022/peclet/suite/flow/.venv/bin/python
========= 
cudaStreamSynchronize(stream) error( cudaErrorLaunchFailure): unspecified launch failure /projects/0/prjs1022/peclet/suite/extern/src/kokkos/core/src/Cuda/Kokkos_Cuda_Instance.cpp:158
Backtrace:
[0x14f2db545a75] Kokkos::Impl::save_stacktrace()
[0x14f2db524f6c] Kokkos::Impl::host_abort(char const*)
[0x14f2db54b913] Kokkos::Impl::cuda_internal_error_abort(cudaError, char const*, char const*, int)
[0x14f2db54bae7] 
[0x14f2db3ea304] 
[0x14f2db509126] 
[0x14f2db2e1dd0] 
[0x14f2db515d38] 
[0x14f316254dbf] PyObject_Vectorcall
[0x14f31614ade1] 
[0x14f3162f6029] PyEval_EvalCode
[0x14f316318c57] 
[0x14f316313deb] 
[0x14f31632cc71] 
[0x14f31632b55b] _PyRun_SimpleFileObject
[0x14f31632b304] _PyRun_AnyFileObject
[0x14f316324847] Py_RunMain
[0x14f3162df1f7] Py_BytesMain
[0x14f315d63610] 
[0x14f315d636c0] __libc_start_main
[0x401065] _start
========= Error: process didn't terminate successfully
========= Target application returned an error
========= ERROR SUMMARY: 32 errors
