{
 "case1_large_M1_liggghts": 5892.0,
 "case1_large_M1_musen": 11893.0,
 "case1_large_M1_peclet_final": 220.28071596473455,
 "case1_large_M1_peclet_hertz": 302.9906952949241,
 "case1_large_M1_peclet_onesided": 674.8346722973511,
 "case1_large_M1_peclet_onesided_prefix": 1421.8621200984344,
 "case1_large_M1_peclet_sympgs": 625.5584671096876,
 "case1_large_M1_peclet_sympgs_prefix": 2373.150209848769,
 "case1_large_M1_peclet_v04": 217.0,
 "case1_large_M2_peclet_onesided": 3843.9087666263804,
 "case1_small_M1_musen": 7248.0,
 "case1_small_M1_peclet_hertz": 506.75751991476864,
 "case1_small_M1_peclet_onesided": 229.31987910345197,
 "case1_small_M1_peclet_sympgs": 831.419534869492,
 "case1_small_M2_peclet_onesided": 3504.1701592113823,
 "case2_liggghts": 15855.0,
 "case2_musen": 5586.0,
 "case2_peclet_final": 497.5241645388305,
 "case2_peclet_hertz": 561.9403621731326,
 "case2_peclet_onesided": 361.25073701608926,
 "case2_peclet_onesided_prefix": 2081.267880771309,
 "case2_peclet_sympgs": 673.4743012245744,
 "case2_peclet_sympgs_prefix": 1483.3281502807513,
 "case2_peclet_v04": 519.0,
 "case3_100k_liggghts": 913.0,
 "case3_100k_musen": 502.0,
 "case3_100k_peclet_final": 80.67530115880072,
 "case3_100k_peclet_hertz": 353.77324061468244,
 "case3_100k_peclet_jacobi": 314.75258203968406,
 "case3_100k_peclet_onesided": 37.51391724124551,
 "case3_100k_peclet_onesided_approx": 133.69675110466778,
 "case3_100k_peclet_sympgs": 67.55610961653292,
 "case3_100k_peclet_sympgs_approx": 314.6028473144397,
 "case3_100k_peclet_v06": 80.67530115880072,
 "case3_25k_liggghts": 1839.0,
 "case3_25k_musen": 1346.0,
 "case3_25k_peclet_final": 26.07032870966941,
 "case3_25k_peclet_hertz": 80.12071807775646,
 "case3_25k_peclet_jacobi": 215.01211562287062,
 "case3_25k_peclet_onesided": 15.765511498786509,
 "case3_25k_peclet_sympgs": 16.547177323140204,
 "case3_25k_peclet_sympgs_approx": 262.04914304893464,
 "case3_25k_peclet_v04": 16.0,
 "case3_25k_peclet_v06": 26.07032870966941,
 "case3_25k_peclet_v06_nostab": 16.868540073744953,
 "case3_50k_liggghts": 678.0,
 "case3_50k_musen": 347.0,
 "case3_50k_peclet_hertz": 176.00262754876167,
 "case3_50k_peclet_jacobi": 290.051187120378,
 "case3_50k_peclet_onesided": 23.61609234288335,
 "case3_50k_peclet_onesided_approx": 118.5504901073873,
 "case3_50k_peclet_sympgs": 33.360041845589876,
 "case3_50k_peclet_sympgs_approx": 216.90076492261142,
 "case3_50k_peclet_v06": 53.14162599109113
}