[cfg] global 256x256x256 = 16.8M cells  ranks=1  backend=Cuda  grid=staggered  IBM=cutcell  face_interp=0  bottom=auto  spheres=587 R=16.0 cells  phi=0.6003  levels=6  pressure=pcg(maxit=300,rtol=1e-08,warmstart=0)  steps=0+1 then march(tol=1e-08,max=3000)
  rank 0: block 256x256x256 at [0, 0, 0]  gcn136.local.snellius.surf.nl 0000:06:00.0
[sdf] built in 0.6s  voxel solid fraction=0.6002 (packing 0.6003)
[run] warmup 0 steps...
[run] step 1/1
[perf] 466.7 ms/step  36.0 Mcell/s (36.0/rank)  pressure iters/step 22.0
[phases, rank-max ms/step] step=466.5  predictor=1.3  momentum=246.8  projection=217.9  pressure_allreduce=0.2  allreduce_count=116
[trace] step    1  <u>=9.473394e-03  max|u|=1.167543e-01  max|v|=5.804584e-02  max|w|=6.702705e-02  maxdiv=4.7837e-04  iters=22
[trace] step    2  <u>=1.029354e-02  max|u|=1.440310e-01  max|v|=7.596936e-02  max|w|=8.679941e-02  maxdiv=2.7315e-06  iters=21
[trace] step    3  <u>=1.056020e-02  max|u|=1.591107e-01  max|v|=9.161834e-02  max|w|=9.977653e-02  maxdiv=2.6538e-06  iters=21
[trace] step    4  <u>=1.061020e-02  max|u|=1.670946e-01  max|v|=1.018581e-01  max|w|=1.076911e-01  maxdiv=2.4456e-06  iters=21
[trace] step    5  <u>=1.058211e-02  max|u|=1.726741e-01  max|v|=1.082482e-01  max|w|=1.124555e-01  maxdiv=2.1402e-06  iters=21
[trace] step    6  <u>=1.053270e-02  max|u|=1.763021e-01  max|v|=1.120875e-01  max|w|=1.153071e-01  maxdiv=1.7660e-06  iters=21
[trace] step    7  <u>=1.048379e-02  max|u|=1.783515e-01  max|v|=1.143158e-01  max|w|=1.170146e-01  maxdiv=1.4049e-06  iters=21
[trace] step    8  <u>=1.044242e-02  max|u|=1.794834e-01  max|v|=1.155639e-01  max|w|=1.180442e-01  maxdiv=1.1632e-06  iters=21
[trace] step    9  <u>=1.040972e-02  max|u|=1.800895e-01  max|v|=1.162345e-01  max|w|=1.186740e-01  maxdiv=7.8293e-07  iters=21
[trace] step   10  <u>=1.038467e-02  max|u|=1.803994e-01  max|v|=1.165751e-01  max|w|=1.190677e-01  maxdiv=5.2601e-07  iters=21
[trace] step   11  <u>=1.036575e-02  max|u|=1.805456e-01  max|v|=1.167330e-01  max|w|=1.193208e-01  maxdiv=3.4236e-07  iters=21
[trace] step   12  <u>=1.035150e-02  max|u|=1.806036e-01  max|v|=1.167934e-01  max|w|=1.194888e-01  maxdiv=2.2524e-07  iters=21
[trace] step   13  <u>=1.034071e-02  max|u|=1.806161e-01  max|v|=1.168044e-01  max|w|=1.196039e-01  maxdiv=1.5431e-07  iters=21
[trace] step   14  <u>=1.033245e-02  max|u|=1.806066e-01  max|v|=1.167923e-01  max|w|=1.196852e-01  maxdiv=1.1132e-07  iters=21
[trace] step   15  <u>=1.032606e-02  max|u|=1.805879e-01  max|v|=1.167711e-01  max|w|=1.197441e-01  maxdiv=2.5909e-06  iters=22
[trace] step   16  <u>=1.032103e-02  max|u|=1.805666e-01  max|v|=1.167477e-01  max|w|=1.197877e-01  maxdiv=6.0094e-07  iters=22
[trace] step   17  <u>=1.031700e-02  max|u|=1.805459e-01  max|v|=1.167256e-01  max|w|=1.198204e-01  maxdiv=3.4404e-07  iters=22
[trace] step   18  <u>=1.031373e-02  max|u|=1.805273e-01  max|v|=1.167060e-01  max|w|=1.198453e-01  maxdiv=4.0356e-06  iters=33
[trace] step   19  <u>=1.031102e-02  max|u|=1.805113e-01  max|v|=1.166893e-01  max|w|=1.198644e-01  maxdiv=7.0455e-07  iters=34
[trace] step   20  <u>=1.030874e-02  max|u|=1.804978e-01  max|v|=1.166755e-01  max|w|=1.198791e-01  maxdiv=2.6991e-07  iters=34
[trace] step   21  <u>=1.030681e-02  max|u|=1.804865e-01  max|v|=1.166641e-01  max|w|=1.198906e-01  maxdiv=1.4434e-06  iters=35
[trace] step   22  <u>=1.030515e-02  max|u|=1.804771e-01  max|v|=1.166548e-01  max|w|=1.198996e-01  maxdiv=5.7097e-07  iters=35
[trace] step   23  <u>=1.030370e-02  max|u|=1.804693e-01  max|v|=1.166472e-01  max|w|=1.199068e-01  maxdiv=3.4629e-07  iters=35
[trace] step   24  <u>=1.030242e-02  max|u|=1.804629e-01  max|v|=1.166410e-01  max|w|=1.199124e-01  maxdiv=2.4374e-07  iters=35
[trace] step   25  <u>=1.030129e-02  max|u|=1.804575e-01  max|v|=1.166359e-01  max|w|=1.199170e-01  maxdiv=1.8513e-07  iters=35
[trace] step   26  <u>=1.030029e-02  max|u|=1.804529e-01  max|v|=1.166317e-01  max|w|=1.199207e-01  maxdiv=1.4722e-07  iters=35
[trace] step   27  <u>=1.029938e-02  max|u|=1.804490e-01  max|v|=1.166282e-01  max|w|=1.199237e-01  maxdiv=1.2072e-07  iters=35
[trace] step   28  <u>=1.029856e-02  max|u|=1.804456e-01  max|v|=1.166253e-01  max|w|=1.199262e-01  maxdiv=1.0117e-07  iters=35
[trace] step   29  <u>=1.029782e-02  max|u|=1.804427e-01  max|v|=1.166228e-01  max|w|=1.199283e-01  maxdiv=1.8212e-06  iters=36
[trace] step   30  <u>=1.029714e-02  max|u|=1.804401e-01  max|v|=1.166206e-01  max|w|=1.199300e-01  maxdiv=7.0700e-07  iters=36
[trace] step   31  <u>=1.029652e-02  max|u|=1.804378e-01  max|v|=1.166188e-01  max|w|=1.199315e-01  maxdiv=4.2241e-07  iters=36
[trace] step   32  <u>=1.029596e-02  max|u|=1.804358e-01  max|v|=1.166171e-01  max|w|=1.199327e-01  maxdiv=2.9350e-07  iters=36
[trace] step   33  <u>=1.029543e-02  max|u|=1.804340e-01  max|v|=1.166157e-01  max|w|=1.199338e-01  maxdiv=2.2017e-07  iters=36
[trace] step   34  <u>=1.029495e-02  max|u|=1.804323e-01  max|v|=1.166144e-01  max|w|=1.199347e-01  maxdiv=1.7303e-07  iters=36
[trace] step   35  <u>=1.029450e-02  max|u|=1.804308e-01  max|v|=1.166132e-01  max|w|=1.199355e-01  maxdiv=1.4032e-07  iters=36
[trace] step   36  <u>=1.029408e-02  max|u|=1.804294e-01  max|v|=1.166121e-01  max|w|=1.199361e-01  maxdiv=1.1640e-07  iters=36
[trace] step   37  <u>=1.029369e-02  max|u|=1.804281e-01  max|v|=1.166110e-01  max|w|=1.199367e-01  maxdiv=9.8225e-08  iters=36
[trace] step   38  <u>=1.029332e-02  max|u|=1.804269e-01  max|v|=1.166101e-01  max|w|=1.199372e-01  maxdiv=8.4016e-08  iters=36
[trace] step   39  <u>=1.029298e-02  max|u|=1.804258e-01  max|v|=1.166092e-01  max|w|=1.199377e-01  maxdiv=7.2653e-08  iters=36
[trace] step   40  <u>=1.029266e-02  max|u|=1.804248e-01  max|v|=1.166084e-01  max|w|=1.199381e-01  maxdiv=6.3400e-08  iters=36
[trace] step   41  <u>=1.029236e-02  max|u|=1.804238e-01  max|v|=1.166076e-01  max|w|=1.199384e-01  maxdiv=5.5753e-08  iters=36
[trace] step   42  <u>=1.029208e-02  max|u|=1.804229e-01  max|v|=1.166069e-01  max|w|=1.199387e-01  maxdiv=4.9355e-08  iters=36
[trace] step   43  <u>=1.029182e-02  max|u|=1.804221e-01  max|v|=1.166061e-01  max|w|=1.199390e-01  maxdiv=4.3946e-08  iters=36
[trace] step   44  <u>=1.029157e-02  max|u|=1.804213e-01  max|v|=1.166055e-01  max|w|=1.199392e-01  maxdiv=1.3494e-06  iters=37
[trace] step   45  <u>=1.029133e-02  max|u|=1.804206e-01  max|v|=1.166048e-01  max|w|=1.199394e-01  maxdiv=5.7475e-07  iters=37
[trace] step   46  <u>=1.029111e-02  max|u|=1.804199e-01  max|v|=1.166042e-01  max|w|=1.199396e-01  maxdiv=3.5655e-07  iters=37
[trace] step   47  <u>=1.029089e-02  max|u|=1.804192e-01  max|v|=1.166036e-01  max|w|=1.199398e-01  maxdiv=2.5377e-07  iters=37
[trace] step   48  <u>=1.029069e-02  max|u|=1.804186e-01  max|v|=1.166030e-01  max|w|=1.199399e-01  maxdiv=1.9420e-07  iters=37
[trace] step   49  <u>=1.029050e-02  max|u|=1.804180e-01  max|v|=1.166025e-01  max|w|=1.199400e-01  maxdiv=1.5547e-07  iters=37
[trace] step   50  <u>=1.029032e-02  max|u|=1.804174e-01  max|v|=1.166019e-01  max|w|=1.199401e-01  maxdiv=1.2837e-07  iters=37
[trace] step   51  <u>=1.029014e-02  max|u|=1.804169e-01  max|v|=1.166014e-01  max|w|=1.199402e-01  maxdiv=1.0841e-07  iters=37
[trace] step   52  <u>=1.028998e-02  max|u|=1.804164e-01  max|v|=1.166009e-01  max|w|=1.199403e-01  maxdiv=9.3155e-08  iters=37
[trace] step   53  <u>=1.028982e-02  max|u|=1.804159e-01  max|v|=1.166005e-01  max|w|=1.199404e-01  maxdiv=8.1154e-08  iters=37
[trace] step   54  <u>=1.028967e-02  max|u|=1.804154e-01  max|v|=1.166000e-01  max|w|=1.199404e-01  maxdiv=7.1498e-08  iters=37
[trace] step   55  <u>=1.028953e-02  max|u|=1.804150e-01  max|v|=1.165995e-01  max|w|=1.199405e-01  maxdiv=6.3587e-08  iters=37
[trace] step   56  <u>=1.028939e-02  max|u|=1.804146e-01  max|v|=1.165991e-01  max|w|=1.199405e-01  maxdiv=5.7007e-08  iters=37
[trace] step   57  <u>=1.028926e-02  max|u|=1.804142e-01  max|v|=1.165987e-01  max|w|=1.199405e-01  maxdiv=5.1465e-08  iters=37
[trace] step   58  <u>=1.028913e-02  max|u|=1.804138e-01  max|v|=1.165983e-01  max|w|=1.199406e-01  maxdiv=4.6748e-08  iters=37
[trace] step   59  <u>=1.028901e-02  max|u|=1.804134e-01  max|v|=1.165979e-01  max|w|=1.199406e-01  maxdiv=4.2695e-08  iters=37
[trace] step   60  <u>=1.028890e-02  max|u|=1.804131e-01  max|v|=1.165975e-01  max|w|=1.199406e-01  maxdiv=3.9186e-08  iters=37
[trace] step   61  <u>=1.028878e-02  max|u|=1.804127e-01  max|v|=1.165971e-01  max|w|=1.199406e-01  maxdiv=3.6126e-08  iters=37
[trace] step   62  <u>=1.028868e-02  max|u|=1.804124e-01  max|v|=1.165968e-01  max|w|=1.199406e-01  maxdiv=3.3442e-08  iters=37
[trace] step   63  <u>=1.028858e-02  max|u|=1.804121e-01  max|v|=1.165964e-01  max|w|=1.199406e-01  maxdiv=3.1075e-08  iters=37
[trace] step   64  <u>=1.028848e-02  max|u|=1.804118e-01  max|v|=1.165961e-01  max|w|=1.199406e-01  maxdiv=2.8977e-08  iters=37
[trace] step   65  <u>=1.028838e-02  max|u|=1.804115e-01  max|v|=1.165957e-01  max|w|=1.199406e-01  maxdiv=2.7109e-08  iters=37
[trace] step   66  <u>=1.028829e-02  max|u|=1.804112e-01  max|v|=1.165954e-01  max|w|=1.199406e-01  maxdiv=2.0814e-06  iters=38
[trace] step   67  <u>=1.028820e-02  max|u|=1.804109e-01  max|v|=1.165951e-01  max|w|=1.199405e-01  maxdiv=6.3974e-07  iters=38
[trace] step   68  <u>=1.028812e-02  max|u|=1.804107e-01  max|v|=1.165948e-01  max|w|=1.199405e-01  maxdiv=4.0383e-07  iters=38
[trace] step   69  <u>=1.028803e-02  max|u|=1.804104e-01  max|v|=1.165945e-01  max|w|=1.199405e-01  maxdiv=1.4766e-10  iters=15
[trace] step   70  <u>=1.028796e-02  max|u|=1.804102e-01  max|v|=1.165942e-01  max|w|=1.199405e-01  maxdiv=1.4469e-10  iters=15
[trace] step   71  <u>=1.028788e-02  max|u|=1.804100e-01  max|v|=1.165939e-01  max|w|=1.199405e-01  maxdiv=1.4181e-10  iters=15
[trace] step   72  <u>=1.028781e-02  max|u|=1.804097e-01  max|v|=1.165936e-01  max|w|=1.199404e-01  maxdiv=1.3901e-10  iters=15
[trace] step   73  <u>=1.028773e-02  max|u|=1.804095e-01  max|v|=1.165933e-01  max|w|=1.199404e-01  maxdiv=1.3630e-10  iters=15
[trace] step   74  <u>=1.028767e-02  max|u|=1.804093e-01  max|v|=1.165931e-01  max|w|=1.199404e-01  maxdiv=1.3365e-10  iters=15
[trace] step   75  <u>=1.028760e-02  max|u|=1.804091e-01  max|v|=1.165928e-01  max|w|=1.199403e-01  maxdiv=1.3109e-10  iters=15
[trace] step   76  <u>=1.028753e-02  max|u|=1.804089e-01  max|v|=1.165926e-01  max|w|=1.199403e-01  maxdiv=1.2859e-10  iters=15
[trace] step   77  <u>=1.028747e-02  max|u|=1.804087e-01  max|v|=1.165923e-01  max|w|=1.199403e-01  maxdiv=1.2616e-10  iters=15
[trace] step   78  <u>=1.028741e-02  max|u|=1.804085e-01  max|v|=1.165921e-01  max|w|=1.199402e-01  maxdiv=1.2379e-10  iters=15
[trace] step   79  <u>=1.028735e-02  max|u|=1.804084e-01  max|v|=1.165918e-01  max|w|=1.199402e-01  maxdiv=1.2149e-10  iters=15
[trace] step   80  <u>=1.028730e-02  max|u|=1.804082e-01  max|v|=1.165916e-01  max|w|=1.199402e-01  maxdiv=1.1946e-10  iters=15
[trace] step   81  <u>=1.028724e-02  max|u|=1.804080e-01  max|v|=1.165914e-01  max|w|=1.199401e-01  maxdiv=1.1815e-10  iters=15
[trace] step   82  <u>=1.028719e-02  max|u|=1.804079e-01  max|v|=1.165912e-01  max|w|=1.199401e-01  maxdiv=1.1686e-10  iters=15
[trace] step   83  <u>=1.028714e-02  max|u|=1.804077e-01  max|v|=1.165909e-01  max|w|=1.199401e-01  maxdiv=1.1560e-10  iters=15
[trace] step   84  <u>=1.028709e-02  max|u|=1.804075e-01  max|v|=1.165907e-01  max|w|=1.199400e-01  maxdiv=1.1436e-10  iters=15
[trace] step   85  <u>=1.028704e-02  max|u|=1.804074e-01  max|v|=1.165905e-01  max|w|=1.199400e-01  maxdiv=1.1314e-10  iters=15
[trace] step   86  <u>=1.028699e-02  max|u|=1.804072e-01  max|v|=1.165903e-01  max|w|=1.199400e-01  maxdiv=1.1194e-10  iters=15
[trace] step   87  <u>=1.028694e-02  max|u|=1.804071e-01  max|v|=1.165901e-01  max|w|=1.199399e-01  maxdiv=1.1076e-10  iters=15
[trace] step   88  <u>=1.028690e-02  max|u|=1.804070e-01  max|v|=1.165899e-01  max|w|=1.199399e-01  maxdiv=1.0961e-10  iters=15
[trace] step   89  <u>=1.028686e-02  max|u|=1.804068e-01  max|v|=1.165898e-01  max|w|=1.199399e-01  maxdiv=1.0847e-10  iters=15
[trace] step   90  <u>=1.028681e-02  max|u|=1.804067e-01  max|v|=1.165896e-01  max|w|=1.199398e-01  maxdiv=1.0735e-10  iters=15
[trace] step   91  <u>=1.028677e-02  max|u|=1.804066e-01  max|v|=1.165894e-01  max|w|=1.199398e-01  maxdiv=1.0640e-10  iters=15
[trace] step   92  <u>=1.028673e-02  max|u|=1.804064e-01  max|v|=1.165892e-01  max|w|=1.199398e-01  maxdiv=1.0565e-10  iters=15
[trace] step   93  <u>=1.028669e-02  max|u|=1.804063e-01  max|v|=1.165891e-01  max|w|=1.199397e-01  maxdiv=1.0490e-10  iters=15
[trace] step   94  <u>=1.028665e-02  max|u|=1.804062e-01  max|v|=1.165889e-01  max|w|=1.199397e-01  maxdiv=1.0417e-10  iters=15
[trace] step   95  <u>=1.028662e-02  max|u|=1.804061e-01  max|v|=1.165887e-01  max|w|=1.199397e-01  maxdiv=1.0344e-10  iters=15
[trace] step   96  <u>=1.028658e-02  max|u|=1.804060e-01  max|v|=1.165886e-01  max|w|=1.199396e-01  maxdiv=1.0273e-10  iters=15
[trace] step   97  <u>=1.028655e-02  max|u|=1.804059e-01  max|v|=1.165884e-01  max|w|=1.199396e-01  maxdiv=1.0202e-10  iters=15
[trace] step   98  <u>=1.028651e-02  max|u|=1.804057e-01  max|v|=1.165883e-01  max|w|=1.199396e-01  maxdiv=1.0133e-10  iters=15
[trace] step   99  <u>=1.028648e-02  max|u|=1.804056e-01  max|v|=1.165881e-01  max|w|=1.199395e-01  maxdiv=1.0064e-10  iters=15
[trace] step  100  <u>=1.028645e-02  max|u|=1.804055e-01  max|v|=1.165880e-01  max|w|=1.199395e-01  maxdiv=9.9961e-11  iters=15
[trace] step  101  <u>=1.028641e-02  max|u|=1.804054e-01  max|v|=1.165878e-01  max|w|=1.199395e-01  maxdiv=9.9291e-11  iters=15
[trace] step  102  <u>=1.028638e-02  max|u|=1.804053e-01  max|v|=1.165877e-01  max|w|=1.199394e-01  maxdiv=9.8629e-11  iters=15
[trace] step  103  <u>=1.028635e-02  max|u|=1.804052e-01  max|v|=1.165875e-01  max|w|=1.199394e-01  maxdiv=9.7976e-11  iters=15
[trace] step  104  <u>=1.028632e-02  max|u|=1.804051e-01  max|v|=1.165874e-01  max|w|=1.199394e-01  maxdiv=9.7330e-11  iters=15
[trace] step  105  <u>=1.028630e-02  max|u|=1.804050e-01  max|v|=1.165873e-01  max|w|=1.199393e-01  maxdiv=9.6692e-11  iters=15
[trace] step  106  <u>=1.028627e-02  max|u|=1.804050e-01  max|v|=1.165871e-01  max|w|=1.199393e-01  maxdiv=9.6061e-11  iters=15
[trace] step  107  <u>=1.028624e-02  max|u|=1.804049e-01  max|v|=1.165870e-01  max|w|=1.199393e-01  maxdiv=9.5438e-11  iters=15
[trace] step  108  <u>=1.028621e-02  max|u|=1.804048e-01  max|v|=1.165869e-01  max|w|=1.199392e-01  maxdiv=9.4822e-11  iters=15
[trace] step  109  <u>=1.028619e-02  max|u|=1.804047e-01  max|v|=1.165868e-01  max|w|=1.199392e-01  maxdiv=9.4212e-11  iters=15
[trace] step  110  <u>=1.028616e-02  max|u|=1.804046e-01  max|v|=1.165866e-01  max|w|=1.199392e-01  maxdiv=9.3610e-11  iters=15
[trace] step  111  <u>=1.028614e-02  max|u|=1.804045e-01  max|v|=1.165865e-01  max|w|=1.199392e-01  maxdiv=9.3014e-11  iters=15
[trace] step  112  <u>=1.028611e-02  max|u|=1.804044e-01  max|v|=1.165864e-01  max|w|=1.199391e-01  maxdiv=9.2424e-11  iters=15
[trace] step  113  <u>=1.028609e-02  max|u|=1.804044e-01  max|v|=1.165863e-01  max|w|=1.199391e-01  maxdiv=5.1533e-08  iters=38
[trace] step  114  <u>=1.028607e-02  max|u|=1.804043e-01  max|v|=1.165862e-01  max|w|=1.199391e-01  maxdiv=5.2390e-08  iters=38
[trace] step  115  <u>=1.028604e-02  max|u|=1.804042e-01  max|v|=1.165861e-01  max|w|=1.199390e-01  maxdiv=5.3373e-08  iters=38
[trace] step  116  <u>=1.028602e-02  max|u|=1.804041e-01  max|v|=1.165860e-01  max|w|=1.199390e-01  maxdiv=5.4477e-08  iters=38
[trace] step  117  <u>=1.028600e-02  max|u|=1.804041e-01  max|v|=1.165859e-01  max|w|=1.199390e-01  maxdiv=5.5712e-08  iters=38
[trace] step  118  <u>=1.028598e-02  max|u|=1.804040e-01  max|v|=1.165858e-01  max|w|=1.199390e-01  maxdiv=5.7092e-08  iters=38
[trace] step  119  <u>=1.028596e-02  max|u|=1.804039e-01  max|v|=1.165857e-01  max|w|=1.199389e-01  maxdiv=5.8632e-08  iters=38
[trace] step  120  <u>=1.028594e-02  max|u|=1.804038e-01  max|v|=1.165856e-01  max|w|=1.199389e-01  maxdiv=6.0352e-08  iters=38
[trace] step  121  <u>=1.028592e-02  max|u|=1.804038e-01  max|v|=1.165855e-01  max|w|=1.199389e-01  maxdiv=6.2276e-08  iters=38
[trace] step  122  <u>=1.028590e-02  max|u|=1.804037e-01  max|v|=1.165854e-01  max|w|=1.199389e-01  maxdiv=6.4432e-08  iters=38
[trace] step  123  <u>=1.028588e-02  max|u|=1.804036e-01  max|v|=1.165853e-01  max|w|=1.199388e-01  maxdiv=6.6854e-08  iters=38
[trace] step  124  <u>=1.028586e-02  max|u|=1.804036e-01  max|v|=1.165852e-01  max|w|=1.199388e-01  maxdiv=6.9585e-08  iters=38
[trace] step  125  <u>=1.028584e-02  max|u|=1.804035e-01  max|v|=1.165851e-01  max|w|=1.199388e-01  maxdiv=7.2679e-08  iters=38
[trace] step  126  <u>=1.028582e-02  max|u|=1.804035e-01  max|v|=1.165850e-01  max|w|=1.199388e-01  maxdiv=7.6201e-08  iters=38
[trace] step  127  <u>=1.028580e-02  max|u|=1.804034e-01  max|v|=1.165849e-01  max|w|=1.199387e-01  maxdiv=8.0238e-08  iters=38
[trace] step  128  <u>=1.028579e-02  max|u|=1.804033e-01  max|v|=1.165848e-01  max|w|=1.199387e-01  maxdiv=8.4898e-08  iters=38
[trace] step  129  <u>=1.028577e-02  max|u|=1.804033e-01  max|v|=1.165848e-01  max|w|=1.199387e-01  maxdiv=9.0326e-08  iters=38
[trace] step  130  <u>=1.028575e-02  max|u|=1.804032e-01  max|v|=1.165847e-01  max|w|=1.199387e-01  maxdiv=9.6716e-08  iters=38
[trace] step  131  <u>=1.028574e-02  max|u|=1.804032e-01  max|v|=1.165846e-01  max|w|=1.199386e-01  maxdiv=1.0433e-07  iters=38
[trace] step  132  <u>=1.028572e-02  max|u|=1.804031e-01  max|v|=1.165845e-01  max|w|=1.199386e-01  maxdiv=1.1355e-07  iters=38
[trace] step  133  <u>=1.028570e-02  max|u|=1.804030e-01  max|v|=1.165844e-01  max|w|=1.199386e-01  maxdiv=1.2492e-07  iters=38
[trace] step  134  <u>=1.028569e-02  max|u|=1.804030e-01  max|v|=1.165844e-01  max|w|=1.199386e-01  maxdiv=1.3925e-07  iters=38
[trace] step  135  <u>=1.028567e-02  max|u|=1.804029e-01  max|v|=1.165843e-01  max|w|=1.199385e-01  maxdiv=1.5786e-07  iters=38
[trace] step  136  <u>=1.028566e-02  max|u|=1.804029e-01  max|v|=1.165842e-01  max|w|=1.199385e-01  maxdiv=1.8294e-07  iters=38
[trace] step  137  <u>=1.028564e-02  max|u|=1.804028e-01  max|v|=1.165841e-01  max|w|=1.199385e-01  maxdiv=2.1851e-07  iters=38
[trace] step  138  <u>=1.028563e-02  max|u|=1.804028e-01  max|v|=1.165841e-01  max|w|=1.199385e-01  maxdiv=2.7270e-07  iters=38
[trace] step  139  <u>=1.028562e-02  max|u|=1.804027e-01  max|v|=1.165840e-01  max|w|=1.199385e-01  maxdiv=3.6481e-07  iters=38
[trace] step  140  <u>=1.028560e-02  max|u|=1.804027e-01  max|v|=1.165839e-01  max|w|=1.199384e-01  maxdiv=5.5357e-07  iters=38
[trace] step  141  <u>=1.028559e-02  max|u|=1.804026e-01  max|v|=1.165839e-01  max|w|=1.199384e-01  maxdiv=1.1289e-06  iters=38
[trace] step  142  <u>=1.028558e-02  max|u|=1.804026e-01  max|v|=1.165838e-01  max|w|=1.199384e-01  maxdiv=1.1245e-05  iters=38
[trace] step  143  <u>=1.028556e-02  max|u|=1.804025e-01  max|v|=1.165837e-01  max|w|=1.199384e-01  maxdiv=3.7147e-07  iters=38
[trace] step  144  <u>=1.028555e-02  max|u|=1.804025e-01  max|v|=1.165837e-01  max|w|=1.199384e-01  maxdiv=1.0678e-08  iters=37
[trace] step  145  <u>=1.028554e-02  max|u|=1.804024e-01  max|v|=1.165836e-01  max|w|=1.199383e-01  maxdiv=1.0934e-08  iters=37
[trace] step  146  <u>=1.028552e-02  max|u|=1.804024e-01  max|v|=1.165835e-01  max|w|=1.199383e-01  maxdiv=1.1119e-08  iters=37
[trace] step  147  <u>=1.028551e-02  max|u|=1.804023e-01  max|v|=1.165835e-01  max|w|=1.199383e-01  maxdiv=1.1290e-08  iters=37
[trace] step  148  <u>=1.028550e-02  max|u|=1.804023e-01  max|v|=1.165834e-01  max|w|=1.199383e-01  maxdiv=1.1459e-08  iters=37
[trace] step  149  <u>=1.028549e-02  max|u|=1.804023e-01  max|v|=1.165834e-01  max|w|=1.199383e-01  maxdiv=1.1630e-08  iters=37
[trace] step  150  <u>=1.028548e-02  max|u|=1.804022e-01  max|v|=1.165833e-01  max|w|=1.199382e-01  maxdiv=1.1805e-08  iters=37
[trace] step  151  <u>=1.028547e-02  max|u|=1.804022e-01  max|v|=1.165832e-01  max|w|=1.199382e-01  maxdiv=1.1985e-08  iters=37
[trace] step  152  <u>=1.028545e-02  max|u|=1.804021e-01  max|v|=1.165832e-01  max|w|=1.199382e-01  maxdiv=1.2170e-08  iters=37
[trace] step  153  <u>=1.028544e-02  max|u|=1.804021e-01  max|v|=1.165831e-01  max|w|=1.199382e-01  maxdiv=1.2362e-08  iters=37
[trace] step  154  <u>=1.028543e-02  max|u|=1.804021e-01  max|v|=1.165831e-01  max|w|=1.199382e-01  maxdiv=1.2560e-08  iters=37
[trace] step  155  <u>=1.028542e-02  max|u|=1.804020e-01  max|v|=1.165830e-01  max|w|=1.199381e-01  maxdiv=1.2765e-08  iters=37
[trace] step  156  <u>=1.028541e-02  max|u|=1.804020e-01  max|v|=1.165830e-01  max|w|=1.199381e-01  maxdiv=1.2978e-08  iters=37
[trace] step  157  <u>=1.028540e-02  max|u|=1.804019e-01  max|v|=1.165829e-01  max|w|=1.199381e-01  maxdiv=1.3198e-08  iters=37
[trace] step  158  <u>=1.028539e-02  max|u|=1.804019e-01  max|v|=1.165829e-01  max|w|=1.199381e-01  maxdiv=1.3427e-08  iters=37
[trace] step  159  <u>=1.028538e-02  max|u|=1.804019e-01  max|v|=1.165828e-01  max|w|=1.199381e-01  maxdiv=1.3665e-08  iters=37
[trace] step  160  <u>=1.028537e-02  max|u|=1.804018e-01  max|v|=1.165828e-01  max|w|=1.199381e-01  maxdiv=1.3912e-08  iters=37
[trace] step  161  <u>=1.028536e-02  max|u|=1.804018e-01  max|v|=1.165827e-01  max|w|=1.199380e-01  maxdiv=1.4169e-08  iters=37
[trace] step  162  <u>=1.028535e-02  max|u|=1.804017e-01  max|v|=1.165827e-01  max|w|=1.199380e-01  maxdiv=1.4437e-08  iters=37
[trace] step  163  <u>=1.028534e-02  max|u|=1.804017e-01  max|v|=1.165826e-01  max|w|=1.199380e-01  maxdiv=1.4715e-08  iters=37
[trace] step  164  <u>=1.028533e-02  max|u|=1.804017e-01  max|v|=1.165826e-01  max|w|=1.199380e-01  maxdiv=1.5006e-08  iters=37
[trace] step  165  <u>=1.028533e-02  max|u|=1.804016e-01  max|v|=1.165825e-01  max|w|=1.199380e-01  maxdiv=1.5309e-08  iters=37
[trace] step  166  <u>=1.028532e-02  max|u|=1.804016e-01  max|v|=1.165825e-01  max|w|=1.199380e-01  maxdiv=1.5625e-08  iters=37
[trace] step  167  <u>=1.028531e-02  max|u|=1.804016e-01  max|v|=1.165825e-01  max|w|=1.199380e-01  maxdiv=1.5956e-08  iters=37
[trace] step  168  <u>=1.028530e-02  max|u|=1.804015e-01  max|v|=1.165824e-01  max|w|=1.199379e-01  maxdiv=1.6301e-08  iters=37
[trace] step  169  <u>=1.028529e-02  max|u|=1.804015e-01  max|v|=1.165824e-01  max|w|=1.199379e-01  maxdiv=1.6663e-08  iters=37
[trace] step  170  <u>=1.028528e-02  max|u|=1.804015e-01  max|v|=1.165823e-01  max|w|=1.199379e-01  maxdiv=1.7042e-08  iters=37
[trace] step  171  <u>=1.028527e-02  max|u|=1.804014e-01  max|v|=1.165823e-01  max|w|=1.199379e-01  maxdiv=1.7440e-08  iters=37
[trace] step  172  <u>=1.028527e-02  max|u|=1.804014e-01  max|v|=1.165823e-01  max|w|=1.199379e-01  maxdiv=1.7858e-08  iters=37
[trace] step  173  <u>=1.028526e-02  max|u|=1.804014e-01  max|v|=1.165822e-01  max|w|=1.199379e-01  maxdiv=1.8297e-08  iters=37
[trace] step  174  <u>=1.028525e-02  max|u|=1.804014e-01  max|v|=1.165822e-01  max|w|=1.199379e-01  maxdiv=1.8760e-08  iters=37
[trace] step  175  <u>=1.028524e-02  max|u|=1.804013e-01  max|v|=1.165821e-01  max|w|=1.199378e-01  maxdiv=1.9248e-08  iters=37
[trace] step  176  <u>=1.028524e-02  max|u|=1.804013e-01  max|v|=1.165821e-01  max|w|=1.199378e-01  maxdiv=1.9763e-08  iters=37
[trace] step  177  <u>=1.028523e-02  max|u|=1.804013e-01  max|v|=1.165821e-01  max|w|=1.199378e-01  maxdiv=2.0308e-08  iters=37
[trace] step  178  <u>=1.028522e-02  max|u|=1.804012e-01  max|v|=1.165820e-01  max|w|=1.199378e-01  maxdiv=2.0885e-08  iters=37
[trace] step  179  <u>=1.028521e-02  max|u|=1.804012e-01  max|v|=1.165820e-01  max|w|=1.199378e-01  maxdiv=2.1498e-08  iters=37
[trace] step  180  <u>=1.028521e-02  max|u|=1.804012e-01  max|v|=1.165820e-01  max|w|=1.199378e-01  maxdiv=2.2150e-08  iters=37
[trace] step  181  <u>=1.028520e-02  max|u|=1.804011e-01  max|v|=1.165819e-01  max|w|=1.199378e-01  maxdiv=2.2844e-08  iters=37
[trace] step  182  <u>=1.028519e-02  max|u|=1.804011e-01  max|v|=1.165819e-01  max|w|=1.199377e-01  maxdiv=2.3586e-08  iters=37
[trace] step  183  <u>=1.028519e-02  max|u|=1.804011e-01  max|v|=1.165818e-01  max|w|=1.199377e-01  maxdiv=2.4380e-08  iters=37
[trace] step  184  <u>=1.028518e-02  max|u|=1.804011e-01  max|v|=1.165818e-01  max|w|=1.199377e-01  maxdiv=2.5232e-08  iters=37
[trace] step  185  <u>=1.028517e-02  max|u|=1.804010e-01  max|v|=1.165818e-01  max|w|=1.199377e-01  maxdiv=2.6149e-08  iters=37
[trace] step  186  <u>=1.028517e-02  max|u|=1.804010e-01  max|v|=1.165818e-01  max|w|=1.199377e-01  maxdiv=2.7139e-08  iters=37
[trace] step  187  <u>=1.028516e-02  max|u|=1.804010e-01  max|v|=1.165817e-01  max|w|=1.199377e-01  maxdiv=2.8211e-08  iters=37
[trace] step  188  <u>=1.028515e-02  max|u|=1.804010e-01  max|v|=1.165817e-01  max|w|=1.199377e-01  maxdiv=2.9375e-08  iters=37
[trace] step  189  <u>=1.028515e-02  max|u|=1.804009e-01  max|v|=1.165817e-01  max|w|=1.199377e-01  maxdiv=3.0645e-08  iters=37
[trace] step  190  <u>=1.028514e-02  max|u|=1.804009e-01  max|v|=1.165816e-01  max|w|=1.199377e-01  maxdiv=3.2036e-08  iters=37
[trace] step  191  <u>=1.028513e-02  max|u|=1.804009e-01  max|v|=1.165816e-01  max|w|=1.199376e-01  maxdiv=3.3567e-08  iters=37
[trace] step  192  <u>=1.028513e-02  max|u|=1.804009e-01  max|v|=1.165816e-01  max|w|=1.199376e-01  maxdiv=3.5259e-08  iters=37
[trace] step  193  <u>=1.028512e-02  max|u|=1.804008e-01  max|v|=1.165815e-01  max|w|=1.199376e-01  maxdiv=3.7140e-08  iters=37
[trace] step  194  <u>=1.028512e-02  max|u|=1.804008e-01  max|v|=1.165815e-01  max|w|=1.199376e-01  maxdiv=3.9245e-08  iters=37
[trace] step  195  <u>=1.028511e-02  max|u|=1.804008e-01  max|v|=1.165815e-01  max|w|=1.199376e-01  maxdiv=4.1616e-08  iters=37
[trace] step  196  <u>=1.028510e-02  max|u|=1.804008e-01  max|v|=1.165815e-01  max|w|=1.199376e-01  maxdiv=4.4308e-08  iters=37
[trace] step  197  <u>=1.028510e-02  max|u|=1.804007e-01  max|v|=1.165814e-01  max|w|=1.199376e-01  maxdiv=4.7390e-08  iters=37
[trace] step  198  <u>=1.028509e-02  max|u|=1.804007e-01  max|v|=1.165814e-01  max|w|=1.199376e-01  maxdiv=5.0957e-08  iters=37
[trace] step  199  <u>=1.028509e-02  max|u|=1.804007e-01  max|v|=1.165814e-01  max|w|=1.199376e-01  maxdiv=5.5132e-08  iters=37
[trace] step  200  <u>=1.028508e-02  max|u|=1.804007e-01  max|v|=1.165813e-01  max|w|=1.199375e-01  maxdiv=6.0088e-08  iters=37
[trace] step  201  <u>=1.028508e-02  max|u|=1.804007e-01  max|v|=1.165813e-01  max|w|=1.199375e-01  maxdiv=6.6067e-08  iters=37
[trace] step  202  <u>=1.028507e-02  max|u|=1.804006e-01  max|v|=1.165813e-01  max|w|=1.199375e-01  maxdiv=7.3425e-08  iters=37
[trace] step  203  <u>=1.028507e-02  max|u|=1.804006e-01  max|v|=1.165813e-01  max|w|=1.199375e-01  maxdiv=8.2702e-08  iters=37
[trace] step  204  <u>=1.028506e-02  max|u|=1.804006e-01  max|v|=1.165812e-01  max|w|=1.199375e-01  maxdiv=9.4766e-08  iters=37
[trace] step  205  <u>=1.028506e-02  max|u|=1.804006e-01  max|v|=1.165812e-01  max|w|=1.199375e-01  maxdiv=1.1110e-07  iters=37
[trace] step  206  <u>=1.028505e-02  max|u|=1.804006e-01  max|v|=1.165812e-01  max|w|=1.199375e-01  maxdiv=1.3446e-07  iters=37
[trace] step  207  <u>=1.028505e-02  max|u|=1.804005e-01  max|v|=1.165812e-01  max|w|=1.199375e-01  maxdiv=1.7062e-07  iters=37
[trace] step  208  <u>=1.028504e-02  max|u|=1.804005e-01  max|v|=1.165811e-01  max|w|=1.199375e-01  maxdiv=2.3408e-07  iters=37
[trace] step  209  <u>=1.028504e-02  max|u|=1.804005e-01  max|v|=1.165811e-01  max|w|=1.199375e-01  maxdiv=3.7428e-07  iters=37
[trace] step  210  <u>=1.028503e-02  max|u|=1.804005e-01  max|v|=1.165811e-01  max|w|=1.199374e-01  maxdiv=9.3802e-07  iters=37
[trace] step  211  <u>=1.028503e-02  max|u|=1.804005e-01  max|v|=1.165811e-01  max|w|=1.199374e-01  maxdiv=6.1054e-09  iters=36
[trace] step  212  <u>=1.028502e-02  max|u|=1.804004e-01  max|v|=1.165811e-01  max|w|=1.199374e-01  maxdiv=6.1840e-09  iters=36
[trace] step  213  <u>=1.028502e-02  max|u|=1.804004e-01  max|v|=1.165810e-01  max|w|=1.199374e-01  maxdiv=6.2553e-09  iters=36
[trace] step  214  <u>=1.028501e-02  max|u|=1.804004e-01  max|v|=1.165810e-01  max|w|=1.199374e-01  maxdiv=6.3265e-09  iters=36
[trace] step  215  <u>=1.028501e-02  max|u|=1.804004e-01  max|v|=1.165810e-01  max|w|=1.199374e-01  maxdiv=6.3986e-09  iters=36
[trace] step  216  <u>=1.028500e-02  max|u|=1.804004e-01  max|v|=1.165810e-01  max|w|=1.199374e-01  maxdiv=6.4718e-09  iters=36
[trace] step  217  <u>=1.028500e-02  max|u|=1.804003e-01  max|v|=1.165809e-01  max|w|=1.199374e-01  maxdiv=6.5463e-09  iters=36
[trace] step  218  <u>=1.028500e-02  max|u|=1.804003e-01  max|v|=1.165809e-01  max|w|=1.199374e-01  maxdiv=6.6222e-09  iters=36
[trace] step  219  <u>=1.028499e-02  max|u|=1.804003e-01  max|v|=1.165809e-01  max|w|=1.199374e-01  maxdiv=6.6995e-09  iters=36
[trace] step  220  <u>=1.028499e-02  max|u|=1.804003e-01  max|v|=1.165809e-01  max|w|=1.199374e-01  maxdiv=6.7782e-09  iters=36
[trace] step  221  <u>=1.028498e-02  max|u|=1.804003e-01  max|v|=1.165809e-01  max|w|=1.199374e-01  maxdiv=6.8585e-09  iters=36
[trace] step  222  <u>=1.028498e-02  max|u|=1.804003e-01  max|v|=1.165808e-01  max|w|=1.199373e-01  maxdiv=6.9405e-09  iters=36
[trace] step  223  <u>=1.028497e-02  max|u|=1.804002e-01  max|v|=1.165808e-01  max|w|=1.199373e-01  maxdiv=7.0241e-09  iters=36
[trace] step  224  <u>=1.028497e-02  max|u|=1.804002e-01  max|v|=1.165808e-01  max|w|=1.199373e-01  maxdiv=7.1095e-09  iters=36
[trace] step  225  <u>=1.028497e-02  max|u|=1.804002e-01  max|v|=1.165808e-01  max|w|=1.199373e-01  maxdiv=7.1967e-09  iters=36
[trace] step  226  <u>=1.028496e-02  max|u|=1.804002e-01  max|v|=1.165808e-01  max|w|=1.199373e-01  maxdiv=7.2858e-09  iters=36
[trace] step  227  <u>=1.028496e-02  max|u|=1.804002e-01  max|v|=1.165808e-01  max|w|=1.199373e-01  maxdiv=7.3770e-09  iters=36
[trace] step  228  <u>=1.028496e-02  max|u|=1.804002e-01  max|v|=1.165807e-01  max|w|=1.199373e-01  maxdiv=7.4702e-09  iters=36
[trace] step  229  <u>=1.028495e-02  max|u|=1.804001e-01  max|v|=1.165807e-01  max|w|=1.199373e-01  maxdiv=7.5657e-09  iters=36
[trace] step  230  <u>=1.028495e-02  max|u|=1.804001e-01  max|v|=1.165807e-01  max|w|=1.199373e-01  maxdiv=7.6634e-09  iters=36
[trace] step  231  <u>=1.028494e-02  max|u|=1.804001e-01  max|v|=1.165807e-01  max|w|=1.199373e-01  maxdiv=7.7636e-09  iters=36
[trace] step  232  <u>=1.028494e-02  max|u|=1.804001e-01  max|v|=1.165807e-01  max|w|=1.199373e-01  maxdiv=7.8663e-09  iters=36
[trace] step  233  <u>=1.028494e-02  max|u|=1.804001e-01  max|v|=1.165807e-01  max|w|=1.199373e-01  maxdiv=7.9717e-09  iters=36
[trace] step  234  <u>=1.028493e-02  max|u|=1.804001e-01  max|v|=1.165806e-01  max|w|=1.199373e-01  maxdiv=8.0799e-09  iters=36
[trace] step  235  <u>=1.028493e-02  max|u|=1.804000e-01  max|v|=1.165806e-01  max|w|=1.199372e-01  maxdiv=8.1911e-09  iters=36
[trace] step  236  <u>=1.028493e-02  max|u|=1.804000e-01  max|v|=1.165806e-01  max|w|=1.199372e-01  maxdiv=8.3054e-09  iters=36
[trace] step  237  <u>=1.028492e-02  max|u|=1.804000e-01  max|v|=1.165806e-01  max|w|=1.199372e-01  maxdiv=8.4229e-09  iters=36
[trace] step  238  <u>=1.028492e-02  max|u|=1.804000e-01  max|v|=1.165806e-01  max|w|=1.199372e-01  maxdiv=8.5440e-09  iters=36
[trace] step  239  <u>=1.028492e-02  max|u|=1.804000e-01  max|v|=1.165806e-01  max|w|=1.199372e-01  maxdiv=8.6687e-09  iters=36
[trace] step  240  <u>=1.028491e-02  max|u|=1.804000e-01  max|v|=1.165805e-01  max|w|=1.199372e-01  maxdiv=8.7973e-09  iters=36
[trace] step  241  <u>=1.028491e-02  max|u|=1.804000e-01  max|v|=1.165805e-01  max|w|=1.199372e-01  maxdiv=8.9300e-09  iters=36
[trace] step  242  <u>=1.028491e-02  max|u|=1.804000e-01  max|v|=1.165805e-01  max|w|=1.199372e-01  maxdiv=9.0671e-09  iters=36
[trace] step  243  <u>=1.028490e-02  max|u|=1.803999e-01  max|v|=1.165805e-01  max|w|=1.199372e-01  maxdiv=9.2088e-09  iters=36
[trace] step  244  <u>=1.028490e-02  max|u|=1.803999e-01  max|v|=1.165805e-01  max|w|=1.199372e-01  maxdiv=9.3554e-09  iters=36
[trace] step  245  <u>=1.028490e-02  max|u|=1.803999e-01  max|v|=1.165805e-01  max|w|=1.199372e-01  maxdiv=9.5073e-09  iters=36
[trace] step  246  <u>=1.028489e-02  max|u|=1.803999e-01  max|v|=1.165805e-01  max|w|=1.199372e-01  maxdiv=9.6647e-09  iters=36
[trace] step  247  <u>=1.028489e-02  max|u|=1.803999e-01  max|v|=1.165804e-01  max|w|=1.199372e-01  maxdiv=9.8281e-09  iters=36
[trace] step  248  <u>=1.028489e-02  max|u|=1.803999e-01  max|v|=1.165804e-01  max|w|=1.199372e-01  maxdiv=9.9978e-09  iters=36
[trace] step  249  <u>=1.028488e-02  max|u|=1.803999e-01  max|v|=1.165804e-01  max|w|=1.199372e-01  maxdiv=1.0174e-08  iters=36
[trace] step  250  <u>=1.028488e-02  max|u|=1.803998e-01  max|v|=1.165804e-01  max|w|=1.199371e-01  maxdiv=1.0358e-08  iters=36
[trace] step  251  <u>=1.028488e-02  max|u|=1.803998e-01  max|v|=1.165804e-01  max|w|=1.199371e-01  maxdiv=1.0550e-08  iters=36
[trace] step  252  <u>=1.028488e-02  max|u|=1.803998e-01  max|v|=1.165804e-01  max|w|=1.199371e-01  maxdiv=1.0750e-08  iters=36
[trace] step  253  <u>=1.028487e-02  max|u|=1.803998e-01  max|v|=1.165804e-01  max|w|=1.199371e-01  maxdiv=1.0958e-08  iters=36
[trace] step  254  <u>=1.028487e-02  max|u|=1.803998e-01  max|v|=1.165803e-01  max|w|=1.199371e-01  maxdiv=1.1177e-08  iters=36
[trace] step  255  <u>=1.028487e-02  max|u|=1.803998e-01  max|v|=1.165803e-01  max|w|=1.199371e-01  maxdiv=1.1406e-08  iters=36
[trace] step  256  <u>=1.028486e-02  max|u|=1.803998e-01  max|v|=1.165803e-01  max|w|=1.199371e-01  maxdiv=1.1646e-08  iters=36
[trace] step  257  <u>=1.028486e-02  max|u|=1.803998e-01  max|v|=1.165803e-01  max|w|=1.199371e-01  maxdiv=1.1899e-08  iters=36
[trace] step  258  <u>=1.028486e-02  max|u|=1.803998e-01  max|v|=1.165803e-01  max|w|=1.199371e-01  maxdiv=1.2165e-08  iters=36
[trace] step  259  <u>=1.028486e-02  max|u|=1.803997e-01  max|v|=1.165803e-01  max|w|=1.199371e-01  maxdiv=1.2445e-08  iters=36
[trace] step  260  <u>=1.028485e-02  max|u|=1.803997e-01  max|v|=1.165803e-01  max|w|=1.199371e-01  maxdiv=1.2741e-08  iters=36
[trace] step  261  <u>=1.028485e-02  max|u|=1.803997e-01  max|v|=1.165803e-01  max|w|=1.199371e-01  maxdiv=1.3054e-08  iters=36
[trace] step  262  <u>=1.028485e-02  max|u|=1.803997e-01  max|v|=1.165802e-01  max|w|=1.199371e-01  maxdiv=1.3387e-08  iters=36
[trace] step  263  <u>=1.028485e-02  max|u|=1.803997e-01  max|v|=1.165802e-01  max|w|=1.199371e-01  maxdiv=1.3739e-08  iters=36
[trace] step  264  <u>=1.028484e-02  max|u|=1.803997e-01  max|v|=1.165802e-01  max|w|=1.199371e-01  maxdiv=1.4115e-08  iters=36
[trace] step  265  <u>=1.028484e-02  max|u|=1.803997e-01  max|v|=1.165802e-01  max|w|=1.199371e-01  maxdiv=1.4516e-08  iters=36
[trace] step  266  <u>=1.028484e-02  max|u|=1.803997e-01  max|v|=1.165802e-01  max|w|=1.199371e-01  maxdiv=1.4945e-08  iters=36
[trace] step  267  <u>=1.028484e-02  max|u|=1.803997e-01  max|v|=1.165802e-01  max|w|=1.199371e-01  maxdiv=1.5405e-08  iters=36
[trace] step  268  <u>=1.028483e-02  max|u|=1.803996e-01  max|v|=1.165802e-01  max|w|=1.199370e-01  maxdiv=1.5900e-08  iters=36
[trace] step  269  <u>=1.028483e-02  max|u|=1.803996e-01  max|v|=1.165802e-01  max|w|=1.199370e-01  maxdiv=1.6434e-08  iters=36
[trace] step  270  <u>=1.028483e-02  max|u|=1.803996e-01  max|v|=1.165802e-01  max|w|=1.199370e-01  maxdiv=1.7012e-08  iters=36
[trace] step  271  <u>=1.028483e-02  max|u|=1.803996e-01  max|v|=1.165801e-01  max|w|=1.199370e-01  maxdiv=1.7640e-08  iters=36
[trace] step  272  <u>=1.028482e-02  max|u|=1.803996e-01  max|v|=1.165801e-01  max|w|=1.199370e-01  maxdiv=1.8325e-08  iters=36
[trace] step  273  <u>=1.028482e-02  max|u|=1.803996e-01  max|v|=1.165801e-01  max|w|=1.199370e-01  maxdiv=1.9074e-08  iters=36
[trace] step  274  <u>=1.028482e-02  max|u|=1.803996e-01  max|v|=1.165801e-01  max|w|=1.199370e-01  maxdiv=1.9899e-08  iters=36
[trace] step  275  <u>=1.028482e-02  max|u|=1.803996e-01  max|v|=1.165801e-01  max|w|=1.199370e-01  maxdiv=2.0840e-08  iters=36
[trace] step  276  <u>=1.028481e-02  max|u|=1.803996e-01  max|v|=1.165801e-01  max|w|=1.199370e-01  maxdiv=2.2089e-08  iters=36
[trace] step  277  <u>=1.028481e-02  max|u|=1.803996e-01  max|v|=1.165801e-01  max|w|=1.199370e-01  maxdiv=2.3483e-08  iters=36
[trace] step  278  <u>=1.028481e-02  max|u|=1.803996e-01  max|v|=1.165801e-01  max|w|=1.199370e-01  maxdiv=2.5050e-08  iters=36
[trace] step  279  <u>=1.028481e-02  max|u|=1.803995e-01  max|v|=1.165801e-01  max|w|=1.199370e-01  maxdiv=2.6825e-08  iters=36
[trace] step  280  <u>=1.028481e-02  max|u|=1.803995e-01  max|v|=1.165801e-01  max|w|=1.199370e-01  maxdiv=2.8854e-08  iters=36
[trace] step  281  <u>=1.028480e-02  max|u|=1.803995e-01  max|v|=1.165801e-01  max|w|=1.199370e-01  maxdiv=3.1196e-08  iters=36
[trace] step  282  <u>=1.028480e-02  max|u|=1.803995e-01  max|v|=1.165800e-01  max|w|=1.199370e-01  maxdiv=3.3931e-08  iters=36
[trace] step  283  <u>=1.028480e-02  max|u|=1.803995e-01  max|v|=1.165800e-01  max|w|=1.199370e-01  maxdiv=3.7169e-08  iters=36
[trace] step  284  <u>=1.028480e-02  max|u|=1.803995e-01  max|v|=1.165800e-01  max|w|=1.199370e-01  maxdiv=4.1064e-08  iters=36
[trace] step  285  <u>=1.028479e-02  max|u|=1.803995e-01  max|v|=1.165800e-01  max|w|=1.199370e-01  maxdiv=4.5843e-08  iters=36
[trace] step  286  <u>=1.028479e-02  max|u|=1.803995e-01  max|v|=1.165800e-01  max|w|=1.199370e-01  maxdiv=5.1847e-08  iters=36
[trace] step  287  <u>=1.028479e-02  max|u|=1.803995e-01  max|v|=1.165800e-01  max|w|=1.199370e-01  maxdiv=5.9622e-08  iters=36
[trace] step  288  <u>=1.028479e-02  max|u|=1.803995e-01  max|v|=1.165800e-01  max|w|=1.199370e-01  maxdiv=7.0097e-08  iters=36
[trace] step  289  <u>=1.028479e-02  max|u|=1.803995e-01  max|v|=1.165800e-01  max|w|=1.199370e-01  maxdiv=8.4987e-08  iters=36
[trace] step  290  <u>=1.028478e-02  max|u|=1.803994e-01  max|v|=1.165800e-01  max|w|=1.199369e-01  maxdiv=1.0786e-07  iters=36
[trace] step  291  <u>=1.028478e-02  max|u|=1.803994e-01  max|v|=1.165800e-01  max|w|=1.199369e-01  maxdiv=1.4762e-07  iters=36
[trace] step  292  <u>=1.028478e-02  max|u|=1.803994e-01  max|v|=1.165800e-01  max|w|=1.199369e-01  maxdiv=2.3434e-07  iters=36
[trace] step  293  <u>=1.028478e-02  max|u|=1.803994e-01  max|v|=1.165799e-01  max|w|=1.199369e-01  maxdiv=5.8057e-07  iters=36
[trace] step  294  <u>=1.028478e-02  max|u|=1.803994e-01  max|v|=1.165799e-01  max|w|=1.199369e-01  maxdiv=2.4813e-09  iters=35
[trace] step  295  <u>=1.028477e-02  max|u|=1.803994e-01  max|v|=1.165799e-01  max|w|=1.199369e-01  maxdiv=2.4763e-09  iters=35
[trace] step  296  <u>=1.028477e-02  max|u|=1.803994e-01  max|v|=1.165799e-01  max|w|=1.199369e-01  maxdiv=2.4701e-09  iters=35
[trace] step  297  <u>=1.028477e-02  max|u|=1.803994e-01  max|v|=1.165799e-01  max|w|=1.199369e-01  maxdiv=2.4636e-09  iters=35
[trace] step  298  <u>=1.028477e-02  max|u|=1.803994e-01  max|v|=1.165799e-01  max|w|=1.199369e-01  maxdiv=2.4570e-09  iters=35
[trace] step  299  <u>=1.028477e-02  max|u|=1.803994e-01  max|v|=1.165799e-01  max|w|=1.199369e-01  maxdiv=2.4501e-09  iters=35
[trace] step  300  <u>=1.028477e-02  max|u|=1.803994e-01  max|v|=1.165799e-01  max|w|=1.199369e-01  maxdiv=2.4431e-09  iters=35
[trace] step  301  <u>=1.028476e-02  max|u|=1.803994e-01  max|v|=1.165799e-01  max|w|=1.199369e-01  maxdiv=2.4360e-09  iters=35
[trace] step  302  <u>=1.028476e-02  max|u|=1.803994e-01  max|v|=1.165799e-01  max|w|=1.199369e-01  maxdiv=2.4288e-09  iters=35
[trace] step  303  <u>=1.028476e-02  max|u|=1.803994e-01  max|v|=1.165799e-01  max|w|=1.199369e-01  maxdiv=2.4214e-09  iters=35
[trace] step  304  <u>=1.028476e-02  max|u|=1.803993e-01  max|v|=1.165799e-01  max|w|=1.199369e-01  maxdiv=2.4139e-09  iters=35
[trace] step  305  <u>=1.028476e-02  max|u|=1.803993e-01  max|v|=1.165799e-01  max|w|=1.199369e-01  maxdiv=2.4062e-09  iters=35
[trace] step  306  <u>=1.028475e-02  max|u|=1.803993e-01  max|v|=1.165798e-01  max|w|=1.199369e-01  maxdiv=2.3985e-09  iters=35
[trace] step  307  <u>=1.028475e-02  max|u|=1.803993e-01  max|v|=1.165798e-01  max|w|=1.199369e-01  maxdiv=2.3906e-09  iters=35
[trace] step  308  <u>=1.028475e-02  max|u|=1.803993e-01  max|v|=1.165798e-01  max|w|=1.199369e-01  maxdiv=2.3826e-09  iters=35
[trace] step  309  <u>=1.028475e-02  max|u|=1.803993e-01  max|v|=1.165798e-01  max|w|=1.199369e-01  maxdiv=2.3744e-09  iters=35
[trace] step  310  <u>=1.028475e-02  max|u|=1.803993e-01  max|v|=1.165798e-01  max|w|=1.199369e-01  maxdiv=2.3662e-09  iters=35
[trace] step  311  <u>=1.028475e-02  max|u|=1.803993e-01  max|v|=1.165798e-01  max|w|=1.199369e-01  maxdiv=2.3578e-09  iters=35
[trace] step  312  <u>=1.028474e-02  max|u|=1.803993e-01  max|v|=1.165798e-01  max|w|=1.199369e-01  maxdiv=2.3551e-09  iters=35
[trace] step  313  <u>=1.028474e-02  max|u|=1.803993e-01  max|v|=1.165798e-01  max|w|=1.199369e-01  maxdiv=2.3773e-09  iters=35
[trace] step  314  <u>=1.028474e-02  max|u|=1.803993e-01  max|v|=1.165798e-01  max|w|=1.199369e-01  maxdiv=2.3997e-09  iters=35
[trace] step  315  <u>=1.028474e-02  max|u|=1.803993e-01  max|v|=1.165798e-01  max|w|=1.199369e-01  maxdiv=2.4220e-09  iters=35
[trace] step  316  <u>=1.028474e-02  max|u|=1.803993e-01  max|v|=1.165798e-01  max|w|=1.199369e-01  maxdiv=2.4443e-09  iters=35
[trace] step  317  <u>=1.028474e-02  max|u|=1.803993e-01  max|v|=1.165798e-01  max|w|=1.199369e-01  maxdiv=2.4667e-09  iters=35
[trace] step  318  <u>=1.028474e-02  max|u|=1.803993e-01  max|v|=1.165798e-01  max|w|=1.199368e-01  maxdiv=2.4891e-09  iters=35
[trace] step  319  <u>=1.028473e-02  max|u|=1.803992e-01  max|v|=1.165798e-01  max|w|=1.199368e-01  maxdiv=2.5116e-09  iters=35
[trace] step  320  <u>=1.028473e-02  max|u|=1.803992e-01  max|v|=1.165798e-01  max|w|=1.199368e-01  maxdiv=2.5340e-09  iters=35
[trace] step  321  <u>=1.028473e-02  max|u|=1.803992e-01  max|v|=1.165798e-01  max|w|=1.199368e-01  maxdiv=2.5566e-09  iters=35
[trace] step  322  <u>=1.028473e-02  max|u|=1.803992e-01  max|v|=1.165797e-01  max|w|=1.199368e-01  maxdiv=2.5791e-09  iters=35
[trace] step  323  <u>=1.028473e-02  max|u|=1.803992e-01  max|v|=1.165797e-01  max|w|=1.199368e-01  maxdiv=2.6017e-09  iters=35
[trace] step  324  <u>=1.028473e-02  max|u|=1.803992e-01  max|v|=1.165797e-01  max|w|=1.199368e-01  maxdiv=2.6244e-09  iters=35
[trace] step  325  <u>=1.028472e-02  max|u|=1.803992e-01  max|v|=1.165797e-01  max|w|=1.199368e-01  maxdiv=2.6471e-09  iters=35
[trace] step  326  <u>=1.028472e-02  max|u|=1.803992e-01  max|v|=1.165797e-01  max|w|=1.199368e-01  maxdiv=2.6698e-09  iters=35
[trace] step  327  <u>=1.028472e-02  max|u|=1.803992e-01  max|v|=1.165797e-01  max|w|=1.199368e-01  maxdiv=2.6926e-09  iters=35
[trace] step  328  <u>=1.028472e-02  max|u|=1.803992e-01  max|v|=1.165797e-01  max|w|=1.199368e-01  maxdiv=2.7155e-09  iters=35
[trace] step  329  <u>=1.028472e-02  max|u|=1.803992e-01  max|v|=1.165797e-01  max|w|=1.199368e-01  maxdiv=2.7384e-09  iters=35
[trace] step  330  <u>=1.028472e-02  max|u|=1.803992e-01  max|v|=1.165797e-01  max|w|=1.199368e-01  maxdiv=2.7615e-09  iters=35
[trace] step  331  <u>=1.028472e-02  max|u|=1.803992e-01  max|v|=1.165797e-01  max|w|=1.199368e-01  maxdiv=2.7846e-09  iters=35
[trace] step  332  <u>=1.028471e-02  max|u|=1.803992e-01  max|v|=1.165797e-01  max|w|=1.199368e-01  maxdiv=2.8077e-09  iters=35
[trace] step  333  <u>=1.028471e-02  max|u|=1.803992e-01  max|v|=1.165797e-01  max|w|=1.199368e-01  maxdiv=2.8310e-09  iters=35
[trace] step  334  <u>=1.028471e-02  max|u|=1.803992e-01  max|v|=1.165797e-01  max|w|=1.199368e-01  maxdiv=2.8543e-09  iters=35
[trace] step  335  <u>=1.028471e-02  max|u|=1.803992e-01  max|v|=1.165797e-01  max|w|=1.199368e-01  maxdiv=2.8778e-09  iters=35
[trace] step  336  <u>=1.028471e-02  max|u|=1.803992e-01  max|v|=1.165797e-01  max|w|=1.199368e-01  maxdiv=2.9013e-09  iters=35
[trace] step  337  <u>=1.028471e-02  max|u|=1.803991e-01  max|v|=1.165797e-01  max|w|=1.199368e-01  maxdiv=2.9250e-09  iters=35
[trace] step  338  <u>=1.028471e-02  max|u|=1.803991e-01  max|v|=1.165797e-01  max|w|=1.199368e-01  maxdiv=2.9487e-09  iters=35
[trace] step  339  <u>=1.028471e-02  max|u|=1.803991e-01  max|v|=1.165797e-01  max|w|=1.199368e-01  maxdiv=2.9726e-09  iters=35
[trace] step  340  <u>=1.028470e-02  max|u|=1.803991e-01  max|v|=1.165796e-01  max|w|=1.199368e-01  maxdiv=2.9966e-09  iters=35
[trace] step  341  <u>=1.028470e-02  max|u|=1.803991e-01  max|v|=1.165796e-01  max|w|=1.199368e-01  maxdiv=3.0207e-09  iters=35
[trace] step  342  <u>=1.028470e-02  max|u|=1.803991e-01  max|v|=1.165796e-01  max|w|=1.199368e-01  maxdiv=3.0450e-09  iters=35
[trace] step  343  <u>=1.028470e-02  max|u|=1.803991e-01  max|v|=1.165796e-01  max|w|=1.199368e-01  maxdiv=3.0694e-09  iters=35
[trace] step  344  <u>=1.028470e-02  max|u|=1.803991e-01  max|v|=1.165796e-01  max|w|=1.199368e-01  maxdiv=3.0940e-09  iters=35
[trace] step  345  <u>=1.028470e-02  max|u|=1.803991e-01  max|v|=1.165796e-01  max|w|=1.199368e-01  maxdiv=3.1187e-09  iters=35
[trace] step  346  <u>=1.028470e-02  max|u|=1.803991e-01  max|v|=1.165796e-01  max|w|=1.199368e-01  maxdiv=3.1436e-09  iters=35
[trace] step  347  <u>=1.028470e-02  max|u|=1.803991e-01  max|v|=1.165796e-01  max|w|=1.199368e-01  maxdiv=3.1687e-09  iters=35
[trace] step  348  <u>=1.028469e-02  max|u|=1.803991e-01  max|v|=1.165796e-01  max|w|=1.199368e-01  maxdiv=3.1940e-09  iters=35
[trace] step  349  <u>=1.028469e-02  max|u|=1.803991e-01  max|v|=1.165796e-01  max|w|=1.199368e-01  maxdiv=3.2194e-09  iters=35
[trace] step  350  <u>=1.028469e-02  max|u|=1.803991e-01  max|v|=1.165796e-01  max|w|=1.199368e-01  maxdiv=3.2450e-09  iters=35
[trace] step  351  <u>=1.028469e-02  max|u|=1.803991e-01  max|v|=1.165796e-01  max|w|=1.199368e-01  maxdiv=3.2709e-09  iters=35
[trace] step  352  <u>=1.028469e-02  max|u|=1.803991e-01  max|v|=1.165796e-01  max|w|=1.199368e-01  maxdiv=3.2970e-09  iters=35
[trace] step  353  <u>=1.028469e-02  max|u|=1.803991e-01  max|v|=1.165796e-01  max|w|=1.199368e-01  maxdiv=3.3233e-09  iters=35
[trace] step  354  <u>=1.028469e-02  max|u|=1.803991e-01  max|v|=1.165796e-01  max|w|=1.199367e-01  maxdiv=3.3498e-09  iters=35
[trace] step  355  <u>=1.028469e-02  max|u|=1.803991e-01  max|v|=1.165796e-01  max|w|=1.199367e-01  maxdiv=3.3766e-09  iters=35
[trace] step  356  <u>=1.028468e-02  max|u|=1.803991e-01  max|v|=1.165796e-01  max|w|=1.199367e-01  maxdiv=3.4037e-09  iters=35
[trace] step  357  <u>=1.028468e-02  max|u|=1.803991e-01  max|v|=1.165796e-01  max|w|=1.199367e-01  maxdiv=3.4310e-09  iters=35
[trace] step  358  <u>=1.028468e-02  max|u|=1.803991e-01  max|v|=1.165796e-01  max|w|=1.199367e-01  maxdiv=3.4586e-09  iters=35
[trace] step  359  <u>=1.028468e-02  max|u|=1.803990e-01  max|v|=1.165796e-01  max|w|=1.199367e-01  maxdiv=3.4865e-09  iters=35
[trace] step  360  <u>=1.028468e-02  max|u|=1.803990e-01  max|v|=1.165796e-01  max|w|=1.199367e-01  maxdiv=3.5147e-09  iters=35
[trace] step  361  <u>=1.028468e-02  max|u|=1.803990e-01  max|v|=1.165796e-01  max|w|=1.199367e-01  maxdiv=3.5432e-09  iters=35
[trace] step  362  <u>=1.028468e-02  max|u|=1.803990e-01  max|v|=1.165795e-01  max|w|=1.199367e-01  maxdiv=3.5720e-09  iters=35
[trace] step  363  <u>=1.028468e-02  max|u|=1.803990e-01  max|v|=1.165795e-01  max|w|=1.199367e-01  maxdiv=3.6012e-09  iters=35
[trace] step  364  <u>=1.028468e-02  max|u|=1.803990e-01  max|v|=1.165795e-01  max|w|=1.199367e-01  maxdiv=3.6308e-09  iters=35
[trace] step  365  <u>=1.028468e-02  max|u|=1.803990e-01  max|v|=1.165795e-01  max|w|=1.199367e-01  maxdiv=3.6607e-09  iters=35
[trace] step  366  <u>=1.028467e-02  max|u|=1.803990e-01  max|v|=1.165795e-01  max|w|=1.199367e-01  maxdiv=3.6911e-09  iters=35
[trace] step  367  <u>=1.028467e-02  max|u|=1.803990e-01  max|v|=1.165795e-01  max|w|=1.199367e-01  maxdiv=3.7218e-09  iters=35
[trace] step  368  <u>=1.028467e-02  max|u|=1.803990e-01  max|v|=1.165795e-01  max|w|=1.199367e-01  maxdiv=3.7530e-09  iters=35
[trace] step  369  <u>=1.028467e-02  max|u|=1.803990e-01  max|v|=1.165795e-01  max|w|=1.199367e-01  maxdiv=3.7846e-09  iters=35
[trace] step  370  <u>=1.028467e-02  max|u|=1.803990e-01  max|v|=1.165795e-01  max|w|=1.199367e-01  maxdiv=3.8166e-09  iters=35
[trace] step  371  <u>=1.028467e-02  max|u|=1.803990e-01  max|v|=1.165795e-01  max|w|=1.199367e-01  maxdiv=3.8491e-09  iters=35
[trace] step  372  <u>=1.028467e-02  max|u|=1.803990e-01  max|v|=1.165795e-01  max|w|=1.199367e-01  maxdiv=3.8822e-09  iters=35
[trace] step  373  <u>=1.028467e-02  max|u|=1.803990e-01  max|v|=1.165795e-01  max|w|=1.199367e-01  maxdiv=3.9157e-09  iters=35
[trace] step  374  <u>=1.028467e-02  max|u|=1.803990e-01  max|v|=1.165795e-01  max|w|=1.199367e-01  maxdiv=3.9498e-09  iters=35
[trace] step  375  <u>=1.028466e-02  max|u|=1.803990e-01  max|v|=1.165795e-01  max|w|=1.199367e-01  maxdiv=3.9845e-09  iters=35
[trace] step  376  <u>=1.028466e-02  max|u|=1.803990e-01  max|v|=1.165795e-01  max|w|=1.199367e-01  maxdiv=4.0197e-09  iters=35
[trace] step  377  <u>=1.028466e-02  max|u|=1.803990e-01  max|v|=1.165795e-01  max|w|=1.199367e-01  maxdiv=4.0555e-09  iters=35
[trace] step  378  <u>=1.028466e-02  max|u|=1.803990e-01  max|v|=1.165795e-01  max|w|=1.199367e-01  maxdiv=4.0920e-09  iters=35
[trace] step  379  <u>=1.028466e-02  max|u|=1.803990e-01  max|v|=1.165795e-01  max|w|=1.199367e-01  maxdiv=4.1291e-09  iters=35
[trace] step  380  <u>=1.028466e-02  max|u|=1.803990e-01  max|v|=1.165795e-01  max|w|=1.199367e-01  maxdiv=4.1669e-09  iters=35
[trace] step  381  <u>=1.028466e-02  max|u|=1.803990e-01  max|v|=1.165795e-01  max|w|=1.199367e-01  maxdiv=4.2054e-09  iters=35
[trace] step  382  <u>=1.028466e-02  max|u|=1.803990e-01  max|v|=1.165795e-01  max|w|=1.199367e-01  maxdiv=4.2447e-09  iters=35
[trace] step  383  <u>=1.028466e-02  max|u|=1.803990e-01  max|v|=1.165795e-01  max|w|=1.199367e-01  maxdiv=4.2848e-09  iters=35
[trace] step  384  <u>=1.028466e-02  max|u|=1.803990e-01  max|v|=1.165795e-01  max|w|=1.199367e-01  maxdiv=4.3256e-09  iters=35
[trace] step  385  <u>=1.028466e-02  max|u|=1.803990e-01  max|v|=1.165795e-01  max|w|=1.199367e-01  maxdiv=4.3673e-09  iters=35
[trace] step  386  <u>=1.028465e-02  max|u|=1.803989e-01  max|v|=1.165795e-01  max|w|=1.199367e-01  maxdiv=4.4099e-09  iters=35
[trace] step  387  <u>=1.028465e-02  max|u|=1.803989e-01  max|v|=1.165795e-01  max|w|=1.199367e-01  maxdiv=4.4533e-09  iters=35
[trace] step  388  <u>=1.028465e-02  max|u|=1.803989e-01  max|v|=1.165795e-01  max|w|=1.199367e-01  maxdiv=4.4978e-09  iters=35
[trace] step  389  <u>=1.028465e-02  max|u|=1.803989e-01  max|v|=1.165794e-01  max|w|=1.199367e-01  maxdiv=4.5432e-09  iters=35
[trace] step  390  <u>=1.028465e-02  max|u|=1.803989e-01  max|v|=1.165794e-01  max|w|=1.199367e-01  maxdiv=4.5897e-09  iters=35
[trace] step  391  <u>=1.028465e-02  max|u|=1.803989e-01  max|v|=1.165794e-01  max|w|=1.199367e-01  maxdiv=4.6372e-09  iters=35
[trace] step  392  <u>=1.028465e-02  max|u|=1.803989e-01  max|v|=1.165794e-01  max|w|=1.199367e-01  maxdiv=4.6859e-09  iters=35
[trace] step  393  <u>=1.028465e-02  max|u|=1.803989e-01  max|v|=1.165794e-01  max|w|=1.199367e-01  maxdiv=4.7358e-09  iters=35
[trace] step  394  <u>=1.028465e-02  max|u|=1.803989e-01  max|v|=1.165794e-01  max|w|=1.199367e-01  maxdiv=4.7869e-09  iters=35
[trace] step  395  <u>=1.028465e-02  max|u|=1.803989e-01  max|v|=1.165794e-01  max|w|=1.199367e-01  maxdiv=4.8393e-09  iters=35
[trace] step  396  <u>=1.028465e-02  max|u|=1.803989e-01  max|v|=1.165794e-01  max|w|=1.199367e-01  maxdiv=4.8930e-09  iters=35
[trace] step  397  <u>=1.028465e-02  max|u|=1.803989e-01  max|v|=1.165794e-01  max|w|=1.199367e-01  maxdiv=4.9482e-09  iters=35
[trace] step  398  <u>=1.028464e-02  max|u|=1.803989e-01  max|v|=1.165794e-01  max|w|=1.199367e-01  maxdiv=5.0048e-09  iters=35
[trace] step  399  <u>=1.028464e-02  max|u|=1.803989e-01  max|v|=1.165794e-01  max|w|=1.199367e-01  maxdiv=5.0631e-09  iters=35
[trace] step  400  <u>=1.028464e-02  max|u|=1.803989e-01  max|v|=1.165794e-01  max|w|=1.199367e-01  maxdiv=5.1229e-09  iters=35
[trace] step  401  <u>=1.028464e-02  max|u|=1.803989e-01  max|v|=1.165794e-01  max|w|=1.199367e-01  maxdiv=5.1844e-09  iters=35
[trace] step  402  <u>=1.028464e-02  max|u|=1.803989e-01  max|v|=1.165794e-01  max|w|=1.199367e-01  maxdiv=5.2478e-09  iters=35
[trace] step  403  <u>=1.028464e-02  max|u|=1.803989e-01  max|v|=1.165794e-01  max|w|=1.199367e-01  maxdiv=5.3130e-09  iters=35
[trace] step  404  <u>=1.028464e-02  max|u|=1.803989e-01  max|v|=1.165794e-01  max|w|=1.199367e-01  maxdiv=5.3802e-09  iters=35
[trace] step  405  <u>=1.028464e-02  max|u|=1.803989e-01  max|v|=1.165794e-01  max|w|=1.199367e-01  maxdiv=5.4494e-09  iters=35
[trace] step  406  <u>=1.028464e-02  max|u|=1.803989e-01  max|v|=1.165794e-01  max|w|=1.199367e-01  maxdiv=5.5209e-09  iters=35
[trace] step  407  <u>=1.028464e-02  max|u|=1.803989e-01  max|v|=1.165794e-01  max|w|=1.199366e-01  maxdiv=5.5946e-09  iters=35
[trace] step  408  <u>=1.028464e-02  max|u|=1.803989e-01  max|v|=1.165794e-01  max|w|=1.199366e-01  maxdiv=5.6708e-09  iters=35
[trace] step  409  <u>=1.028464e-02  max|u|=1.803989e-01  max|v|=1.165794e-01  max|w|=1.199366e-01  maxdiv=5.7496e-09  iters=35
[trace] step  410  <u>=1.028463e-02  max|u|=1.803989e-01  max|v|=1.165794e-01  max|w|=1.199366e-01  maxdiv=5.8310e-09  iters=35
[trace] step  411  <u>=1.028463e-02  max|u|=1.803989e-01  max|v|=1.165794e-01  max|w|=1.199366e-01  maxdiv=5.9153e-09  iters=35
[trace] step  412  <u>=1.028463e-02  max|u|=1.803989e-01  max|v|=1.165794e-01  max|w|=1.199366e-01  maxdiv=6.0026e-09  iters=35
[trace] step  413  <u>=1.028463e-02  max|u|=1.803989e-01  max|v|=1.165794e-01  max|w|=1.199366e-01  maxdiv=6.0930e-09  iters=35
[trace] step  414  <u>=1.028463e-02  max|u|=1.803989e-01  max|v|=1.165794e-01  max|w|=1.199366e-01  maxdiv=6.1869e-09  iters=35
[trace] step  415  <u>=1.028463e-02  max|u|=1.803989e-01  max|v|=1.165794e-01  max|w|=1.199366e-01  maxdiv=6.2843e-09  iters=35
[trace] step  416  <u>=1.028463e-02  max|u|=1.803989e-01  max|v|=1.165794e-01  max|w|=1.199366e-01  maxdiv=6.3856e-09  iters=35
[trace] step  417  <u>=1.028463e-02  max|u|=1.803989e-01  max|v|=1.165794e-01  max|w|=1.199366e-01  maxdiv=6.4908e-09  iters=35
[trace] step  418  <u>=1.028463e-02  max|u|=1.803989e-01  max|v|=1.165794e-01  max|w|=1.199366e-01  maxdiv=6.6003e-09  iters=35
[trace] step  419  <u>=1.028463e-02  max|u|=1.803989e-01  max|v|=1.165794e-01  max|w|=1.199366e-01  maxdiv=6.7145e-09  iters=35
[trace] step  420  <u>=1.028463e-02  max|u|=1.803989e-01  max|v|=1.165794e-01  max|w|=1.199366e-01  maxdiv=6.8334e-09  iters=35
[trace] step  421  <u>=1.028463e-02  max|u|=1.803989e-01  max|v|=1.165794e-01  max|w|=1.199366e-01  maxdiv=6.9576e-09  iters=35
[trace] step  422  <u>=1.028463e-02  max|u|=1.803989e-01  max|v|=1.165794e-01  max|w|=1.199366e-01  maxdiv=7.0873e-09  iters=35
[trace] step  423  <u>=1.028463e-02  max|u|=1.803988e-01  max|v|=1.165794e-01  max|w|=1.199366e-01  maxdiv=7.2230e-09  iters=35
[trace] step  424  <u>=1.028462e-02  max|u|=1.803988e-01  max|v|=1.165794e-01  max|w|=1.199366e-01  maxdiv=7.3650e-09  iters=35
[trace] step  425  <u>=1.028462e-02  max|u|=1.803988e-01  max|v|=1.165793e-01  max|w|=1.199366e-01  maxdiv=7.5139e-09  iters=35
[trace] step  426  <u>=1.028462e-02  max|u|=1.803988e-01  max|v|=1.165793e-01  max|w|=1.199366e-01  maxdiv=7.6702e-09  iters=35
[trace] step  427  <u>=1.028462e-02  max|u|=1.803988e-01  max|v|=1.165793e-01  max|w|=1.199366e-01  maxdiv=7.8343e-09  iters=35
[trace] step  428  <u>=1.028462e-02  max|u|=1.803988e-01  max|v|=1.165793e-01  max|w|=1.199366e-01  maxdiv=8.0071e-09  iters=35
[trace] step  429  <u>=1.028462e-02  max|u|=1.803988e-01  max|v|=1.165793e-01  max|w|=1.199366e-01  maxdiv=8.1891e-09  iters=35
[trace] step  430  <u>=1.028462e-02  max|u|=1.803988e-01  max|v|=1.165793e-01  max|w|=1.199366e-01  maxdiv=8.3811e-09  iters=35
[trace] step  431  <u>=1.028462e-02  max|u|=1.803988e-01  max|v|=1.165793e-01  max|w|=1.199366e-01  maxdiv=8.5840e-09  iters=35
[trace] step  432  <u>=1.028462e-02  max|u|=1.803988e-01  max|v|=1.165793e-01  max|w|=1.199366e-01  maxdiv=8.7988e-09  iters=35
[trace] step  433  <u>=1.028462e-02  max|u|=1.803988e-01  max|v|=1.165793e-01  max|w|=1.199366e-01  maxdiv=9.0266e-09  iters=35
[trace] step  434  <u>=1.028462e-02  max|u|=1.803988e-01  max|v|=1.165793e-01  max|w|=1.199366e-01  maxdiv=9.2685e-09  iters=35
[trace] step  435  <u>=1.028462e-02  max|u|=1.803988e-01  max|v|=1.165793e-01  max|w|=1.199366e-01  maxdiv=9.5259e-09  iters=35
[trace] step  436  <u>=1.028462e-02  max|u|=1.803988e-01  max|v|=1.165793e-01  max|w|=1.199366e-01  maxdiv=9.8004e-09  iters=35
[trace] step  437  <u>=1.028462e-02  max|u|=1.803988e-01  max|v|=1.165793e-01  max|w|=1.199366e-01  maxdiv=1.0094e-08  iters=35
[trace] step  438  <u>=1.028462e-02  max|u|=1.803988e-01  max|v|=1.165793e-01  max|w|=1.199366e-01  maxdiv=1.0408e-08  iters=35
[trace] step  439  <u>=1.028461e-02  max|u|=1.803988e-01  max|v|=1.165793e-01  max|w|=1.199366e-01  maxdiv=1.0746e-08  iters=35
[trace] step  440  <u>=1.028461e-02  max|u|=1.803988e-01  max|v|=1.165793e-01  max|w|=1.199366e-01  maxdiv=1.1109e-08  iters=35
[trace] step  441  <u>=1.028461e-02  max|u|=1.803988e-01  max|v|=1.165793e-01  max|w|=1.199366e-01  maxdiv=1.1501e-08  iters=35
[trace] step  442  <u>=1.028461e-02  max|u|=1.803988e-01  max|v|=1.165793e-01  max|w|=1.199366e-01  maxdiv=1.1927e-08  iters=35
[trace] step  443  <u>=1.028461e-02  max|u|=1.803988e-01  max|v|=1.165793e-01  max|w|=1.199366e-01  maxdiv=1.2388e-08  iters=35
[trace] step  444  <u>=1.028461e-02  max|u|=1.803988e-01  max|v|=1.165793e-01  max|w|=1.199366e-01  maxdiv=1.2892e-08  iters=35
[trace] step  445  <u>=1.028461e-02  max|u|=1.803988e-01  max|v|=1.165793e-01  max|w|=1.199366e-01  maxdiv=1.3444e-08  iters=35
[trace] step  446  <u>=1.028461e-02  max|u|=1.803988e-01  max|v|=1.165793e-01  max|w|=1.199366e-01  maxdiv=1.4051e-08  iters=35
[trace] step  447  <u>=1.028461e-02  max|u|=1.803988e-01  max|v|=1.165793e-01  max|w|=1.199366e-01  maxdiv=1.4722e-08  iters=35
[trace] step  448  <u>=1.028461e-02  max|u|=1.803988e-01  max|v|=1.165793e-01  max|w|=1.199366e-01  maxdiv=1.5467e-08  iters=35
[trace] step  449  <u>=1.028461e-02  max|u|=1.803988e-01  max|v|=1.165793e-01  max|w|=1.199366e-01  maxdiv=1.6301e-08  iters=35
[trace] step  450  <u>=1.028461e-02  max|u|=1.803988e-01  max|v|=1.165793e-01  max|w|=1.199366e-01  maxdiv=1.7238e-08  iters=35
[trace] step  451  <u>=1.028461e-02  max|u|=1.803988e-01  max|v|=1.165793e-01  max|w|=1.199366e-01  maxdiv=1.8300e-08  iters=35
[trace] step  452  <u>=1.028461e-02  max|u|=1.803988e-01  max|v|=1.165793e-01  max|w|=1.199366e-01  maxdiv=1.9514e-08  iters=35
[trace] step  453  <u>=1.028461e-02  max|u|=1.803988e-01  max|v|=1.165793e-01  max|w|=1.199366e-01  maxdiv=2.0916e-08  iters=35
[trace] step  454  <u>=1.028461e-02  max|u|=1.803988e-01  max|v|=1.165793e-01  max|w|=1.199366e-01  maxdiv=2.2551e-08  iters=35
[trace] step  455  <u>=1.028460e-02  max|u|=1.803988e-01  max|v|=1.165793e-01  max|w|=1.199366e-01  maxdiv=2.4485e-08  iters=35
[trace] step  456  <u>=1.028460e-02  max|u|=1.803988e-01  max|v|=1.165793e-01  max|w|=1.199366e-01  maxdiv=2.6808e-08  iters=35
[trace] step  457  <u>=1.028460e-02  max|u|=1.803988e-01  max|v|=1.165793e-01  max|w|=1.199366e-01  maxdiv=2.9650e-08  iters=35
[trace] step  458  <u>=1.028460e-02  max|u|=1.803988e-01  max|v|=1.165793e-01  max|w|=1.199366e-01  maxdiv=3.3209e-08  iters=35
[trace] step  459  <u>=1.028460e-02  max|u|=1.803988e-01  max|v|=1.165793e-01  max|w|=1.199366e-01  maxdiv=3.7797e-08  iters=35
[trace] step  460  <u>=1.028460e-02  max|u|=1.803988e-01  max|v|=1.165793e-01  max|w|=1.199366e-01  maxdiv=4.3940e-08  iters=35
[trace] step  461  <u>=1.028460e-02  max|u|=1.803988e-01  max|v|=1.165793e-01  max|w|=1.199366e-01  maxdiv=5.2599e-08  iters=35
[trace] step  462  <u>=1.028460e-02  max|u|=1.803988e-01  max|v|=1.165793e-01  max|w|=1.199366e-01  maxdiv=6.5744e-08  iters=35
[trace] step  463  <u>=1.028460e-02  max|u|=1.803988e-01  max|v|=1.165793e-01  max|w|=1.199366e-01  maxdiv=8.8175e-08  iters=35
[trace] step  464  <u>=1.028460e-02  max|u|=1.803988e-01  max|v|=1.165793e-01  max|w|=1.199366e-01  maxdiv=1.3561e-07  iters=35
[trace] step  465  <u>=1.028460e-02  max|u|=1.803988e-01  max|v|=1.165793e-01  max|w|=1.199366e-01  maxdiv=3.1038e-07  iters=35
[trace] step  466  <u>=1.028460e-02  max|u|=1.803988e-01  max|v|=1.165793e-01  max|w|=1.199366e-01  maxdiv=9.5832e-10  iters=34
[trace] step  467  <u>=1.028460e-02  max|u|=1.803988e-01  max|v|=1.165793e-01  max|w|=1.199366e-01  maxdiv=9.6092e-10  iters=34
[trace] step  468  <u>=1.028460e-02  max|u|=1.803988e-01  max|v|=1.165793e-01  max|w|=1.199366e-01  maxdiv=9.6113e-10  iters=34
[trace] step  469  <u>=1.028460e-02  max|u|=1.803988e-01  max|v|=1.165793e-01  max|w|=1.199366e-01  maxdiv=9.6113e-10  iters=34
[trace] step  470  <u>=1.028460e-02  max|u|=1.803988e-01  max|v|=1.165793e-01  max|w|=1.199366e-01  maxdiv=9.6107e-10  iters=34
[trace] step  471  <u>=1.028460e-02  max|u|=1.803988e-01  max|v|=1.165793e-01  max|w|=1.199366e-01  maxdiv=9.6101e-10  iters=34
[trace] step  472  <u>=1.028460e-02  max|u|=1.803988e-01  max|v|=1.165792e-01  max|w|=1.199366e-01  maxdiv=9.6095e-10  iters=34
[trace] step  473  <u>=1.028460e-02  max|u|=1.803988e-01  max|v|=1.165792e-01  max|w|=1.199366e-01  maxdiv=9.6090e-10  iters=34
[trace] step  474  <u>=1.028459e-02  max|u|=1.803987e-01  max|v|=1.165792e-01  max|w|=1.199366e-01  maxdiv=9.6088e-10  iters=34
[trace] step  475  <u>=1.028459e-02  max|u|=1.803987e-01  max|v|=1.165792e-01  max|w|=1.199366e-01  maxdiv=9.6087e-10  iters=34
[trace] step  476  <u>=1.028459e-02  max|u|=1.803987e-01  max|v|=1.165792e-01  max|w|=1.199366e-01  maxdiv=9.6089e-10  iters=34
[trace] step  477  <u>=1.028459e-02  max|u|=1.803987e-01  max|v|=1.165792e-01  max|w|=1.199366e-01  maxdiv=9.6094e-10  iters=34
[trace] step  478  <u>=1.028459e-02  max|u|=1.803987e-01  max|v|=1.165792e-01  max|w|=1.199366e-01  maxdiv=9.6101e-10  iters=34
[trace] step  479  <u>=1.028459e-02  max|u|=1.803987e-01  max|v|=1.165792e-01  max|w|=1.199366e-01  maxdiv=9.6111e-10  iters=34
[trace] step  480  <u>=1.028459e-02  max|u|=1.803987e-01  max|v|=1.165792e-01  max|w|=1.199366e-01  maxdiv=9.6124e-10  iters=34
[trace] step  481  <u>=1.028459e-02  max|u|=1.803987e-01  max|v|=1.165792e-01  max|w|=1.199366e-01  maxdiv=9.6140e-10  iters=34
[trace] step  482  <u>=1.028459e-02  max|u|=1.803987e-01  max|v|=1.165792e-01  max|w|=1.199366e-01  maxdiv=9.6160e-10  iters=34
[trace] step  483  <u>=1.028459e-02  max|u|=1.803987e-01  max|v|=1.165792e-01  max|w|=1.199366e-01  maxdiv=9.6183e-10  iters=34
[trace] step  484  <u>=1.028459e-02  max|u|=1.803987e-01  max|v|=1.165792e-01  max|w|=1.199366e-01  maxdiv=9.6209e-10  iters=34
[trace] step  485  <u>=1.028459e-02  max|u|=1.803987e-01  max|v|=1.165792e-01  max|w|=1.199366e-01  maxdiv=9.6239e-10  iters=34
[trace] step  486  <u>=1.028459e-02  max|u|=1.803987e-01  max|v|=1.165792e-01  max|w|=1.199366e-01  maxdiv=9.6272e-10  iters=34
[trace] step  487  <u>=1.028459e-02  max|u|=1.803987e-01  max|v|=1.165792e-01  max|w|=1.199366e-01  maxdiv=9.6310e-10  iters=34
[trace] step  488  <u>=1.028459e-02  max|u|=1.803987e-01  max|v|=1.165792e-01  max|w|=1.199366e-01  maxdiv=9.6351e-10  iters=34
[trace] step  489  <u>=1.028459e-02  max|u|=1.803987e-01  max|v|=1.165792e-01  max|w|=1.199366e-01  maxdiv=9.6396e-10  iters=34
[trace] step  490  <u>=1.028459e-02  max|u|=1.803987e-01  max|v|=1.165792e-01  max|w|=1.199366e-01  maxdiv=9.6445e-10  iters=34
[trace] step  491  <u>=1.028459e-02  max|u|=1.803987e-01  max|v|=1.165792e-01  max|w|=1.199366e-01  maxdiv=9.6498e-10  iters=34
[trace] step  492  <u>=1.028459e-02  max|u|=1.803987e-01  max|v|=1.165792e-01  max|w|=1.199366e-01  maxdiv=9.6556e-10  iters=34
[trace] step  493  <u>=1.028459e-02  max|u|=1.803987e-01  max|v|=1.165792e-01  max|w|=1.199366e-01  maxdiv=9.6618e-10  iters=34
[trace] step  494  <u>=1.028458e-02  max|u|=1.803987e-01  max|v|=1.165792e-01  max|w|=1.199366e-01  maxdiv=9.6684e-10  iters=34
[trace] step  495  <u>=1.028458e-02  max|u|=1.803987e-01  max|v|=1.165792e-01  max|w|=1.199365e-01  maxdiv=9.6755e-10  iters=34
[trace] step  496  <u>=1.028458e-02  max|u|=1.803987e-01  max|v|=1.165792e-01  max|w|=1.199365e-01  maxdiv=9.6830e-10  iters=34
[trace] step  497  <u>=1.028458e-02  max|u|=1.803987e-01  max|v|=1.165792e-01  max|w|=1.199365e-01  maxdiv=9.6911e-10  iters=34
[trace] step  498  <u>=1.028458e-02  max|u|=1.803987e-01  max|v|=1.165792e-01  max|w|=1.199365e-01  maxdiv=9.6996e-10  iters=34
[trace] step  499  <u>=1.028458e-02  max|u|=1.803987e-01  max|v|=1.165792e-01  max|w|=1.199365e-01  maxdiv=9.7399e-10  iters=34
[trace] step  500  <u>=1.028458e-02  max|u|=1.803987e-01  max|v|=1.165792e-01  max|w|=1.199365e-01  maxdiv=9.8001e-10  iters=34
[trace] step  501  <u>=1.028458e-02  max|u|=1.803987e-01  max|v|=1.165792e-01  max|w|=1.199365e-01  maxdiv=9.8611e-10  iters=34
[trace] step  502  <u>=1.028458e-02  max|u|=1.803987e-01  max|v|=1.165792e-01  max|w|=1.199365e-01  maxdiv=9.9230e-10  iters=34
[trace] step  503  <u>=1.028458e-02  max|u|=1.803987e-01  max|v|=1.165792e-01  max|w|=1.199365e-01  maxdiv=9.9858e-10  iters=34
[trace] step  504  <u>=1.028458e-02  max|u|=1.803987e-01  max|v|=1.165792e-01  max|w|=1.199365e-01  maxdiv=1.0050e-09  iters=34
[trace] step  505  <u>=1.028458e-02  max|u|=1.803987e-01  max|v|=1.165792e-01  max|w|=1.199365e-01  maxdiv=1.0114e-09  iters=34
[trace] step  506  <u>=1.028458e-02  max|u|=1.803987e-01  max|v|=1.165792e-01  max|w|=1.199365e-01  maxdiv=1.0180e-09  iters=34
[trace] step  507  <u>=1.028458e-02  max|u|=1.803987e-01  max|v|=1.165792e-01  max|w|=1.199365e-01  maxdiv=1.0247e-09  iters=34
[trace] step  508  <u>=1.028458e-02  max|u|=1.803987e-01  max|v|=1.165792e-01  max|w|=1.199365e-01  maxdiv=1.0315e-09  iters=34
[trace] step  509  <u>=1.028458e-02  max|u|=1.803987e-01  max|v|=1.165792e-01  max|w|=1.199365e-01  maxdiv=1.0383e-09  iters=34
[trace] step  510  <u>=1.028458e-02  max|u|=1.803987e-01  max|v|=1.165792e-01  max|w|=1.199365e-01  maxdiv=1.0453e-09  iters=34
[trace] step  511  <u>=1.028458e-02  max|u|=1.803987e-01  max|v|=1.165792e-01  max|w|=1.199365e-01  maxdiv=1.0525e-09  iters=34
[trace] step  512  <u>=1.028458e-02  max|u|=1.803987e-01  max|v|=1.165792e-01  max|w|=1.199365e-01  maxdiv=1.0597e-09  iters=34
[trace] step  513  <u>=1.028458e-02  max|u|=1.803987e-01  max|v|=1.165792e-01  max|w|=1.199365e-01  maxdiv=1.0670e-09  iters=34
[trace] step  514  <u>=1.028458e-02  max|u|=1.803987e-01  max|v|=1.165792e-01  max|w|=1.199365e-01  maxdiv=1.0745e-09  iters=34
[trace] step  515  <u>=1.028458e-02  max|u|=1.803987e-01  max|v|=1.165792e-01  max|w|=1.199365e-01  maxdiv=1.0821e-09  iters=34
[trace] step  516  <u>=1.028458e-02  max|u|=1.803987e-01  max|v|=1.165792e-01  max|w|=1.199365e-01  maxdiv=1.0898e-09  iters=34
[trace] step  517  <u>=1.028458e-02  max|u|=1.803987e-01  max|v|=1.165792e-01  max|w|=1.199365e-01  maxdiv=1.0977e-09  iters=34
[trace] step  518  <u>=1.028457e-02  max|u|=1.803987e-01  max|v|=1.165792e-01  max|w|=1.199365e-01  maxdiv=1.1057e-09  iters=34
[trace] step  519  <u>=1.028457e-02  max|u|=1.803987e-01  max|v|=1.165792e-01  max|w|=1.199365e-01  maxdiv=1.1138e-09  iters=34
[trace] step  520  <u>=1.028457e-02  max|u|=1.803987e-01  max|v|=1.165792e-01  max|w|=1.199365e-01  maxdiv=1.1221e-09  iters=34
[trace] step  521  <u>=1.028457e-02  max|u|=1.803987e-01  max|v|=1.165792e-01  max|w|=1.199365e-01  maxdiv=1.1306e-09  iters=34
[trace] step  522  <u>=1.028457e-02  max|u|=1.803987e-01  max|v|=1.165792e-01  max|w|=1.199365e-01  maxdiv=1.1391e-09  iters=34
[trace] step  523  <u>=1.028457e-02  max|u|=1.803987e-01  max|v|=1.165792e-01  max|w|=1.199365e-01  maxdiv=1.1479e-09  iters=34
[trace] step  524  <u>=1.028457e-02  max|u|=1.803987e-01  max|v|=1.165792e-01  max|w|=1.199365e-01  maxdiv=1.1568e-09  iters=34
[trace] step  525  <u>=1.028457e-02  max|u|=1.803987e-01  max|v|=1.165792e-01  max|w|=1.199365e-01  maxdiv=1.1659e-09  iters=34
[trace] step  526  <u>=1.028457e-02  max|u|=1.803987e-01  max|v|=1.165792e-01  max|w|=1.199365e-01  maxdiv=1.1751e-09  iters=34
[trace] step  527  <u>=1.028457e-02  max|u|=1.803987e-01  max|v|=1.165792e-01  max|w|=1.199365e-01  maxdiv=1.1846e-09  iters=34
[trace] step  528  <u>=1.028457e-02  max|u|=1.803987e-01  max|v|=1.165792e-01  max|w|=1.199365e-01  maxdiv=1.1942e-09  iters=34
[trace] step  529  <u>=1.028457e-02  max|u|=1.803987e-01  max|v|=1.165792e-01  max|w|=1.199365e-01  maxdiv=1.2040e-09  iters=34
[trace] step  530  <u>=1.028457e-02  max|u|=1.803987e-01  max|v|=1.165792e-01  max|w|=1.199365e-01  maxdiv=1.2140e-09  iters=34
[trace] step  531  <u>=1.028457e-02  max|u|=1.803987e-01  max|v|=1.165792e-01  max|w|=1.199365e-01  maxdiv=1.2242e-09  iters=34
[trace] step  532  <u>=1.028457e-02  max|u|=1.803987e-01  max|v|=1.165792e-01  max|w|=1.199365e-01  maxdiv=1.2346e-09  iters=34
[trace] step  533  <u>=1.028457e-02  max|u|=1.803987e-01  max|v|=1.165792e-01  max|w|=1.199365e-01  maxdiv=1.2452e-09  iters=34
[trace] step  534  <u>=1.028457e-02  max|u|=1.803987e-01  max|v|=1.165792e-01  max|w|=1.199365e-01  maxdiv=1.2560e-09  iters=34
[trace] step  535  <u>=1.028457e-02  max|u|=1.803987e-01  max|v|=1.165792e-01  max|w|=1.199365e-01  maxdiv=1.2671e-09  iters=34
[trace] step  536  <u>=1.028457e-02  max|u|=1.803987e-01  max|v|=1.165792e-01  max|w|=1.199365e-01  maxdiv=1.2784e-09  iters=34
[trace] step  537  <u>=1.028457e-02  max|u|=1.803987e-01  max|v|=1.165792e-01  max|w|=1.199365e-01  maxdiv=1.2900e-09  iters=34
[trace] step  538  <u>=1.028457e-02  max|u|=1.803987e-01  max|v|=1.165792e-01  max|w|=1.199365e-01  maxdiv=1.3018e-09  iters=34
[trace] step  539  <u>=1.028457e-02  max|u|=1.803987e-01  max|v|=1.165791e-01  max|w|=1.199365e-01  maxdiv=1.3139e-09  iters=34
[trace] step  540  <u>=1.028457e-02  max|u|=1.803987e-01  max|v|=1.165791e-01  max|w|=1.199365e-01  maxdiv=1.3262e-09  iters=34
[trace] step  541  <u>=1.028457e-02  max|u|=1.803987e-01  max|v|=1.165791e-01  max|w|=1.199365e-01  maxdiv=1.3388e-09  iters=34
[trace] step  542  <u>=1.028457e-02  max|u|=1.803987e-01  max|v|=1.165791e-01  max|w|=1.199365e-01  maxdiv=1.3517e-09  iters=34
[trace] step  543  <u>=1.028457e-02  max|u|=1.803987e-01  max|v|=1.165791e-01  max|w|=1.199365e-01  maxdiv=1.3650e-09  iters=34
[trace] step  544  <u>=1.028457e-02  max|u|=1.803987e-01  max|v|=1.165791e-01  max|w|=1.199365e-01  maxdiv=1.3785e-09  iters=34
[trace] step  545  <u>=1.028456e-02  max|u|=1.803987e-01  max|v|=1.165791e-01  max|w|=1.199365e-01  maxdiv=1.3923e-09  iters=34
[trace] step  546  <u>=1.028456e-02  max|u|=1.803987e-01  max|v|=1.165791e-01  max|w|=1.199365e-01  maxdiv=1.4065e-09  iters=34
[trace] step  547  <u>=1.028456e-02  max|u|=1.803987e-01  max|v|=1.165791e-01  max|w|=1.199365e-01  maxdiv=1.4210e-09  iters=34
[trace] step  548  <u>=1.028456e-02  max|u|=1.803987e-01  max|v|=1.165791e-01  max|w|=1.199365e-01  maxdiv=1.4359e-09  iters=34
[trace] step  549  <u>=1.028456e-02  max|u|=1.803987e-01  max|v|=1.165791e-01  max|w|=1.199365e-01  maxdiv=1.4512e-09  iters=34
[trace] step  550  <u>=1.028456e-02  max|u|=1.803987e-01  max|v|=1.165791e-01  max|w|=1.199365e-01  maxdiv=1.4669e-09  iters=34
[trace] step  551  <u>=1.028456e-02  max|u|=1.803987e-01  max|v|=1.165791e-01  max|w|=1.199365e-01  maxdiv=1.4829e-09  iters=34
[trace] step  552  <u>=1.028456e-02  max|u|=1.803987e-01  max|v|=1.165791e-01  max|w|=1.199365e-01  maxdiv=1.4994e-09  iters=34
[trace] step  553  <u>=1.028456e-02  max|u|=1.803987e-01  max|v|=1.165791e-01  max|w|=1.199365e-01  maxdiv=1.5163e-09  iters=34
[trace] step  554  <u>=1.028456e-02  max|u|=1.803987e-01  max|v|=1.165791e-01  max|w|=1.199365e-01  maxdiv=1.5337e-09  iters=34
[trace] step  555  <u>=1.028456e-02  max|u|=1.803987e-01  max|v|=1.165791e-01  max|w|=1.199365e-01  maxdiv=1.5515e-09  iters=34
[trace] step  556  <u>=1.028456e-02  max|u|=1.803986e-01  max|v|=1.165791e-01  max|w|=1.199365e-01  maxdiv=1.5699e-09  iters=34
[trace] step  557  <u>=1.028456e-02  max|u|=1.803986e-01  max|v|=1.165791e-01  max|w|=1.199365e-01  maxdiv=1.5887e-09  iters=34
[trace] step  558  <u>=1.028456e-02  max|u|=1.803986e-01  max|v|=1.165791e-01  max|w|=1.199365e-01  maxdiv=1.6081e-09  iters=34
[trace] step  559  <u>=1.028456e-02  max|u|=1.803986e-01  max|v|=1.165791e-01  max|w|=1.199365e-01  maxdiv=1.6281e-09  iters=34
[trace] step  560  <u>=1.028456e-02  max|u|=1.803986e-01  max|v|=1.165791e-01  max|w|=1.199365e-01  maxdiv=1.6486e-09  iters=34
[trace] step  561  <u>=1.028456e-02  max|u|=1.803986e-01  max|v|=1.165791e-01  max|w|=1.199365e-01  maxdiv=1.6697e-09  iters=34
[trace] step  562  <u>=1.028456e-02  max|u|=1.803986e-01  max|v|=1.165791e-01  max|w|=1.199365e-01  maxdiv=1.6915e-09  iters=34
[trace] step  563  <u>=1.028456e-02  max|u|=1.803986e-01  max|v|=1.165791e-01  max|w|=1.199365e-01  maxdiv=1.7140e-09  iters=34
[trace] step  564  <u>=1.028456e-02  max|u|=1.803986e-01  max|v|=1.165791e-01  max|w|=1.199365e-01  maxdiv=1.7371e-09  iters=34
[trace] step  565  <u>=1.028456e-02  max|u|=1.803986e-01  max|v|=1.165791e-01  max|w|=1.199365e-01  maxdiv=1.7610e-09  iters=34
[trace] step  566  <u>=1.028456e-02  max|u|=1.803986e-01  max|v|=1.165791e-01  max|w|=1.199365e-01  maxdiv=1.7857e-09  iters=34
[trace] step  567  <u>=1.028456e-02  max|u|=1.803986e-01  max|v|=1.165791e-01  max|w|=1.199365e-01  maxdiv=1.8112e-09  iters=34
[trace] step  568  <u>=1.028456e-02  max|u|=1.803986e-01  max|v|=1.165791e-01  max|w|=1.199365e-01  maxdiv=1.8375e-09  iters=34
[trace] step  569  <u>=1.028456e-02  max|u|=1.803986e-01  max|v|=1.165791e-01  max|w|=1.199365e-01  maxdiv=1.8647e-09  iters=34
[trace] step  570  <u>=1.028456e-02  max|u|=1.803986e-01  max|v|=1.165791e-01  max|w|=1.199365e-01  maxdiv=1.8929e-09  iters=34
[trace] step  571  <u>=1.028456e-02  max|u|=1.803986e-01  max|v|=1.165791e-01  max|w|=1.199365e-01  maxdiv=1.9220e-09  iters=34
[trace] step  572  <u>=1.028456e-02  max|u|=1.803986e-01  max|v|=1.165791e-01  max|w|=1.199365e-01  maxdiv=1.9522e-09  iters=34
[trace] step  573  <u>=1.028456e-02  max|u|=1.803986e-01  max|v|=1.165791e-01  max|w|=1.199365e-01  maxdiv=1.9835e-09  iters=34
[trace] step  574  <u>=1.028456e-02  max|u|=1.803986e-01  max|v|=1.165791e-01  max|w|=1.199365e-01  maxdiv=2.0159e-09  iters=34
[trace] step  575  <u>=1.028456e-02  max|u|=1.803986e-01  max|v|=1.165791e-01  max|w|=1.199365e-01  maxdiv=2.0495e-09  iters=34
[trace] step  576  <u>=1.028455e-02  max|u|=1.803986e-01  max|v|=1.165791e-01  max|w|=1.199365e-01  maxdiv=2.0845e-09  iters=34
[trace] step  577  <u>=1.028455e-02  max|u|=1.803986e-01  max|v|=1.165791e-01  max|w|=1.199365e-01  maxdiv=2.1208e-09  iters=34
[trace] step  578  <u>=1.028455e-02  max|u|=1.803986e-01  max|v|=1.165791e-01  max|w|=1.199365e-01  maxdiv=2.1586e-09  iters=34
[trace] step  579  <u>=1.028455e-02  max|u|=1.803986e-01  max|v|=1.165791e-01  max|w|=1.199365e-01  maxdiv=2.1979e-09  iters=34
[trace] step  580  <u>=1.028455e-02  max|u|=1.803986e-01  max|v|=1.165791e-01  max|w|=1.199365e-01  maxdiv=2.2389e-09  iters=34
[trace] step  581  <u>=1.028455e-02  max|u|=1.803986e-01  max|v|=1.165791e-01  max|w|=1.199365e-01  maxdiv=2.2816e-09  iters=34
[trace] step  582  <u>=1.028455e-02  max|u|=1.803986e-01  max|v|=1.165791e-01  max|w|=1.199365e-01  maxdiv=2.3262e-09  iters=34
[trace] step  583  <u>=1.028455e-02  max|u|=1.803986e-01  max|v|=1.165791e-01  max|w|=1.199365e-01  maxdiv=2.3727e-09  iters=34
[trace] step  584  <u>=1.028455e-02  max|u|=1.803986e-01  max|v|=1.165791e-01  max|w|=1.199365e-01  maxdiv=2.4214e-09  iters=34
[trace] step  585  <u>=1.028455e-02  max|u|=1.803986e-01  max|v|=1.165791e-01  max|w|=1.199365e-01  maxdiv=2.4723e-09  iters=34
[trace] step  586  <u>=1.028455e-02  max|u|=1.803986e-01  max|v|=1.165791e-01  max|w|=1.199365e-01  maxdiv=2.5257e-09  iters=34
[trace] step  587  <u>=1.028455e-02  max|u|=1.803986e-01  max|v|=1.165791e-01  max|w|=1.199365e-01  maxdiv=2.5816e-09  iters=34
[trace] step  588  <u>=1.028455e-02  max|u|=1.803986e-01  max|v|=1.165791e-01  max|w|=1.199365e-01  maxdiv=2.6404e-09  iters=34
[trace] step  589  <u>=1.028455e-02  max|u|=1.803986e-01  max|v|=1.165791e-01  max|w|=1.199365e-01  maxdiv=2.7022e-09  iters=34
[trace] step  590  <u>=1.028455e-02  max|u|=1.803986e-01  max|v|=1.165791e-01  max|w|=1.199365e-01  maxdiv=2.7672e-09  iters=34
[trace] step  591  <u>=1.028455e-02  max|u|=1.803986e-01  max|v|=1.165791e-01  max|w|=1.199365e-01  maxdiv=2.8357e-09  iters=34
[trace] step  592  <u>=1.028455e-02  max|u|=1.803986e-01  max|v|=1.165791e-01  max|w|=1.199365e-01  maxdiv=2.9081e-09  iters=34
[trace] step  593  <u>=1.028455e-02  max|u|=1.803986e-01  max|v|=1.165791e-01  max|w|=1.199365e-01  maxdiv=2.9846e-09  iters=34
[trace] step  594  <u>=1.028455e-02  max|u|=1.803986e-01  max|v|=1.165791e-01  max|w|=1.199365e-01  maxdiv=3.0656e-09  iters=34
[trace] step  595  <u>=1.028455e-02  max|u|=1.803986e-01  max|v|=1.165791e-01  max|w|=1.199365e-01  maxdiv=3.1515e-09  iters=34
[trace] step  596  <u>=1.028455e-02  max|u|=1.803986e-01  max|v|=1.165791e-01  max|w|=1.199365e-01  maxdiv=3.2427e-09  iters=34
[trace] step  597  <u>=1.028455e-02  max|u|=1.803986e-01  max|v|=1.165791e-01  max|w|=1.199365e-01  maxdiv=3.3399e-09  iters=34
[trace] step  598  <u>=1.028455e-02  max|u|=1.803986e-01  max|v|=1.165791e-01  max|w|=1.199365e-01  maxdiv=3.4435e-09  iters=34
[trace] step  599  <u>=1.028455e-02  max|u|=1.803986e-01  max|v|=1.165791e-01  max|w|=1.199365e-01  maxdiv=3.5543e-09  iters=34
[trace] step  600  <u>=1.028455e-02  max|u|=1.803986e-01  max|v|=1.165791e-01  max|w|=1.199365e-01  maxdiv=3.6730e-09  iters=34
[trace] step  601  <u>=1.028455e-02  max|u|=1.803986e-01  max|v|=1.165791e-01  max|w|=1.199365e-01  maxdiv=3.8005e-09  iters=34
[trace] step  602  <u>=1.028455e-02  max|u|=1.803986e-01  max|v|=1.165791e-01  max|w|=1.199365e-01  maxdiv=3.9377e-09  iters=34
[trace] step  603  <u>=1.028455e-02  max|u|=1.803986e-01  max|v|=1.165791e-01  max|w|=1.199365e-01  maxdiv=4.0860e-09  iters=34
[trace] step  604  <u>=1.028455e-02  max|u|=1.803986e-01  max|v|=1.165791e-01  max|w|=1.199365e-01  maxdiv=4.2466e-09  iters=34
[trace] step  605  <u>=1.028455e-02  max|u|=1.803986e-01  max|v|=1.165791e-01  max|w|=1.199365e-01  maxdiv=4.4211e-09  iters=34
[trace] step  606  <u>=1.028455e-02  max|u|=1.803986e-01  max|v|=1.165791e-01  max|w|=1.199365e-01  maxdiv=4.6115e-09  iters=34
[trace] step  607  <u>=1.028455e-02  max|u|=1.803986e-01  max|v|=1.165791e-01  max|w|=1.199365e-01  maxdiv=4.8201e-09  iters=34
[trace] step  608  <u>=1.028455e-02  max|u|=1.803986e-01  max|v|=1.165791e-01  max|w|=1.199365e-01  maxdiv=5.0494e-09  iters=34
[trace] step  609  <u>=1.028455e-02  max|u|=1.803986e-01  max|v|=1.165791e-01  max|w|=1.199365e-01  maxdiv=5.3029e-09  iters=34
[trace] step  610  <u>=1.028455e-02  max|u|=1.803986e-01  max|v|=1.165791e-01  max|w|=1.199365e-01  maxdiv=5.5844e-09  iters=34
[trace] step  611  <u>=1.028455e-02  max|u|=1.803986e-01  max|v|=1.165791e-01  max|w|=1.199365e-01  maxdiv=5.8990e-09  iters=34
[trace] step  612  <u>=1.028455e-02  max|u|=1.803986e-01  max|v|=1.165791e-01  max|w|=1.199365e-01  maxdiv=6.2529e-09  iters=34
[trace] step  613  <u>=1.028454e-02  max|u|=1.803986e-01  max|v|=1.165791e-01  max|w|=1.199365e-01  maxdiv=6.6539e-09  iters=34
[trace] step  614  <u>=1.028454e-02  max|u|=1.803986e-01  max|v|=1.165791e-01  max|w|=1.199365e-01  maxdiv=7.1119e-09  iters=34
[trace] step  615  <u>=1.028454e-02  max|u|=1.803986e-01  max|v|=1.165791e-01  max|w|=1.199365e-01  maxdiv=7.6403e-09  iters=34
[trace] step  616  <u>=1.028454e-02  max|u|=1.803986e-01  max|v|=1.165791e-01  max|w|=1.199365e-01  maxdiv=8.2564e-09  iters=34
[trace] step  617  <u>=1.028454e-02  max|u|=1.803986e-01  max|v|=1.165791e-01  max|w|=1.199365e-01  maxdiv=8.9841e-09  iters=34
[trace] step  618  <u>=1.028454e-02  max|u|=1.803986e-01  max|v|=1.165791e-01  max|w|=1.199365e-01  maxdiv=9.8567e-09  iters=34
[trace] step  619  <u>=1.028454e-02  max|u|=1.803986e-01  max|v|=1.165791e-01  max|w|=1.199365e-01  maxdiv=1.0922e-08  iters=34
[trace] step  620  <u>=1.028454e-02  max|u|=1.803986e-01  max|v|=1.165791e-01  max|w|=1.199365e-01  maxdiv=1.2253e-08  iters=34
[trace] step  621  <u>=1.028454e-02  max|u|=1.803986e-01  max|v|=1.165791e-01  max|w|=1.199365e-01  maxdiv=1.3961e-08  iters=34
[trace] step  622  <u>=1.028454e-02  max|u|=1.803986e-01  max|v|=1.165791e-01  max|w|=1.199365e-01  maxdiv=1.6233e-08  iters=34
[trace] step  623  <u>=1.028454e-02  max|u|=1.803986e-01  max|v|=1.165791e-01  max|w|=1.199365e-01  maxdiv=1.9405e-08  iters=34
[trace] step  624  <u>=1.028454e-02  max|u|=1.803986e-01  max|v|=1.165791e-01  max|w|=1.199365e-01  maxdiv=2.4142e-08  iters=34
[trace] step  625  <u>=1.028454e-02  max|u|=1.803986e-01  max|v|=1.165791e-01  max|w|=1.199365e-01  maxdiv=3.1976e-08  iters=34
[trace] step  626  <u>=1.028454e-02  max|u|=1.803986e-01  max|v|=1.165791e-01  max|w|=1.199365e-01  maxdiv=4.7407e-08  iters=34
[trace] step  627  <u>=1.028454e-02  max|u|=1.803986e-01  max|v|=1.165791e-01  max|w|=1.199365e-01  maxdiv=1.1390e-11  iters=15
[trace] step  628  <u>=1.028454e-02  max|u|=1.803986e-01  max|v|=1.165791e-01  max|w|=1.199365e-01  maxdiv=1.1375e-11  iters=15
[trace] step  629  <u>=1.028454e-02  max|u|=1.803986e-01  max|v|=1.165791e-01  max|w|=1.199365e-01  maxdiv=1.1361e-11  iters=15
[trace] step  630  <u>=1.028454e-02  max|u|=1.803986e-01  max|v|=1.165791e-01  max|w|=1.199365e-01  maxdiv=1.1346e-11  iters=15
[trace] step  631  <u>=1.028454e-02  max|u|=1.803986e-01  max|v|=1.165791e-01  max|w|=1.199365e-01  maxdiv=1.1332e-11  iters=15
[trace] step  632  <u>=1.028454e-02  max|u|=1.803986e-01  max|v|=1.165791e-01  max|w|=1.199365e-01  maxdiv=1.1317e-11  iters=15
[trace] step  633  <u>=1.028454e-02  max|u|=1.803986e-01  max|v|=1.165791e-01  max|w|=1.199365e-01  maxdiv=1.1303e-11  iters=15
[trace] step  634  <u>=1.028454e-02  max|u|=1.803986e-01  max|v|=1.165791e-01  max|w|=1.199365e-01  maxdiv=1.1288e-11  iters=15
[trace] step  635  <u>=1.028454e-02  max|u|=1.803986e-01  max|v|=1.165791e-01  max|w|=1.199365e-01  maxdiv=1.1274e-11  iters=15
[trace] step  636  <u>=1.028454e-02  max|u|=1.803986e-01  max|v|=1.165791e-01  max|w|=1.199365e-01  maxdiv=1.1260e-11  iters=15
[trace] step  637  <u>=1.028454e-02  max|u|=1.803986e-01  max|v|=1.165791e-01  max|w|=1.199365e-01  maxdiv=1.1245e-11  iters=15
[trace] step  638  <u>=1.028454e-02  max|u|=1.803986e-01  max|v|=1.165791e-01  max|w|=1.199365e-01  maxdiv=1.1231e-11  iters=15
[trace] step  639  <u>=1.028454e-02  max|u|=1.803986e-01  max|v|=1.165791e-01  max|w|=1.199365e-01  maxdiv=1.1217e-11  iters=15
[trace] step  640  <u>=1.028454e-02  max|u|=1.803986e-01  max|v|=1.165791e-01  max|w|=1.199365e-01  maxdiv=1.1203e-11  iters=15
[trace] step  641  <u>=1.028454e-02  max|u|=1.803986e-01  max|v|=1.165790e-01  max|w|=1.199365e-01  maxdiv=1.1188e-11  iters=15
[trace] step  642  <u>=1.028454e-02  max|u|=1.803986e-01  max|v|=1.165790e-01  max|w|=1.199365e-01  maxdiv=1.1174e-11  iters=15
[trace] step  643  <u>=1.028454e-02  max|u|=1.803986e-01  max|v|=1.165790e-01  max|w|=1.199365e-01  maxdiv=1.1160e-11  iters=15
[trace] step  644  <u>=1.028454e-02  max|u|=1.803986e-01  max|v|=1.165790e-01  max|w|=1.199365e-01  maxdiv=1.1146e-11  iters=15
[trace] step  645  <u>=1.028454e-02  max|u|=1.803986e-01  max|v|=1.165790e-01  max|w|=1.199365e-01  maxdiv=1.1132e-11  iters=15
[trace] step  646  <u>=1.028454e-02  max|u|=1.803986e-01  max|v|=1.165790e-01  max|w|=1.199365e-01  maxdiv=1.1118e-11  iters=15
[trace] step  647  <u>=1.028454e-02  max|u|=1.803986e-01  max|v|=1.165790e-01  max|w|=1.199365e-01  maxdiv=1.1104e-11  iters=15
[trace] step  648  <u>=1.028454e-02  max|u|=1.803986e-01  max|v|=1.165790e-01  max|w|=1.199365e-01  maxdiv=1.1090e-11  iters=15
[trace] step  649  <u>=1.028454e-02  max|u|=1.803986e-01  max|v|=1.165790e-01  max|w|=1.199365e-01  maxdiv=1.1076e-11  iters=15
[trace] step  650  <u>=1.028454e-02  max|u|=1.803986e-01  max|v|=1.165790e-01  max|w|=1.199365e-01  maxdiv=1.1062e-11  iters=15
[trace] step  651  <u>=1.028454e-02  max|u|=1.803986e-01  max|v|=1.165790e-01  max|w|=1.199365e-01  maxdiv=1.1048e-11  iters=15
[trace] step  652  <u>=1.028454e-02  max|u|=1.803986e-01  max|v|=1.165790e-01  max|w|=1.199365e-01  maxdiv=1.1034e-11  iters=15
[trace] step  653  <u>=1.028454e-02  max|u|=1.803986e-01  max|v|=1.165790e-01  max|w|=1.199365e-01  maxdiv=1.1020e-11  iters=15
[trace] step  654  <u>=1.028454e-02  max|u|=1.803986e-01  max|v|=1.165790e-01  max|w|=1.199365e-01  maxdiv=1.1006e-11  iters=15
[trace] step  655  <u>=1.028454e-02  max|u|=1.803986e-01  max|v|=1.165790e-01  max|w|=1.199365e-01  maxdiv=1.0992e-11  iters=15
[trace] step  656  <u>=1.028454e-02  max|u|=1.803986e-01  max|v|=1.165790e-01  max|w|=1.199365e-01  maxdiv=1.0978e-11  iters=15
[trace] step  657  <u>=1.028453e-02  max|u|=1.803986e-01  max|v|=1.165790e-01  max|w|=1.199365e-01  maxdiv=1.0965e-11  iters=15
[trace] step  658  <u>=1.028453e-02  max|u|=1.803986e-01  max|v|=1.165790e-01  max|w|=1.199365e-01  maxdiv=1.0951e-11  iters=15
[trace] step  659  <u>=1.028453e-02  max|u|=1.803986e-01  max|v|=1.165790e-01  max|w|=1.199365e-01  maxdiv=1.0937e-11  iters=15
[trace] step  660  <u>=1.028453e-02  max|u|=1.803986e-01  max|v|=1.165790e-01  max|w|=1.199365e-01  maxdiv=1.0923e-11  iters=15
[trace] step  661  <u>=1.028453e-02  max|u|=1.803986e-01  max|v|=1.165790e-01  max|w|=1.199365e-01  maxdiv=1.0910e-11  iters=15
[trace] step  662  <u>=1.028453e-02  max|u|=1.803986e-01  max|v|=1.165790e-01  max|w|=1.199365e-01  maxdiv=1.0896e-11  iters=15
[trace] step  663  <u>=1.028453e-02  max|u|=1.803986e-01  max|v|=1.165790e-01  max|w|=1.199365e-01  maxdiv=1.0882e-11  iters=15
[trace] step  664  <u>=1.028453e-02  max|u|=1.803986e-01  max|v|=1.165790e-01  max|w|=1.199365e-01  maxdiv=1.0869e-11  iters=15
[trace] step  665  <u>=1.028453e-02  max|u|=1.803986e-01  max|v|=1.165790e-01  max|w|=1.199365e-01  maxdiv=1.0855e-11  iters=15
[trace] step  666  <u>=1.028453e-02  max|u|=1.803986e-01  max|v|=1.165790e-01  max|w|=1.199365e-01  maxdiv=1.0841e-11  iters=15
[trace] step  667  <u>=1.028453e-02  max|u|=1.803986e-01  max|v|=1.165790e-01  max|w|=1.199365e-01  maxdiv=1.0828e-11  iters=15
[trace] step  668  <u>=1.028453e-02  max|u|=1.803986e-01  max|v|=1.165790e-01  max|w|=1.199365e-01  maxdiv=1.0814e-11  iters=15
[trace] step  669  <u>=1.028453e-02  max|u|=1.803986e-01  max|v|=1.165790e-01  max|w|=1.199365e-01  maxdiv=1.0801e-11  iters=15
[trace] step  670  <u>=1.028453e-02  max|u|=1.803986e-01  max|v|=1.165790e-01  max|w|=1.199365e-01  maxdiv=1.0787e-11  iters=15
[trace] step  671  <u>=1.028453e-02  max|u|=1.803986e-01  max|v|=1.165790e-01  max|w|=1.199365e-01  maxdiv=1.0774e-11  iters=15
[trace] step  672  <u>=1.028453e-02  max|u|=1.803986e-01  max|v|=1.165790e-01  max|w|=1.199365e-01  maxdiv=1.0760e-11  iters=15
[trace] step  673  <u>=1.028453e-02  max|u|=1.803986e-01  max|v|=1.165790e-01  max|w|=1.199365e-01  maxdiv=1.0747e-11  iters=15
[trace] step  674  <u>=1.028453e-02  max|u|=1.803986e-01  max|v|=1.165790e-01  max|w|=1.199365e-01  maxdiv=1.0733e-11  iters=15
[trace] step  675  <u>=1.028453e-02  max|u|=1.803986e-01  max|v|=1.165790e-01  max|w|=1.199365e-01  maxdiv=1.0720e-11  iters=15
[trace] step  676  <u>=1.028453e-02  max|u|=1.803986e-01  max|v|=1.165790e-01  max|w|=1.199365e-01  maxdiv=1.0707e-11  iters=15
[trace] step  677  <u>=1.028453e-02  max|u|=1.803986e-01  max|v|=1.165790e-01  max|w|=1.199365e-01  maxdiv=1.0693e-11  iters=15
[trace] step  678  <u>=1.028453e-02  max|u|=1.803986e-01  max|v|=1.165790e-01  max|w|=1.199365e-01  maxdiv=1.0680e-11  iters=15
[trace] step  679  <u>=1.028453e-02  max|u|=1.803986e-01  max|v|=1.165790e-01  max|w|=1.199365e-01  maxdiv=1.0667e-11  iters=15
[trace] step  680  <u>=1.028453e-02  max|u|=1.803986e-01  max|v|=1.165790e-01  max|w|=1.199365e-01  maxdiv=1.0653e-11  iters=15
[trace] step  681  <u>=1.028453e-02  max|u|=1.803986e-01  max|v|=1.165790e-01  max|w|=1.199365e-01  maxdiv=1.0640e-11  iters=15
[trace] step  682  <u>=1.028453e-02  max|u|=1.803986e-01  max|v|=1.165790e-01  max|w|=1.199365e-01  maxdiv=1.0627e-11  iters=15
[trace] step  683  <u>=1.028453e-02  max|u|=1.803986e-01  max|v|=1.165790e-01  max|w|=1.199365e-01  maxdiv=1.0614e-11  iters=15
[trace] step  684  <u>=1.028453e-02  max|u|=1.803986e-01  max|v|=1.165790e-01  max|w|=1.199365e-01  maxdiv=1.0600e-11  iters=15
[trace] step  685  <u>=1.028453e-02  max|u|=1.803986e-01  max|v|=1.165790e-01  max|w|=1.199365e-01  maxdiv=1.0587e-11  iters=15
[trace] step  686  <u>=1.028453e-02  max|u|=1.803986e-01  max|v|=1.165790e-01  max|w|=1.199365e-01  maxdiv=1.0574e-11  iters=15
[trace] step  687  <u>=1.028453e-02  max|u|=1.803986e-01  max|v|=1.165790e-01  max|w|=1.199365e-01  maxdiv=1.0561e-11  iters=15
[trace] step  688  <u>=1.028453e-02  max|u|=1.803986e-01  max|v|=1.165790e-01  max|w|=1.199364e-01  maxdiv=1.0548e-11  iters=15
[trace] step  689  <u>=1.028453e-02  max|u|=1.803986e-01  max|v|=1.165790e-01  max|w|=1.199364e-01  maxdiv=1.0535e-11  iters=15
[trace] step  690  <u>=1.028453e-02  max|u|=1.803986e-01  max|v|=1.165790e-01  max|w|=1.199364e-01  maxdiv=1.0522e-11  iters=15
[trace] step  691  <u>=1.028453e-02  max|u|=1.803986e-01  max|v|=1.165790e-01  max|w|=1.199364e-01  maxdiv=1.0509e-11  iters=15
[trace] step  692  <u>=1.028453e-02  max|u|=1.803986e-01  max|v|=1.165790e-01  max|w|=1.199364e-01  maxdiv=1.0496e-11  iters=15
[trace] step  693  <u>=1.028453e-02  max|u|=1.803986e-01  max|v|=1.165790e-01  max|w|=1.199364e-01  maxdiv=1.0483e-11  iters=15
[trace] step  694  <u>=1.028453e-02  max|u|=1.803986e-01  max|v|=1.165790e-01  max|w|=1.199364e-01  maxdiv=1.0470e-11  iters=15
[trace] step  695  <u>=1.028453e-02  max|u|=1.803986e-01  max|v|=1.165790e-01  max|w|=1.199364e-01  maxdiv=1.0457e-11  iters=15
[trace] step  696  <u>=1.028453e-02  max|u|=1.803986e-01  max|v|=1.165790e-01  max|w|=1.199364e-01  maxdiv=1.0444e-11  iters=15
[trace] step  697  <u>=1.028453e-02  max|u|=1.803986e-01  max|v|=1.165790e-01  max|w|=1.199364e-01  maxdiv=1.0431e-11  iters=15
[trace] step  698  <u>=1.028453e-02  max|u|=1.803986e-01  max|v|=1.165790e-01  max|w|=1.199364e-01  maxdiv=1.0418e-11  iters=15
[trace] step  699  <u>=1.028453e-02  max|u|=1.803986e-01  max|v|=1.165790e-01  max|w|=1.199364e-01  maxdiv=1.0405e-11  iters=15
[trace] step  700  <u>=1.028453e-02  max|u|=1.803986e-01  max|v|=1.165790e-01  max|w|=1.199364e-01  maxdiv=1.0392e-11  iters=15
[trace] step  701  <u>=1.028453e-02  max|u|=1.803986e-01  max|v|=1.165790e-01  max|w|=1.199364e-01  maxdiv=1.0380e-11  iters=15
[trace] step  702  <u>=1.028453e-02  max|u|=1.803986e-01  max|v|=1.165790e-01  max|w|=1.199364e-01  maxdiv=1.0367e-11  iters=15
[trace] step  703  <u>=1.028453e-02  max|u|=1.803986e-01  max|v|=1.165790e-01  max|w|=1.199364e-01  maxdiv=1.0354e-11  iters=15
[trace] step  704  <u>=1.028453e-02  max|u|=1.803986e-01  max|v|=1.165790e-01  max|w|=1.199364e-01  maxdiv=1.0341e-11  iters=15
[trace] step  705  <u>=1.028453e-02  max|u|=1.803986e-01  max|v|=1.165790e-01  max|w|=1.199364e-01  maxdiv=1.0328e-11  iters=15
[trace] step  706  <u>=1.028453e-02  max|u|=1.803986e-01  max|v|=1.165790e-01  max|w|=1.199364e-01  maxdiv=1.0316e-11  iters=15
[trace] step  707  <u>=1.028453e-02  max|u|=1.803986e-01  max|v|=1.165790e-01  max|w|=1.199364e-01  maxdiv=1.0303e-11  iters=15
[trace] step  708  <u>=1.028453e-02  max|u|=1.803986e-01  max|v|=1.165790e-01  max|w|=1.199364e-01  maxdiv=1.0290e-11  iters=15
[trace] step  709  <u>=1.028453e-02  max|u|=1.803986e-01  max|v|=1.165790e-01  max|w|=1.199364e-01  maxdiv=1.0278e-11  iters=15
[trace] step  710  <u>=1.028453e-02  max|u|=1.803986e-01  max|v|=1.165790e-01  max|w|=1.199364e-01  maxdiv=1.0265e-11  iters=15
[trace] step  711  <u>=1.028453e-02  max|u|=1.803985e-01  max|v|=1.165790e-01  max|w|=1.199364e-01  maxdiv=1.0252e-11  iters=15
[trace] step  712  <u>=1.028452e-02  max|u|=1.803985e-01  max|v|=1.165790e-01  max|w|=1.199364e-01  maxdiv=1.0240e-11  iters=15
[trace] step  713  <u>=1.028452e-02  max|u|=1.803985e-01  max|v|=1.165790e-01  max|w|=1.199364e-01  maxdiv=1.0227e-11  iters=15
[trace] step  714  <u>=1.028452e-02  max|u|=1.803985e-01  max|v|=1.165790e-01  max|w|=1.199364e-01  maxdiv=1.0215e-11  iters=15
[trace] step  715  <u>=1.028452e-02  max|u|=1.803985e-01  max|v|=1.165790e-01  max|w|=1.199364e-01  maxdiv=1.0202e-11  iters=15
[trace] step  716  <u>=1.028452e-02  max|u|=1.803985e-01  max|v|=1.165790e-01  max|w|=1.199364e-01  maxdiv=1.0190e-11  iters=15
[trace] step  717  <u>=1.028452e-02  max|u|=1.803985e-01  max|v|=1.165790e-01  max|w|=1.199364e-01  maxdiv=1.0177e-11  iters=15
[trace] step  718  <u>=1.028452e-02  max|u|=1.803985e-01  max|v|=1.165790e-01  max|w|=1.199364e-01  maxdiv=1.0165e-11  iters=15
[trace] step  719  <u>=1.028452e-02  max|u|=1.803985e-01  max|v|=1.165790e-01  max|w|=1.199364e-01  maxdiv=1.0152e-11  iters=15
[trace] step  720  <u>=1.028452e-02  max|u|=1.803985e-01  max|v|=1.165790e-01  max|w|=1.199364e-01  maxdiv=1.0140e-11  iters=15
[trace] step  721  <u>=1.028452e-02  max|u|=1.803985e-01  max|v|=1.165790e-01  max|w|=1.199364e-01  maxdiv=1.0127e-11  iters=15
[trace] step  722  <u>=1.028452e-02  max|u|=1.803985e-01  max|v|=1.165790e-01  max|w|=1.199364e-01  maxdiv=1.0115e-11  iters=15
[trace] step  723  <u>=1.028452e-02  max|u|=1.803985e-01  max|v|=1.165790e-01  max|w|=1.199364e-01  maxdiv=1.0102e-11  iters=15
[trace] step  724  <u>=1.028452e-02  max|u|=1.803985e-01  max|v|=1.165790e-01  max|w|=1.199364e-01  maxdiv=1.0090e-11  iters=15
[trace] step  725  <u>=1.028452e-02  max|u|=1.803985e-01  max|v|=1.165790e-01  max|w|=1.199364e-01  maxdiv=1.0078e-11  iters=15
[trace] step  726  <u>=1.028452e-02  max|u|=1.803985e-01  max|v|=1.165790e-01  max|w|=1.199364e-01  maxdiv=1.0065e-11  iters=15
[trace] step  727  <u>=1.028452e-02  max|u|=1.803985e-01  max|v|=1.165790e-01  max|w|=1.199364e-01  maxdiv=1.0053e-11  iters=15
[trace] step  728  <u>=1.028452e-02  max|u|=1.803985e-01  max|v|=1.165790e-01  max|w|=1.199364e-01  maxdiv=1.0041e-11  iters=15
[trace] step  729  <u>=1.028452e-02  max|u|=1.803985e-01  max|v|=1.165790e-01  max|w|=1.199364e-01  maxdiv=1.0029e-11  iters=15
[trace] step  730  <u>=1.028452e-02  max|u|=1.803985e-01  max|v|=1.165790e-01  max|w|=1.199364e-01  maxdiv=1.0016e-11  iters=15
[trace] step  731  <u>=1.028452e-02  max|u|=1.803985e-01  max|v|=1.165790e-01  max|w|=1.199364e-01  maxdiv=1.0004e-11  iters=15
[trace] step  732  <u>=1.028452e-02  max|u|=1.803985e-01  max|v|=1.165790e-01  max|w|=1.199364e-01  maxdiv=9.9919e-12  iters=15
[trace] step  733  <u>=1.028452e-02  max|u|=1.803985e-01  max|v|=1.165790e-01  max|w|=1.199364e-01  maxdiv=9.9797e-12  iters=15
[trace] step  734  <u>=1.028452e-02  max|u|=1.803985e-01  max|v|=1.165790e-01  max|w|=1.199364e-01  maxdiv=9.9675e-12  iters=15
[trace] step  735  <u>=1.028452e-02  max|u|=1.803985e-01  max|v|=1.165790e-01  max|w|=1.199364e-01  maxdiv=9.9554e-12  iters=15
[trace] step  736  <u>=1.028452e-02  max|u|=1.803985e-01  max|v|=1.165790e-01  max|w|=1.199364e-01  maxdiv=9.9433e-12  iters=15
[trace] step  737  <u>=1.028452e-02  max|u|=1.803985e-01  max|v|=1.165790e-01  max|w|=1.199364e-01  maxdiv=9.9311e-12  iters=15
[trace] step  738  <u>=1.028452e-02  max|u|=1.803985e-01  max|v|=1.165790e-01  max|w|=1.199364e-01  maxdiv=9.9190e-12  iters=15
[trace] step  739  <u>=1.028452e-02  max|u|=1.803985e-01  max|v|=1.165790e-01  max|w|=1.199364e-01  maxdiv=9.9070e-12  iters=15
[trace] step  740  <u>=1.028452e-02  max|u|=1.803985e-01  max|v|=1.165790e-01  max|w|=1.199364e-01  maxdiv=9.8949e-12  iters=15
[trace] step  741  <u>=1.028452e-02  max|u|=1.803985e-01  max|v|=1.165790e-01  max|w|=1.199364e-01  maxdiv=9.8829e-12  iters=15
[trace] step  742  <u>=1.028452e-02  max|u|=1.803985e-01  max|v|=1.165790e-01  max|w|=1.199364e-01  maxdiv=9.8709e-12  iters=15
[trace] step  743  <u>=1.028452e-02  max|u|=1.803985e-01  max|v|=1.165790e-01  max|w|=1.199364e-01  maxdiv=9.8589e-12  iters=15
[trace] step  744  <u>=1.028452e-02  max|u|=1.803985e-01  max|v|=1.165790e-01  max|w|=1.199364e-01  maxdiv=9.8469e-12  iters=15
[trace] step  745  <u>=1.028452e-02  max|u|=1.803985e-01  max|v|=1.165790e-01  max|w|=1.199364e-01  maxdiv=9.8349e-12  iters=15
[trace] step  746  <u>=1.028452e-02  max|u|=1.803985e-01  max|v|=1.165790e-01  max|w|=1.199364e-01  maxdiv=9.8230e-12  iters=15
[trace] step  747  <u>=1.028452e-02  max|u|=1.803985e-01  max|v|=1.165790e-01  max|w|=1.199364e-01  maxdiv=9.8111e-12  iters=15
[trace] step  748  <u>=1.028452e-02  max|u|=1.803985e-01  max|v|=1.165790e-01  max|w|=1.199364e-01  maxdiv=9.7992e-12  iters=15
[trace] step  749  <u>=1.028452e-02  max|u|=1.803985e-01  max|v|=1.165790e-01  max|w|=1.199364e-01  maxdiv=9.7873e-12  iters=15
[trace] step  750  <u>=1.028452e-02  max|u|=1.803985e-01  max|v|=1.165790e-01  max|w|=1.199364e-01  maxdiv=9.7754e-12  iters=15
[trace] step  751  <u>=1.028452e-02  max|u|=1.803985e-01  max|v|=1.165790e-01  max|w|=1.199364e-01  maxdiv=9.7635e-12  iters=15
[trace] step  752  <u>=1.028452e-02  max|u|=1.803985e-01  max|v|=1.165790e-01  max|w|=1.199364e-01  maxdiv=9.7517e-12  iters=15
[trace] step  753  <u>=1.028452e-02  max|u|=1.803985e-01  max|v|=1.165790e-01  max|w|=1.199364e-01  maxdiv=9.7399e-12  iters=15
[trace] step  754  <u>=1.028452e-02  max|u|=1.803985e-01  max|v|=1.165790e-01  max|w|=1.199364e-01  maxdiv=9.7281e-12  iters=15
[trace] step  755  <u>=1.028452e-02  max|u|=1.803985e-01  max|v|=1.165790e-01  max|w|=1.199364e-01  maxdiv=9.7163e-12  iters=15
[trace] step  756  <u>=1.028452e-02  max|u|=1.803985e-01  max|v|=1.165790e-01  max|w|=1.199364e-01  maxdiv=9.7046e-12  iters=15
[trace] step  757  <u>=1.028452e-02  max|u|=1.803985e-01  max|v|=1.165790e-01  max|w|=1.199364e-01  maxdiv=9.6928e-12  iters=15
[trace] step  758  <u>=1.028452e-02  max|u|=1.803985e-01  max|v|=1.165790e-01  max|w|=1.199364e-01  maxdiv=9.6811e-12  iters=15
[trace] step  759  <u>=1.028452e-02  max|u|=1.803985e-01  max|v|=1.165790e-01  max|w|=1.199364e-01  maxdiv=9.6694e-12  iters=15
[trace] step  760  <u>=1.028452e-02  max|u|=1.803985e-01  max|v|=1.165790e-01  max|w|=1.199364e-01  maxdiv=9.6577e-12  iters=15
[trace] step  761  <u>=1.028452e-02  max|u|=1.803985e-01  max|v|=1.165790e-01  max|w|=1.199364e-01  maxdiv=9.6460e-12  iters=15
[trace] step  762  <u>=1.028452e-02  max|u|=1.803985e-01  max|v|=1.165790e-01  max|w|=1.199364e-01  maxdiv=9.6344e-12  iters=15
[trace] step  763  <u>=1.028452e-02  max|u|=1.803985e-01  max|v|=1.165790e-01  max|w|=1.199364e-01  maxdiv=9.6228e-12  iters=15
[trace] step  764  <u>=1.028452e-02  max|u|=1.803985e-01  max|v|=1.165790e-01  max|w|=1.199364e-01  maxdiv=9.6111e-12  iters=15
[trace] step  765  <u>=1.028452e-02  max|u|=1.803985e-01  max|v|=1.165790e-01  max|w|=1.199364e-01  maxdiv=9.5995e-12  iters=15
[trace] step  766  <u>=1.028452e-02  max|u|=1.803985e-01  max|v|=1.165790e-01  max|w|=1.199364e-01  maxdiv=9.5880e-12  iters=15
[trace] step  767  <u>=1.028452e-02  max|u|=1.803985e-01  max|v|=1.165790e-01  max|w|=1.199364e-01  maxdiv=9.5764e-12  iters=15
[trace] step  768  <u>=1.028452e-02  max|u|=1.803985e-01  max|v|=1.165790e-01  max|w|=1.199364e-01  maxdiv=9.5649e-12  iters=15
[trace] step  769  <u>=1.028452e-02  max|u|=1.803985e-01  max|v|=1.165790e-01  max|w|=1.199364e-01  maxdiv=9.5533e-12  iters=15
[trace] step  770  <u>=1.028452e-02  max|u|=1.803985e-01  max|v|=1.165790e-01  max|w|=1.199364e-01  maxdiv=9.5418e-12  iters=15
[trace] step  771  <u>=1.028452e-02  max|u|=1.803985e-01  max|v|=1.165790e-01  max|w|=1.199364e-01  maxdiv=9.5303e-12  iters=15
[trace] step  772  <u>=1.028452e-02  max|u|=1.803985e-01  max|v|=1.165790e-01  max|w|=1.199364e-01  maxdiv=9.5188e-12  iters=15
[trace] step  773  <u>=1.028452e-02  max|u|=1.803985e-01  max|v|=1.165790e-01  max|w|=1.199364e-01  maxdiv=9.5074e-12  iters=15
[trace] step  774  <u>=1.028452e-02  max|u|=1.803985e-01  max|v|=1.165790e-01  max|w|=1.199364e-01  maxdiv=9.4959e-12  iters=15
[trace] step  775  <u>=1.028452e-02  max|u|=1.803985e-01  max|v|=1.165790e-01  max|w|=1.199364e-01  maxdiv=9.4845e-12  iters=15
[trace] step  776  <u>=1.028452e-02  max|u|=1.803985e-01  max|v|=1.165790e-01  max|w|=1.199364e-01  maxdiv=9.4731e-12  iters=15
[trace] step  777  <u>=1.028452e-02  max|u|=1.803985e-01  max|v|=1.165790e-01  max|w|=1.199364e-01  maxdiv=9.4617e-12  iters=15
[trace] step  778  <u>=1.028452e-02  max|u|=1.803985e-01  max|v|=1.165790e-01  max|w|=1.199364e-01  maxdiv=9.4504e-12  iters=15
[trace] step  779  <u>=1.028452e-02  max|u|=1.803985e-01  max|v|=1.165790e-01  max|w|=1.199364e-01  maxdiv=9.4390e-12  iters=15
[trace] step  780  <u>=1.028452e-02  max|u|=1.803985e-01  max|v|=1.165790e-01  max|w|=1.199364e-01  maxdiv=9.4277e-12  iters=15
[trace] step  781  <u>=1.028452e-02  max|u|=1.803985e-01  max|v|=1.165790e-01  max|w|=1.199364e-01  maxdiv=9.4164e-12  iters=15
[trace] step  782  <u>=1.028452e-02  max|u|=1.803985e-01  max|v|=1.165790e-01  max|w|=1.199364e-01  maxdiv=9.4050e-12  iters=15
[trace] step  783  <u>=1.028451e-02  max|u|=1.803985e-01  max|v|=1.165790e-01  max|w|=1.199364e-01  maxdiv=9.3938e-12  iters=15
[trace] step  784  <u>=1.028451e-02  max|u|=1.803985e-01  max|v|=1.165790e-01  max|w|=1.199364e-01  maxdiv=9.3825e-12  iters=15
[trace] step  785  <u>=1.028451e-02  max|u|=1.803985e-01  max|v|=1.165790e-01  max|w|=1.199364e-01  maxdiv=9.3712e-12  iters=15
[trace] step  786  <u>=1.028451e-02  max|u|=1.803985e-01  max|v|=1.165790e-01  max|w|=1.199364e-01  maxdiv=9.3600e-12  iters=15
[trace] step  787  <u>=1.028451e-02  max|u|=1.803985e-01  max|v|=1.165790e-01  max|w|=1.199364e-01  maxdiv=9.3488e-12  iters=15
[trace] step  788  <u>=1.028451e-02  max|u|=1.803985e-01  max|v|=1.165790e-01  max|w|=1.199364e-01  maxdiv=9.3376e-12  iters=15
[trace] step  789  <u>=1.028451e-02  max|u|=1.803985e-01  max|v|=1.165790e-01  max|w|=1.199364e-01  maxdiv=9.3264e-12  iters=15
[trace] step  790  <u>=1.028451e-02  max|u|=1.803985e-01  max|v|=1.165790e-01  max|w|=1.199364e-01  maxdiv=9.3152e-12  iters=15
[trace] step  791  <u>=1.028451e-02  max|u|=1.803985e-01  max|v|=1.165790e-01  max|w|=1.199364e-01  maxdiv=9.3041e-12  iters=15
[trace] step  792  <u>=1.028451e-02  max|u|=1.803985e-01  max|v|=1.165790e-01  max|w|=1.199364e-01  maxdiv=9.2930e-12  iters=15
[trace] step  793  <u>=1.028451e-02  max|u|=1.803985e-01  max|v|=1.165790e-01  max|w|=1.199364e-01  maxdiv=9.2818e-12  iters=15
[trace] step  794  <u>=1.028451e-02  max|u|=1.803985e-01  max|v|=1.165790e-01  max|w|=1.199364e-01  maxdiv=9.2707e-12  iters=15
[trace] step  795  <u>=1.028451e-02  max|u|=1.803985e-01  max|v|=1.165790e-01  max|w|=1.199364e-01  maxdiv=9.2596e-12  iters=15
[trace] step  796  <u>=1.028451e-02  max|u|=1.803985e-01  max|v|=1.165790e-01  max|w|=1.199364e-01  maxdiv=9.2486e-12  iters=15
[trace] step  797  <u>=1.028451e-02  max|u|=1.803985e-01  max|v|=1.165790e-01  max|w|=1.199364e-01  maxdiv=9.2375e-12  iters=15
[trace] step  798  <u>=1.028451e-02  max|u|=1.803985e-01  max|v|=1.165790e-01  max|w|=1.199364e-01  maxdiv=9.2265e-12  iters=15
[trace] step  799  <u>=1.028451e-02  max|u|=1.803985e-01  max|v|=1.165790e-01  max|w|=1.199364e-01  maxdiv=9.2155e-12  iters=15
[trace] step  800  <u>=1.028451e-02  max|u|=1.803985e-01  max|v|=1.165790e-01  max|w|=1.199364e-01  maxdiv=9.2045e-12  iters=15
[trace] step  801  <u>=1.028451e-02  max|u|=1.803985e-01  max|v|=1.165790e-01  max|w|=1.199364e-01  maxdiv=9.1935e-12  iters=15
[trace] step  802  <u>=1.028451e-02  max|u|=1.803985e-01  max|v|=1.165790e-01  max|w|=1.199364e-01  maxdiv=9.1825e-12  iters=15
[trace] step  803  <u>=1.028451e-02  max|u|=1.803985e-01  max|v|=1.165790e-01  max|w|=1.199364e-01  maxdiv=9.1716e-12  iters=15
[trace] step  804  <u>=1.028451e-02  max|u|=1.803985e-01  max|v|=1.165790e-01  max|w|=1.199364e-01  maxdiv=9.1606e-12  iters=15
[trace] step  805  <u>=1.028451e-02  max|u|=1.803985e-01  max|v|=1.165790e-01  max|w|=1.199364e-01  maxdiv=9.1497e-12  iters=15
[trace] step  806  <u>=1.028451e-02  max|u|=1.803985e-01  max|v|=1.165790e-01  max|w|=1.199364e-01  maxdiv=9.1388e-12  iters=15
[trace] step  807  <u>=1.028451e-02  max|u|=1.803985e-01  max|v|=1.165790e-01  max|w|=1.199364e-01  maxdiv=9.1279e-12  iters=15
[trace] step  808  <u>=1.028451e-02  max|u|=1.803985e-01  max|v|=1.165789e-01  max|w|=1.199364e-01  maxdiv=9.1170e-12  iters=15
[trace] step  809  <u>=1.028451e-02  max|u|=1.803985e-01  max|v|=1.165789e-01  max|w|=1.199364e-01  maxdiv=9.1062e-12  iters=15
[trace] step  810  <u>=1.028451e-02  max|u|=1.803985e-01  max|v|=1.165789e-01  max|w|=1.199364e-01  maxdiv=9.0953e-12  iters=15
[trace] step  811  <u>=1.028451e-02  max|u|=1.803985e-01  max|v|=1.165789e-01  max|w|=1.199364e-01  maxdiv=9.0845e-12  iters=15
[trace] step  812  <u>=1.028451e-02  max|u|=1.803985e-01  max|v|=1.165789e-01  max|w|=1.199364e-01  maxdiv=9.0737e-12  iters=15
[trace] step  813  <u>=1.028451e-02  max|u|=1.803985e-01  max|v|=1.165789e-01  max|w|=1.199364e-01  maxdiv=9.0629e-12  iters=15
[trace] step  814  <u>=1.028451e-02  max|u|=1.803985e-01  max|v|=1.165789e-01  max|w|=1.199364e-01  maxdiv=9.0521e-12  iters=15
[trace] step  815  <u>=1.028451e-02  max|u|=1.803985e-01  max|v|=1.165789e-01  max|w|=1.199364e-01  maxdiv=9.0414e-12  iters=15
[trace] step  816  <u>=1.028451e-02  max|u|=1.803985e-01  max|v|=1.165789e-01  max|w|=1.199364e-01  maxdiv=9.0306e-12  iters=15
[trace] step  817  <u>=1.028451e-02  max|u|=1.803985e-01  max|v|=1.165789e-01  max|w|=1.199364e-01  maxdiv=9.0199e-12  iters=15
[trace] step  818  <u>=1.028451e-02  max|u|=1.803985e-01  max|v|=1.165789e-01  max|w|=1.199364e-01  maxdiv=9.0092e-12  iters=15
[trace] step  819  <u>=1.028451e-02  max|u|=1.803985e-01  max|v|=1.165789e-01  max|w|=1.199364e-01  maxdiv=8.9985e-12  iters=15
[trace] step  820  <u>=1.028451e-02  max|u|=1.803985e-01  max|v|=1.165789e-01  max|w|=1.199364e-01  maxdiv=8.9878e-12  iters=15
[trace] step  821  <u>=1.028451e-02  max|u|=1.803985e-01  max|v|=1.165789e-01  max|w|=1.199364e-01  maxdiv=8.9772e-12  iters=15
[trace] step  822  <u>=1.028451e-02  max|u|=1.803985e-01  max|v|=1.165789e-01  max|w|=1.199364e-01  maxdiv=8.9665e-12  iters=15
[trace] step  823  <u>=1.028451e-02  max|u|=1.803985e-01  max|v|=1.165789e-01  max|w|=1.199364e-01  maxdiv=8.9559e-12  iters=15
[trace] step  824  <u>=1.028451e-02  max|u|=1.803985e-01  max|v|=1.165789e-01  max|w|=1.199364e-01  maxdiv=8.9452e-12  iters=15
[trace] step  825  <u>=1.028451e-02  max|u|=1.803985e-01  max|v|=1.165789e-01  max|w|=1.199364e-01  maxdiv=8.9346e-12  iters=15
[trace] step  826  <u>=1.028451e-02  max|u|=1.803985e-01  max|v|=1.165789e-01  max|w|=1.199364e-01  maxdiv=8.9241e-12  iters=15
[trace] step  827  <u>=1.028451e-02  max|u|=1.803985e-01  max|v|=1.165789e-01  max|w|=1.199364e-01  maxdiv=8.9135e-12  iters=15
[trace] step  828  <u>=1.028451e-02  max|u|=1.803985e-01  max|v|=1.165789e-01  max|w|=1.199364e-01  maxdiv=8.9029e-12  iters=15
[trace] step  829  <u>=1.028451e-02  max|u|=1.803985e-01  max|v|=1.165789e-01  max|w|=1.199364e-01  maxdiv=8.8924e-12  iters=15
[trace] step  830  <u>=1.028451e-02  max|u|=1.803985e-01  max|v|=1.165789e-01  max|w|=1.199364e-01  maxdiv=8.8819e-12  iters=15
[trace] step  831  <u>=1.028451e-02  max|u|=1.803985e-01  max|v|=1.165789e-01  max|w|=1.199364e-01  maxdiv=8.8713e-12  iters=15
[trace] step  832  <u>=1.028451e-02  max|u|=1.803985e-01  max|v|=1.165789e-01  max|w|=1.199364e-01  maxdiv=8.8608e-12  iters=15
[trace] step  833  <u>=1.028451e-02  max|u|=1.803985e-01  max|v|=1.165789e-01  max|w|=1.199364e-01  maxdiv=8.8504e-12  iters=15
[trace] step  834  <u>=1.028451e-02  max|u|=1.803985e-01  max|v|=1.165789e-01  max|w|=1.199364e-01  maxdiv=8.8399e-12  iters=15
[trace] step  835  <u>=1.028451e-02  max|u|=1.803985e-01  max|v|=1.165789e-01  max|w|=1.199364e-01  maxdiv=8.8295e-12  iters=15
[trace] step  836  <u>=1.028451e-02  max|u|=1.803985e-01  max|v|=1.165789e-01  max|w|=1.199364e-01  maxdiv=8.8190e-12  iters=15
[trace] step  837  <u>=1.028451e-02  max|u|=1.803985e-01  max|v|=1.165789e-01  max|w|=1.199364e-01  maxdiv=8.8086e-12  iters=15
[trace] step  838  <u>=1.028451e-02  max|u|=1.803985e-01  max|v|=1.165789e-01  max|w|=1.199364e-01  maxdiv=8.7982e-12  iters=15
[trace] step  839  <u>=1.028451e-02  max|u|=1.803985e-01  max|v|=1.165789e-01  max|w|=1.199364e-01  maxdiv=8.7878e-12  iters=15
[trace] step  840  <u>=1.028451e-02  max|u|=1.803985e-01  max|v|=1.165789e-01  max|w|=1.199364e-01  maxdiv=8.7774e-12  iters=15
[trace] step  841  <u>=1.028451e-02  max|u|=1.803985e-01  max|v|=1.165789e-01  max|w|=1.199364e-01  maxdiv=8.7671e-12  iters=15
[trace] step  842  <u>=1.028451e-02  max|u|=1.803985e-01  max|v|=1.165789e-01  max|w|=1.199364e-01  maxdiv=8.7567e-12  iters=15
[trace] step  843  <u>=1.028451e-02  max|u|=1.803985e-01  max|v|=1.165789e-01  max|w|=1.199364e-01  maxdiv=8.7464e-12  iters=15
[trace] step  844  <u>=1.028451e-02  max|u|=1.803985e-01  max|v|=1.165789e-01  max|w|=1.199364e-01  maxdiv=8.7361e-12  iters=15
[trace] step  845  <u>=1.028451e-02  max|u|=1.803985e-01  max|v|=1.165789e-01  max|w|=1.199364e-01  maxdiv=8.7258e-12  iters=15
[trace] step  846  <u>=1.028451e-02  max|u|=1.803985e-01  max|v|=1.165789e-01  max|w|=1.199364e-01  maxdiv=8.7155e-12  iters=15
[trace] step  847  <u>=1.028451e-02  max|u|=1.803985e-01  max|v|=1.165789e-01  max|w|=1.199364e-01  maxdiv=8.7052e-12  iters=15
[trace] step  848  <u>=1.028451e-02  max|u|=1.803985e-01  max|v|=1.165789e-01  max|w|=1.199364e-01  maxdiv=8.6950e-12  iters=15
[trace] step  849  <u>=1.028451e-02  max|u|=1.803985e-01  max|v|=1.165789e-01  max|w|=1.199364e-01  maxdiv=8.6847e-12  iters=15
[trace] step  850  <u>=1.028451e-02  max|u|=1.803985e-01  max|v|=1.165789e-01  max|w|=1.199364e-01  maxdiv=8.6745e-12  iters=15
[trace] step  851  <u>=1.028451e-02  max|u|=1.803985e-01  max|v|=1.165789e-01  max|w|=1.199364e-01  maxdiv=8.6643e-12  iters=15
[trace] step  852  <u>=1.028451e-02  max|u|=1.803985e-01  max|v|=1.165789e-01  max|w|=1.199364e-01  maxdiv=8.6541e-12  iters=15
[trace] step  853  <u>=1.028451e-02  max|u|=1.803985e-01  max|v|=1.165789e-01  max|w|=1.199364e-01  maxdiv=8.6439e-12  iters=15
[trace] step  854  <u>=1.028451e-02  max|u|=1.803985e-01  max|v|=1.165789e-01  max|w|=1.199364e-01  maxdiv=8.6337e-12  iters=15
[trace] step  855  <u>=1.028451e-02  max|u|=1.803985e-01  max|v|=1.165789e-01  max|w|=1.199364e-01  maxdiv=8.6236e-12  iters=15
[trace] step  856  <u>=1.028451e-02  max|u|=1.803985e-01  max|v|=1.165789e-01  max|w|=1.199364e-01  maxdiv=8.6135e-12  iters=15
[trace] step  857  <u>=1.028451e-02  max|u|=1.803985e-01  max|v|=1.165789e-01  max|w|=1.199364e-01  maxdiv=8.6033e-12  iters=15
[trace] step  858  <u>=1.028451e-02  max|u|=1.803985e-01  max|v|=1.165789e-01  max|w|=1.199364e-01  maxdiv=8.5932e-12  iters=15
[trace] step  859  <u>=1.028451e-02  max|u|=1.803985e-01  max|v|=1.165789e-01  max|w|=1.199364e-01  maxdiv=8.5831e-12  iters=15
[trace] step  860  <u>=1.028451e-02  max|u|=1.803985e-01  max|v|=1.165789e-01  max|w|=1.199364e-01  maxdiv=8.5730e-12  iters=15
[trace] step  861  <u>=1.028451e-02  max|u|=1.803985e-01  max|v|=1.165789e-01  max|w|=1.199364e-01  maxdiv=8.5630e-12  iters=15
[trace] step  862  <u>=1.028451e-02  max|u|=1.803985e-01  max|v|=1.165789e-01  max|w|=1.199364e-01  maxdiv=8.5529e-12  iters=15
[trace] step  863  <u>=1.028451e-02  max|u|=1.803985e-01  max|v|=1.165789e-01  max|w|=1.199364e-01  maxdiv=8.5429e-12  iters=15
[trace] step  864  <u>=1.028451e-02  max|u|=1.803985e-01  max|v|=1.165789e-01  max|w|=1.199364e-01  maxdiv=8.5329e-12  iters=15
[trace] step  865  <u>=1.028451e-02  max|u|=1.803985e-01  max|v|=1.165789e-01  max|w|=1.199364e-01  maxdiv=8.5229e-12  iters=15
[trace] step  866  <u>=1.028451e-02  max|u|=1.803985e-01  max|v|=1.165789e-01  max|w|=1.199364e-01  maxdiv=8.5129e-12  iters=15
[trace] step  867  <u>=1.028451e-02  max|u|=1.803985e-01  max|v|=1.165789e-01  max|w|=1.199364e-01  maxdiv=8.5029e-12  iters=15
[trace] step  868  <u>=1.028451e-02  max|u|=1.803985e-01  max|v|=1.165789e-01  max|w|=1.199364e-01  maxdiv=8.4929e-12  iters=15
[trace] step  869  <u>=1.028451e-02  max|u|=1.803985e-01  max|v|=1.165789e-01  max|w|=1.199364e-01  maxdiv=8.4830e-12  iters=15
[trace] step  870  <u>=1.028451e-02  max|u|=1.803985e-01  max|v|=1.165789e-01  max|w|=1.199364e-01  maxdiv=8.4730e-12  iters=15
[trace] step  871  <u>=1.028451e-02  max|u|=1.803985e-01  max|v|=1.165789e-01  max|w|=1.199364e-01  maxdiv=8.4631e-12  iters=15
[trace] step  872  <u>=1.028451e-02  max|u|=1.803985e-01  max|v|=1.165789e-01  max|w|=1.199364e-01  maxdiv=8.4532e-12  iters=15
[trace] step  873  <u>=1.028451e-02  max|u|=1.803985e-01  max|v|=1.165789e-01  max|w|=1.199364e-01  maxdiv=8.4433e-12  iters=15
[trace] step  874  <u>=1.028451e-02  max|u|=1.803985e-01  max|v|=1.165789e-01  max|w|=1.199364e-01  maxdiv=8.4334e-12  iters=15
[trace] step  875  <u>=1.028451e-02  max|u|=1.803985e-01  max|v|=1.165789e-01  max|w|=1.199364e-01  maxdiv=8.4236e-12  iters=15
[trace] step  876  <u>=1.028451e-02  max|u|=1.803985e-01  max|v|=1.165789e-01  max|w|=1.199364e-01  maxdiv=8.4137e-12  iters=15
[trace] step  877  <u>=1.028450e-02  max|u|=1.803985e-01  max|v|=1.165789e-01  max|w|=1.199364e-01  maxdiv=8.4039e-12  iters=15
[trace] step  878  <u>=1.028450e-02  max|u|=1.803985e-01  max|v|=1.165789e-01  max|w|=1.199364e-01  maxdiv=8.3940e-12  iters=15
[trace] step  879  <u>=1.028450e-02  max|u|=1.803985e-01  max|v|=1.165789e-01  max|w|=1.199364e-01  maxdiv=8.3842e-12  iters=15
[trace] step  880  <u>=1.028450e-02  max|u|=1.803985e-01  max|v|=1.165789e-01  max|w|=1.199364e-01  maxdiv=8.3744e-12  iters=15
[trace] step  881  <u>=1.028450e-02  max|u|=1.803985e-01  max|v|=1.165789e-01  max|w|=1.199364e-01  maxdiv=8.3647e-12  iters=15
[trace] step  882  <u>=1.028450e-02  max|u|=1.803985e-01  max|v|=1.165789e-01  max|w|=1.199364e-01  maxdiv=8.3549e-12  iters=15
[trace] step  883  <u>=1.028450e-02  max|u|=1.803985e-01  max|v|=1.165789e-01  max|w|=1.199364e-01  maxdiv=8.3451e-12  iters=15
[trace] step  884  <u>=1.028450e-02  max|u|=1.803985e-01  max|v|=1.165789e-01  max|w|=1.199364e-01  maxdiv=8.3354e-12  iters=15
[trace] step  885  <u>=1.028450e-02  max|u|=1.803985e-01  max|v|=1.165789e-01  max|w|=1.199364e-01  maxdiv=8.3257e-12  iters=15
[trace] step  886  <u>=1.028450e-02  max|u|=1.803985e-01  max|v|=1.165789e-01  max|w|=1.199364e-01  maxdiv=8.3160e-12  iters=15
[trace] step  887  <u>=1.028450e-02  max|u|=1.803985e-01  max|v|=1.165789e-01  max|w|=1.199364e-01  maxdiv=8.3063e-12  iters=15
[trace] step  888  <u>=1.028450e-02  max|u|=1.803985e-01  max|v|=1.165789e-01  max|w|=1.199364e-01  maxdiv=8.2966e-12  iters=15
[trace] step  889  <u>=1.028450e-02  max|u|=1.803985e-01  max|v|=1.165789e-01  max|w|=1.199364e-01  maxdiv=8.2869e-12  iters=15
[trace] step  890  <u>=1.028450e-02  max|u|=1.803985e-01  max|v|=1.165789e-01  max|w|=1.199364e-01  maxdiv=8.2772e-12  iters=15
[trace] step  891  <u>=1.028450e-02  max|u|=1.803985e-01  max|v|=1.165789e-01  max|w|=1.199364e-01  maxdiv=8.2676e-12  iters=15
[trace] step  892  <u>=1.028450e-02  max|u|=1.803985e-01  max|v|=1.165789e-01  max|w|=1.199364e-01  maxdiv=8.2580e-12  iters=15
[trace] step  893  <u>=1.028450e-02  max|u|=1.803985e-01  max|v|=1.165789e-01  max|w|=1.199364e-01  maxdiv=8.2483e-12  iters=15
[trace] step  894  <u>=1.028450e-02  max|u|=1.803985e-01  max|v|=1.165789e-01  max|w|=1.199364e-01  maxdiv=8.2387e-12  iters=15
[trace] step  895  <u>=1.028450e-02  max|u|=1.803985e-01  max|v|=1.165789e-01  max|w|=1.199364e-01  maxdiv=8.2291e-12  iters=15
[trace] step  896  <u>=1.028450e-02  max|u|=1.803985e-01  max|v|=1.165789e-01  max|w|=1.199364e-01  maxdiv=8.2196e-12  iters=15
[trace] step  897  <u>=1.028450e-02  max|u|=1.803985e-01  max|v|=1.165789e-01  max|w|=1.199364e-01  maxdiv=8.2100e-12  iters=15
[trace] step  898  <u>=1.028450e-02  max|u|=1.803985e-01  max|v|=1.165789e-01  max|w|=1.199364e-01  maxdiv=8.2005e-12  iters=15
[trace] step  899  <u>=1.028450e-02  max|u|=1.803985e-01  max|v|=1.165789e-01  max|w|=1.199364e-01  maxdiv=8.1909e-12  iters=15
[trace] step  900  <u>=1.028450e-02  max|u|=1.803985e-01  max|v|=1.165789e-01  max|w|=1.199364e-01  maxdiv=8.1814e-12  iters=15
[trace] step  901  <u>=1.028450e-02  max|u|=1.803985e-01  max|v|=1.165789e-01  max|w|=1.199364e-01  maxdiv=8.1719e-12  iters=15
[trace] step  902  <u>=1.028450e-02  max|u|=1.803985e-01  max|v|=1.165789e-01  max|w|=1.199364e-01  maxdiv=8.1624e-12  iters=15
[trace] step  903  <u>=1.028450e-02  max|u|=1.803985e-01  max|v|=1.165789e-01  max|w|=1.199364e-01  maxdiv=8.1529e-12  iters=15
[trace] step  904  <u>=1.028450e-02  max|u|=1.803985e-01  max|v|=1.165789e-01  max|w|=1.199364e-01  maxdiv=8.1434e-12  iters=15
[trace] step  905  <u>=1.028450e-02  max|u|=1.803985e-01  max|v|=1.165789e-01  max|w|=1.199364e-01  maxdiv=8.1340e-12  iters=15
[trace] step  906  <u>=1.028450e-02  max|u|=1.803985e-01  max|v|=1.165789e-01  max|w|=1.199364e-01  maxdiv=8.1245e-12  iters=15
[trace] step  907  <u>=1.028450e-02  max|u|=1.803985e-01  max|v|=1.165789e-01  max|w|=1.199364e-01  maxdiv=8.1151e-12  iters=15
[trace] step  908  <u>=1.028450e-02  max|u|=1.803985e-01  max|v|=1.165789e-01  max|w|=1.199364e-01  maxdiv=8.1057e-12  iters=15
[trace] step  909  <u>=1.028450e-02  max|u|=1.803985e-01  max|v|=1.165789e-01  max|w|=1.199364e-01  maxdiv=8.0963e-12  iters=15
[trace] step  910  <u>=1.028450e-02  max|u|=1.803985e-01  max|v|=1.165789e-01  max|w|=1.199364e-01  maxdiv=8.0869e-12  iters=15
[trace] step  911  <u>=1.028450e-02  max|u|=1.803985e-01  max|v|=1.165789e-01  max|w|=1.199364e-01  maxdiv=8.0775e-12  iters=15
[trace] step  912  <u>=1.028450e-02  max|u|=1.803985e-01  max|v|=1.165789e-01  max|w|=1.199364e-01  maxdiv=8.0681e-12  iters=15
[trace] step  913  <u>=1.028450e-02  max|u|=1.803985e-01  max|v|=1.165789e-01  max|w|=1.199364e-01  maxdiv=8.0588e-12  iters=15
[trace] step  914  <u>=1.028450e-02  max|u|=1.803985e-01  max|v|=1.165789e-01  max|w|=1.199364e-01  maxdiv=8.0495e-12  iters=15
[trace] step  915  <u>=1.028450e-02  max|u|=1.803985e-01  max|v|=1.165789e-01  max|w|=1.199364e-01  maxdiv=8.0401e-12  iters=15
[trace] step  916  <u>=1.028450e-02  max|u|=1.803985e-01  max|v|=1.165789e-01  max|w|=1.199364e-01  maxdiv=8.0308e-12  iters=15
[trace] step  917  <u>=1.028450e-02  max|u|=1.803985e-01  max|v|=1.165789e-01  max|w|=1.199364e-01  maxdiv=8.0215e-12  iters=15
[trace] step  918  <u>=1.028450e-02  max|u|=1.803985e-01  max|v|=1.165789e-01  max|w|=1.199364e-01  maxdiv=8.0122e-12  iters=15
[trace] step  919  <u>=1.028450e-02  max|u|=1.803985e-01  max|v|=1.165789e-01  max|w|=1.199364e-01  maxdiv=8.0030e-12  iters=15
[trace] step  920  <u>=1.028450e-02  max|u|=1.803985e-01  max|v|=1.165789e-01  max|w|=1.199364e-01  maxdiv=7.9937e-12  iters=15
[trace] step  921  <u>=1.028450e-02  max|u|=1.803985e-01  max|v|=1.165789e-01  max|w|=1.199364e-01  maxdiv=7.9845e-12  iters=15
[trace] step  922  <u>=1.028450e-02  max|u|=1.803985e-01  max|v|=1.165789e-01  max|w|=1.199364e-01  maxdiv=7.9752e-12  iters=15
[trace] step  923  <u>=1.028450e-02  max|u|=1.803985e-01  max|v|=1.165789e-01  max|w|=1.199364e-01  maxdiv=7.9660e-12  iters=15
[trace] step  924  <u>=1.028450e-02  max|u|=1.803985e-01  max|v|=1.165789e-01  max|w|=1.199364e-01  maxdiv=7.9568e-12  iters=15
[trace] step  925  <u>=1.028450e-02  max|u|=1.803985e-01  max|v|=1.165789e-01  max|w|=1.199364e-01  maxdiv=7.9476e-12  iters=15
[trace] step  926  <u>=1.028450e-02  max|u|=1.803985e-01  max|v|=1.165789e-01  max|w|=1.199364e-01  maxdiv=7.9384e-12  iters=15
[trace] step  927  <u>=1.028450e-02  max|u|=1.803985e-01  max|v|=1.165789e-01  max|w|=1.199364e-01  maxdiv=7.9292e-12  iters=15
[trace] step  928  <u>=1.028450e-02  max|u|=1.803985e-01  max|v|=1.165789e-01  max|w|=1.199364e-01  maxdiv=7.9201e-12  iters=15
[trace] step  929  <u>=1.028450e-02  max|u|=1.803985e-01  max|v|=1.165789e-01  max|w|=1.199364e-01  maxdiv=7.9109e-12  iters=15
[trace] step  930  <u>=1.028450e-02  max|u|=1.803985e-01  max|v|=1.165789e-01  max|w|=1.199364e-01  maxdiv=7.9018e-12  iters=15
[trace] step  931  <u>=1.028450e-02  max|u|=1.803985e-01  max|v|=1.165789e-01  max|w|=1.199364e-01  maxdiv=7.8927e-12  iters=15
[trace] step  932  <u>=1.028450e-02  max|u|=1.803985e-01  max|v|=1.165789e-01  max|w|=1.199364e-01  maxdiv=7.8836e-12  iters=15
[trace] step  933  <u>=1.028450e-02  max|u|=1.803985e-01  max|v|=1.165789e-01  max|w|=1.199364e-01  maxdiv=7.8745e-12  iters=15
[trace] step  934  <u>=1.028450e-02  max|u|=1.803985e-01  max|v|=1.165789e-01  max|w|=1.199364e-01  maxdiv=7.8654e-12  iters=15
[trace] step  935  <u>=1.028450e-02  max|u|=1.803985e-01  max|v|=1.165789e-01  max|w|=1.199364e-01  maxdiv=7.8563e-12  iters=15
[trace] step  936  <u>=1.028450e-02  max|u|=1.803985e-01  max|v|=1.165789e-01  max|w|=1.199364e-01  maxdiv=7.8473e-12  iters=15
[trace] step  937  <u>=1.028450e-02  max|u|=1.803985e-01  max|v|=1.165789e-01  max|w|=1.199364e-01  maxdiv=7.8382e-12  iters=15
[trace] step  938  <u>=1.028450e-02  max|u|=1.803985e-01  max|v|=1.165789e-01  max|w|=1.199364e-01  maxdiv=7.8292e-12  iters=15
[trace] step  939  <u>=1.028450e-02  max|u|=1.803985e-01  max|v|=1.165789e-01  max|w|=1.199364e-01  maxdiv=7.8202e-12  iters=15
[trace] step  940  <u>=1.028450e-02  max|u|=1.803985e-01  max|v|=1.165789e-01  max|w|=1.199364e-01  maxdiv=7.8112e-12  iters=15
[trace] step  941  <u>=1.028450e-02  max|u|=1.803985e-01  max|v|=1.165789e-01  max|w|=1.199364e-01  maxdiv=7.8022e-12  iters=15
[trace] step  942  <u>=1.028450e-02  max|u|=1.803985e-01  max|v|=1.165789e-01  max|w|=1.199364e-01  maxdiv=7.7932e-12  iters=15
[trace] step  943  <u>=1.028450e-02  max|u|=1.803985e-01  max|v|=1.165789e-01  max|w|=1.199364e-01  maxdiv=7.7842e-12  iters=15
[trace] step  944  <u>=1.028450e-02  max|u|=1.803985e-01  max|v|=1.165789e-01  max|w|=1.199364e-01  maxdiv=7.7753e-12  iters=15
[trace] step  945  <u>=1.028450e-02  max|u|=1.803985e-01  max|v|=1.165789e-01  max|w|=1.199364e-01  maxdiv=7.7663e-12  iters=15
[trace] step  946  <u>=1.028450e-02  max|u|=1.803985e-01  max|v|=1.165789e-01  max|w|=1.199364e-01  maxdiv=7.7574e-12  iters=15
[trace] step  947  <u>=1.028450e-02  max|u|=1.803985e-01  max|v|=1.165789e-01  max|w|=1.199364e-01  maxdiv=7.7485e-12  iters=15
[trace] step  948  <u>=1.028450e-02  max|u|=1.803985e-01  max|v|=1.165789e-01  max|w|=1.199364e-01  maxdiv=7.7396e-12  iters=15
[trace] step  949  <u>=1.028450e-02  max|u|=1.803985e-01  max|v|=1.165789e-01  max|w|=1.199364e-01  maxdiv=7.7307e-12  iters=15
[trace] step  950  <u>=1.028450e-02  max|u|=1.803985e-01  max|v|=1.165789e-01  max|w|=1.199364e-01  maxdiv=7.7218e-12  iters=15
[trace] step  951  <u>=1.028450e-02  max|u|=1.803985e-01  max|v|=1.165789e-01  max|w|=1.199364e-01  maxdiv=7.7129e-12  iters=15
[trace] step  952  <u>=1.028450e-02  max|u|=1.803985e-01  max|v|=1.165789e-01  max|w|=1.199364e-01  maxdiv=7.7041e-12  iters=15
[trace] step  953  <u>=1.028450e-02  max|u|=1.803985e-01  max|v|=1.165789e-01  max|w|=1.199364e-01  maxdiv=7.6952e-12  iters=15
[trace] step  954  <u>=1.028450e-02  max|u|=1.803985e-01  max|v|=1.165789e-01  max|w|=1.199364e-01  maxdiv=7.6864e-12  iters=15
[trace] step  955  <u>=1.028450e-02  max|u|=1.803985e-01  max|v|=1.165789e-01  max|w|=1.199364e-01  maxdiv=7.6776e-12  iters=15
[trace] step  956  <u>=1.028450e-02  max|u|=1.803985e-01  max|v|=1.165789e-01  max|w|=1.199364e-01  maxdiv=7.6687e-12  iters=15
[trace] step  957  <u>=1.028450e-02  max|u|=1.803985e-01  max|v|=1.165789e-01  max|w|=1.199364e-01  maxdiv=7.6600e-12  iters=15
[trace] step  958  <u>=1.028450e-02  max|u|=1.803985e-01  max|v|=1.165789e-01  max|w|=1.199364e-01  maxdiv=7.6512e-12  iters=15
[trace] step  959  <u>=1.028450e-02  max|u|=1.803985e-01  max|v|=1.165789e-01  max|w|=1.199364e-01  maxdiv=7.6424e-12  iters=15
[trace] step  960  <u>=1.028450e-02  max|u|=1.803985e-01  max|v|=1.165789e-01  max|w|=1.199364e-01  maxdiv=7.6336e-12  iters=15
[trace] step  961  <u>=1.028450e-02  max|u|=1.803985e-01  max|v|=1.165789e-01  max|w|=1.199364e-01  maxdiv=7.6249e-12  iters=15
[trace] step  962  <u>=1.028450e-02  max|u|=1.803985e-01  max|v|=1.165789e-01  max|w|=1.199364e-01  maxdiv=7.6161e-12  iters=15
[trace] step  963  <u>=1.028450e-02  max|u|=1.803985e-01  max|v|=1.165789e-01  max|w|=1.199364e-01  maxdiv=7.6074e-12  iters=15
[trace] step  964  <u>=1.028450e-02  max|u|=1.803985e-01  max|v|=1.165789e-01  max|w|=1.199364e-01  maxdiv=7.5987e-12  iters=15
[trace] step  965  <u>=1.028450e-02  max|u|=1.803985e-01  max|v|=1.165789e-01  max|w|=1.199364e-01  maxdiv=7.5900e-12  iters=15
[trace] step  966  <u>=1.028450e-02  max|u|=1.803985e-01  max|v|=1.165789e-01  max|w|=1.199364e-01  maxdiv=7.5813e-12  iters=15
[trace] step  967  <u>=1.028450e-02  max|u|=1.803985e-01  max|v|=1.165789e-01  max|w|=1.199364e-01  maxdiv=7.5726e-12  iters=15
[trace] step  968  <u>=1.028450e-02  max|u|=1.803985e-01  max|v|=1.165789e-01  max|w|=1.199364e-01  maxdiv=7.5640e-12  iters=15
[trace] step  969  <u>=1.028450e-02  max|u|=1.803985e-01  max|v|=1.165789e-01  max|w|=1.199364e-01  maxdiv=7.5553e-12  iters=15
[trace] step  970  <u>=1.028450e-02  max|u|=1.803985e-01  max|v|=1.165789e-01  max|w|=1.199364e-01  maxdiv=7.5467e-12  iters=15
[trace] step  971  <u>=1.028450e-02  max|u|=1.803985e-01  max|v|=1.165789e-01  max|w|=1.199364e-01  maxdiv=7.5380e-12  iters=15
[trace] step  972  <u>=1.028450e-02  max|u|=1.803985e-01  max|v|=1.165789e-01  max|w|=1.199364e-01  maxdiv=7.5294e-12  iters=15
[trace] step  973  <u>=1.028450e-02  max|u|=1.803985e-01  max|v|=1.165789e-01  max|w|=1.199364e-01  maxdiv=7.5208e-12  iters=15
[trace] step  974  <u>=1.028450e-02  max|u|=1.803985e-01  max|v|=1.165789e-01  max|w|=1.199364e-01  maxdiv=7.5122e-12  iters=15
[trace] step  975  <u>=1.028450e-02  max|u|=1.803985e-01  max|v|=1.165789e-01  max|w|=1.199364e-01  maxdiv=7.5036e-12  iters=15
[trace] step  976  <u>=1.028450e-02  max|u|=1.803985e-01  max|v|=1.165789e-01  max|w|=1.199364e-01  maxdiv=7.4951e-12  iters=15
[trace] step  977  <u>=1.028450e-02  max|u|=1.803985e-01  max|v|=1.165789e-01  max|w|=1.199364e-01  maxdiv=7.4865e-12  iters=15
[trace] step  978  <u>=1.028450e-02  max|u|=1.803985e-01  max|v|=1.165789e-01  max|w|=1.199364e-01  maxdiv=7.4780e-12  iters=15
[trace] step  979  <u>=1.028450e-02  max|u|=1.803985e-01  max|v|=1.165789e-01  max|w|=1.199364e-01  maxdiv=7.4694e-12  iters=15
[trace] step  980  <u>=1.028450e-02  max|u|=1.803985e-01  max|v|=1.165789e-01  max|w|=1.199364e-01  maxdiv=7.4609e-12  iters=15
[trace] step  981  <u>=1.028450e-02  max|u|=1.803985e-01  max|v|=1.165789e-01  max|w|=1.199364e-01  maxdiv=7.4524e-12  iters=15
[trace] step  982  <u>=1.028450e-02  max|u|=1.803985e-01  max|v|=1.165789e-01  max|w|=1.199364e-01  maxdiv=7.4439e-12  iters=15
[trace] step  983  <u>=1.028450e-02  max|u|=1.803985e-01  max|v|=1.165789e-01  max|w|=1.199364e-01  maxdiv=7.4354e-12  iters=15
[trace] step  984  <u>=1.028450e-02  max|u|=1.803985e-01  max|v|=1.165789e-01  max|w|=1.199364e-01  maxdiv=7.4269e-12  iters=15
[trace] step  985  <u>=1.028450e-02  max|u|=1.803985e-01  max|v|=1.165789e-01  max|w|=1.199364e-01  maxdiv=7.4185e-12  iters=15
[trace] step  986  <u>=1.028450e-02  max|u|=1.803985e-01  max|v|=1.165789e-01  max|w|=1.199364e-01  maxdiv=7.4100e-12  iters=15
[trace] step  987  <u>=1.028450e-02  max|u|=1.803985e-01  max|v|=1.165789e-01  max|w|=1.199364e-01  maxdiv=7.4016e-12  iters=15
[trace] step  988  <u>=1.028450e-02  max|u|=1.803985e-01  max|v|=1.165789e-01  max|w|=1.199364e-01  maxdiv=7.3931e-12  iters=15
[trace] step  989  <u>=1.028450e-02  max|u|=1.803985e-01  max|v|=1.165789e-01  max|w|=1.199364e-01  maxdiv=7.3847e-12  iters=15
[trace] step  990  <u>=1.028450e-02  max|u|=1.803985e-01  max|v|=1.165789e-01  max|w|=1.199364e-01  maxdiv=7.3763e-12  iters=15
[trace] step  991  <u>=1.028450e-02  max|u|=1.803985e-01  max|v|=1.165789e-01  max|w|=1.199364e-01  maxdiv=7.3679e-12  iters=15
[trace] step  992  <u>=1.028450e-02  max|u|=1.803985e-01  max|v|=1.165789e-01  max|w|=1.199364e-01  maxdiv=7.3595e-12  iters=15
[trace] step  993  <u>=1.028450e-02  max|u|=1.803985e-01  max|v|=1.165789e-01  max|w|=1.199364e-01  maxdiv=7.3512e-12  iters=15
[trace] step  994  <u>=1.028450e-02  max|u|=1.803985e-01  max|v|=1.165789e-01  max|w|=1.199364e-01  maxdiv=7.3428e-12  iters=15
[trace] step  995  <u>=1.028450e-02  max|u|=1.803985e-01  max|v|=1.165789e-01  max|w|=1.199364e-01  maxdiv=7.3344e-12  iters=15
[trace] step  996  <u>=1.028450e-02  max|u|=1.803985e-01  max|v|=1.165789e-01  max|w|=1.199364e-01  maxdiv=7.3261e-12  iters=15
[trace] step  997  <u>=1.028450e-02  max|u|=1.803985e-01  max|v|=1.165789e-01  max|w|=1.199364e-01  maxdiv=7.3178e-12  iters=15
[trace] step  998  <u>=1.028450e-02  max|u|=1.803985e-01  max|v|=1.165789e-01  max|w|=1.199364e-01  maxdiv=7.3095e-12  iters=15
[trace] step  999  <u>=1.028450e-02  max|u|=1.803985e-01  max|v|=1.165789e-01  max|w|=1.199364e-01  maxdiv=7.3012e-12  iters=15
[trace] step 1000  <u>=1.028450e-02  max|u|=1.803985e-01  max|v|=1.165789e-01  max|w|=1.199364e-01  maxdiv=7.2929e-12  iters=15
[trace] step 1001  <u>=1.028450e-02  max|u|=1.803985e-01  max|v|=1.165789e-01  max|w|=1.199364e-01  maxdiv=7.2846e-12  iters=15
[trace] step 1002  <u>=1.028450e-02  max|u|=1.803985e-01  max|v|=1.165789e-01  max|w|=1.199364e-01  maxdiv=7.2763e-12  iters=15
[trace] step 1003  <u>=1.028450e-02  max|u|=1.803985e-01  max|v|=1.165789e-01  max|w|=1.199364e-01  maxdiv=7.2680e-12  iters=15
[trace] step 1004  <u>=1.028450e-02  max|u|=1.803985e-01  max|v|=1.165789e-01  max|w|=1.199364e-01  maxdiv=7.2598e-12  iters=15
[trace] step 1005  <u>=1.028450e-02  max|u|=1.803985e-01  max|v|=1.165789e-01  max|w|=1.199364e-01  maxdiv=7.2516e-12  iters=15
[trace] step 1006  <u>=1.028450e-02  max|u|=1.803985e-01  max|v|=1.165789e-01  max|w|=1.199364e-01  maxdiv=7.2433e-12  iters=15
[trace] step 1007  <u>=1.028450e-02  max|u|=1.803985e-01  max|v|=1.165789e-01  max|w|=1.199364e-01  maxdiv=7.2351e-12  iters=15
[trace] step 1008  <u>=1.028450e-02  max|u|=1.803985e-01  max|v|=1.165789e-01  max|w|=1.199364e-01  maxdiv=7.2269e-12  iters=15
[trace] step 1009  <u>=1.028450e-02  max|u|=1.803985e-01  max|v|=1.165789e-01  max|w|=1.199364e-01  maxdiv=7.2187e-12  iters=15
[trace] step 1010  <u>=1.028450e-02  max|u|=1.803985e-01  max|v|=1.165789e-01  max|w|=1.199364e-01  maxdiv=7.2105e-12  iters=15
[trace] step 1011  <u>=1.028450e-02  max|u|=1.803985e-01  max|v|=1.165789e-01  max|w|=1.199364e-01  maxdiv=7.2024e-12  iters=15
[trace] step 1012  <u>=1.028450e-02  max|u|=1.803985e-01  max|v|=1.165789e-01  max|w|=1.199364e-01  maxdiv=7.1942e-12  iters=15
[trace] step 1013  <u>=1.028450e-02  max|u|=1.803985e-01  max|v|=1.165789e-01  max|w|=1.199364e-01  maxdiv=7.1861e-12  iters=15
[trace] step 1014  <u>=1.028449e-02  max|u|=1.803985e-01  max|v|=1.165789e-01  max|w|=1.199364e-01  maxdiv=7.1779e-12  iters=15
[trace] step 1015  <u>=1.028449e-02  max|u|=1.803985e-01  max|v|=1.165789e-01  max|w|=1.199364e-01  maxdiv=7.1698e-12  iters=15
[trace] step 1016  <u>=1.028449e-02  max|u|=1.803985e-01  max|v|=1.165789e-01  max|w|=1.199364e-01  maxdiv=7.1617e-12  iters=15
[trace] step 1017  <u>=1.028449e-02  max|u|=1.803985e-01  max|v|=1.165789e-01  max|w|=1.199364e-01  maxdiv=7.1536e-12  iters=15
[trace] step 1018  <u>=1.028449e-02  max|u|=1.803985e-01  max|v|=1.165789e-01  max|w|=1.199364e-01  maxdiv=7.1455e-12  iters=15
[trace] step 1019  <u>=1.028449e-02  max|u|=1.803985e-01  max|v|=1.165789e-01  max|w|=1.199364e-01  maxdiv=7.1374e-12  iters=15
[trace] step 1020  <u>=1.028449e-02  max|u|=1.803985e-01  max|v|=1.165789e-01  max|w|=1.199364e-01  maxdiv=7.1293e-12  iters=15
[trace] step 1021  <u>=1.028449e-02  max|u|=1.803985e-01  max|v|=1.165789e-01  max|w|=1.199364e-01  maxdiv=7.1213e-12  iters=15
[trace] step 1022  <u>=1.028449e-02  max|u|=1.803985e-01  max|v|=1.165789e-01  max|w|=1.199364e-01  maxdiv=7.1132e-12  iters=15
[trace] step 1023  <u>=1.028449e-02  max|u|=1.803985e-01  max|v|=1.165789e-01  max|w|=1.199364e-01  maxdiv=7.1052e-12  iters=15
[trace] step 1024  <u>=1.028449e-02  max|u|=1.803985e-01  max|v|=1.165789e-01  max|w|=1.199364e-01  maxdiv=7.0971e-12  iters=15
[trace] step 1025  <u>=1.028449e-02  max|u|=1.803985e-01  max|v|=1.165789e-01  max|w|=1.199364e-01  maxdiv=7.0891e-12  iters=15
[trace] step 1026  <u>=1.028449e-02  max|u|=1.803985e-01  max|v|=1.165789e-01  max|w|=1.199364e-01  maxdiv=7.0811e-12  iters=15
[trace] step 1027  <u>=1.028449e-02  max|u|=1.803985e-01  max|v|=1.165789e-01  max|w|=1.199364e-01  maxdiv=7.0731e-12  iters=15
[trace] step 1028  <u>=1.028449e-02  max|u|=1.803985e-01  max|v|=1.165789e-01  max|w|=1.199364e-01  maxdiv=7.0651e-12  iters=15
[trace] step 1029  <u>=1.028449e-02  max|u|=1.803985e-01  max|v|=1.165789e-01  max|w|=1.199364e-01  maxdiv=7.0572e-12  iters=15
[trace] step 1030  <u>=1.028449e-02  max|u|=1.803985e-01  max|v|=1.165789e-01  max|w|=1.199364e-01  maxdiv=7.0492e-12  iters=15
[trace] step 1031  <u>=1.028449e-02  max|u|=1.803985e-01  max|v|=1.165789e-01  max|w|=1.199364e-01  maxdiv=7.0412e-12  iters=15
[trace] step 1032  <u>=1.028449e-02  max|u|=1.803985e-01  max|v|=1.165789e-01  max|w|=1.199364e-01  maxdiv=7.0333e-12  iters=15
[trace] step 1033  <u>=1.028449e-02  max|u|=1.803985e-01  max|v|=1.165789e-01  max|w|=1.199364e-01  maxdiv=7.0254e-12  iters=15
[trace] step 1034  <u>=1.028449e-02  max|u|=1.803985e-01  max|v|=1.165789e-01  max|w|=1.199364e-01  maxdiv=7.0175e-12  iters=15
[trace] step 1035  <u>=1.028449e-02  max|u|=1.803985e-01  max|v|=1.165789e-01  max|w|=1.199364e-01  maxdiv=7.0095e-12  iters=15
[trace] step 1036  <u>=1.028449e-02  max|u|=1.803985e-01  max|v|=1.165789e-01  max|w|=1.199364e-01  maxdiv=7.0016e-12  iters=15
[trace] step 1037  <u>=1.028449e-02  max|u|=1.803985e-01  max|v|=1.165789e-01  max|w|=1.199364e-01  maxdiv=6.9938e-12  iters=15
[trace] step 1038  <u>=1.028449e-02  max|u|=1.803985e-01  max|v|=1.165789e-01  max|w|=1.199364e-01  maxdiv=6.9859e-12  iters=15
[trace] step 1039  <u>=1.028449e-02  max|u|=1.803985e-01  max|v|=1.165789e-01  max|w|=1.199364e-01  maxdiv=6.9780e-12  iters=15
[trace] step 1040  <u>=1.028449e-02  max|u|=1.803985e-01  max|v|=1.165789e-01  max|w|=1.199364e-01  maxdiv=6.9702e-12  iters=15
[trace] step 1041  <u>=1.028449e-02  max|u|=1.803985e-01  max|v|=1.165789e-01  max|w|=1.199364e-01  maxdiv=6.9623e-12  iters=15
[trace] step 1042  <u>=1.028449e-02  max|u|=1.803985e-01  max|v|=1.165789e-01  max|w|=1.199364e-01  maxdiv=6.9545e-12  iters=15
[trace] step 1043  <u>=1.028449e-02  max|u|=1.803985e-01  max|v|=1.165789e-01  max|w|=1.199364e-01  maxdiv=6.9466e-12  iters=15
[trace] step 1044  <u>=1.028449e-02  max|u|=1.803985e-01  max|v|=1.165789e-01  max|w|=1.199364e-01  maxdiv=6.9388e-12  iters=15
[trace] step 1045  <u>=1.028449e-02  max|u|=1.803985e-01  max|v|=1.165789e-01  max|w|=1.199364e-01  maxdiv=6.9310e-12  iters=15
[trace] step 1046  <u>=1.028449e-02  max|u|=1.803985e-01  max|v|=1.165789e-01  max|w|=1.199364e-01  maxdiv=6.9232e-12  iters=15
[trace] step 1047  <u>=1.028449e-02  max|u|=1.803985e-01  max|v|=1.165789e-01  max|w|=1.199364e-01  maxdiv=6.9155e-12  iters=15
[trace] step 1048  <u>=1.028449e-02  max|u|=1.803985e-01  max|v|=1.165789e-01  max|w|=1.199364e-01  maxdiv=6.9077e-12  iters=15
[trace] step 1049  <u>=1.028449e-02  max|u|=1.803984e-01  max|v|=1.165789e-01  max|w|=1.199364e-01  maxdiv=6.8999e-12  iters=15
[trace] step 1050  <u>=1.028449e-02  max|u|=1.803984e-01  max|v|=1.165789e-01  max|w|=1.199364e-01  maxdiv=6.8922e-12  iters=15
[trace] step 1051  <u>=1.028449e-02  max|u|=1.803984e-01  max|v|=1.165789e-01  max|w|=1.199364e-01  maxdiv=6.8844e-12  iters=15
[trace] step 1052  <u>=1.028449e-02  max|u|=1.803984e-01  max|v|=1.165789e-01  max|w|=1.199364e-01  maxdiv=6.8767e-12  iters=15
[trace] step 1053  <u>=1.028449e-02  max|u|=1.803984e-01  max|v|=1.165789e-01  max|w|=1.199364e-01  maxdiv=6.8690e-12  iters=15
[trace] step 1054  <u>=1.028449e-02  max|u|=1.803984e-01  max|v|=1.165789e-01  max|w|=1.199364e-01  maxdiv=6.8613e-12  iters=15
[trace] step 1055  <u>=1.028449e-02  max|u|=1.803984e-01  max|v|=1.165789e-01  max|w|=1.199364e-01  maxdiv=6.8536e-12  iters=15
[trace] step 1056  <u>=1.028449e-02  max|u|=1.803984e-01  max|v|=1.165789e-01  max|w|=1.199364e-01  maxdiv=6.8459e-12  iters=15
[trace] step 1057  <u>=1.028449e-02  max|u|=1.803984e-01  max|v|=1.165789e-01  max|w|=1.199364e-01  maxdiv=6.8382e-12  iters=15
[trace] step 1058  <u>=1.028449e-02  max|u|=1.803984e-01  max|v|=1.165789e-01  max|w|=1.199364e-01  maxdiv=6.8305e-12  iters=15
[trace] step 1059  <u>=1.028449e-02  max|u|=1.803984e-01  max|v|=1.165789e-01  max|w|=1.199364e-01  maxdiv=6.8229e-12  iters=15
[trace] step 1060  <u>=1.028449e-02  max|u|=1.803984e-01  max|v|=1.165789e-01  max|w|=1.199364e-01  maxdiv=6.8152e-12  iters=15
[trace] step 1061  <u>=1.028449e-02  max|u|=1.803984e-01  max|v|=1.165789e-01  max|w|=1.199364e-01  maxdiv=6.8076e-12  iters=15
[trace] step 1062  <u>=1.028449e-02  max|u|=1.803984e-01  max|v|=1.165789e-01  max|w|=1.199364e-01  maxdiv=6.8000e-12  iters=15
[trace] step 1063  <u>=1.028449e-02  max|u|=1.803984e-01  max|v|=1.165789e-01  max|w|=1.199364e-01  maxdiv=6.7923e-12  iters=15
[trace] step 1064  <u>=1.028449e-02  max|u|=1.803984e-01  max|v|=1.165789e-01  max|w|=1.199364e-01  maxdiv=6.7847e-12  iters=15
[trace] step 1065  <u>=1.028449e-02  max|u|=1.803984e-01  max|v|=1.165789e-01  max|w|=1.199364e-01  maxdiv=6.7771e-12  iters=15
[trace] step 1066  <u>=1.028449e-02  max|u|=1.803984e-01  max|v|=1.165789e-01  max|w|=1.199364e-01  maxdiv=6.7696e-12  iters=15
[trace] step 1067  <u>=1.028449e-02  max|u|=1.803984e-01  max|v|=1.165789e-01  max|w|=1.199364e-01  maxdiv=6.7620e-12  iters=15
[trace] step 1068  <u>=1.028449e-02  max|u|=1.803984e-01  max|v|=1.165789e-01  max|w|=1.199364e-01  maxdiv=6.7544e-12  iters=15
[trace] step 1069  <u>=1.028449e-02  max|u|=1.803984e-01  max|v|=1.165789e-01  max|w|=1.199364e-01  maxdiv=6.7469e-12  iters=15
[trace] step 1070  <u>=1.028449e-02  max|u|=1.803984e-01  max|v|=1.165789e-01  max|w|=1.199364e-01  maxdiv=6.7393e-12  iters=15
[trace] step 1071  <u>=1.028449e-02  max|u|=1.803984e-01  max|v|=1.165789e-01  max|w|=1.199364e-01  maxdiv=6.7318e-12  iters=15
[trace] step 1072  <u>=1.028449e-02  max|u|=1.803984e-01  max|v|=1.165789e-01  max|w|=1.199364e-01  maxdiv=6.7243e-12  iters=15
[trace] step 1073  <u>=1.028449e-02  max|u|=1.803984e-01  max|v|=1.165789e-01  max|w|=1.199364e-01  maxdiv=6.7167e-12  iters=15
[trace] step 1074  <u>=1.028449e-02  max|u|=1.803984e-01  max|v|=1.165789e-01  max|w|=1.199364e-01  maxdiv=6.7092e-12  iters=15
[trace] step 1075  <u>=1.028449e-02  max|u|=1.803984e-01  max|v|=1.165789e-01  max|w|=1.199364e-01  maxdiv=6.7017e-12  iters=15
[trace] step 1076  <u>=1.028449e-02  max|u|=1.803984e-01  max|v|=1.165789e-01  max|w|=1.199364e-01  maxdiv=6.6943e-12  iters=15
[trace] step 1077  <u>=1.028449e-02  max|u|=1.803984e-01  max|v|=1.165789e-01  max|w|=1.199364e-01  maxdiv=6.6868e-12  iters=15
[trace] step 1078  <u>=1.028449e-02  max|u|=1.803984e-01  max|v|=1.165789e-01  max|w|=1.199364e-01  maxdiv=6.6793e-12  iters=15
[trace] step 1079  <u>=1.028449e-02  max|u|=1.803984e-01  max|v|=1.165789e-01  max|w|=1.199364e-01  maxdiv=6.6719e-12  iters=15
[trace] step 1080  <u>=1.028449e-02  max|u|=1.803984e-01  max|v|=1.165789e-01  max|w|=1.199364e-01  maxdiv=6.6644e-12  iters=15
[trace] step 1081  <u>=1.028449e-02  max|u|=1.803984e-01  max|v|=1.165789e-01  max|w|=1.199364e-01  maxdiv=6.6570e-12  iters=15
[trace] step 1082  <u>=1.028449e-02  max|u|=1.803984e-01  max|v|=1.165789e-01  max|w|=1.199364e-01  maxdiv=6.6496e-12  iters=15
[trace] step 1083  <u>=1.028449e-02  max|u|=1.803984e-01  max|v|=1.165789e-01  max|w|=1.199364e-01  maxdiv=6.6421e-12  iters=15
[trace] step 1084  <u>=1.028449e-02  max|u|=1.803984e-01  max|v|=1.165789e-01  max|w|=1.199364e-01  maxdiv=6.6347e-12  iters=15
[trace] step 1085  <u>=1.028449e-02  max|u|=1.803984e-01  max|v|=1.165789e-01  max|w|=1.199364e-01  maxdiv=6.6273e-12  iters=15
[trace] step 1086  <u>=1.028449e-02  max|u|=1.803984e-01  max|v|=1.165789e-01  max|w|=1.199364e-01  maxdiv=6.6200e-12  iters=15
[trace] step 1087  <u>=1.028449e-02  max|u|=1.803984e-01  max|v|=1.165789e-01  max|w|=1.199364e-01  maxdiv=6.6126e-12  iters=15
[trace] step 1088  <u>=1.028449e-02  max|u|=1.803984e-01  max|v|=1.165789e-01  max|w|=1.199364e-01  maxdiv=6.6052e-12  iters=15
[trace] step 1089  <u>=1.028449e-02  max|u|=1.803984e-01  max|v|=1.165789e-01  max|w|=1.199364e-01  maxdiv=6.5979e-12  iters=15
[trace] step 1090  <u>=1.028449e-02  max|u|=1.803984e-01  max|v|=1.165789e-01  max|w|=1.199364e-01  maxdiv=6.5905e-12  iters=15
[trace] step 1091  <u>=1.028449e-02  max|u|=1.803984e-01  max|v|=1.165789e-01  max|w|=1.199364e-01  maxdiv=6.5832e-12  iters=15
[trace] step 1092  <u>=1.028449e-02  max|u|=1.803984e-01  max|v|=1.165789e-01  max|w|=1.199364e-01  maxdiv=6.5758e-12  iters=15
[trace] step 1093  <u>=1.028449e-02  max|u|=1.803984e-01  max|v|=1.165789e-01  max|w|=1.199364e-01  maxdiv=6.5685e-12  iters=15
[trace] step 1094  <u>=1.028449e-02  max|u|=1.803984e-01  max|v|=1.165789e-01  max|w|=1.199364e-01  maxdiv=6.5612e-12  iters=15
[trace] step 1095  <u>=1.028449e-02  max|u|=1.803984e-01  max|v|=1.165789e-01  max|w|=1.199364e-01  maxdiv=6.5539e-12  iters=15
[trace] step 1096  <u>=1.028449e-02  max|u|=1.803984e-01  max|v|=1.165789e-01  max|w|=1.199364e-01  maxdiv=6.5466e-12  iters=15
[trace] step 1097  <u>=1.028449e-02  max|u|=1.803984e-01  max|v|=1.165789e-01  max|w|=1.199364e-01  maxdiv=6.5394e-12  iters=15
[trace] step 1098  <u>=1.028449e-02  max|u|=1.803984e-01  max|v|=1.165789e-01  max|w|=1.199364e-01  maxdiv=6.5321e-12  iters=15
[trace] step 1099  <u>=1.028449e-02  max|u|=1.803984e-01  max|v|=1.165789e-01  max|w|=1.199364e-01  maxdiv=6.5248e-12  iters=15
[trace] step 1100  <u>=1.028449e-02  max|u|=1.803984e-01  max|v|=1.165789e-01  max|w|=1.199364e-01  maxdiv=6.5176e-12  iters=15
[trace] step 1101  <u>=1.028449e-02  max|u|=1.803984e-01  max|v|=1.165789e-01  max|w|=1.199364e-01  maxdiv=6.5104e-12  iters=15
[trace] step 1102  <u>=1.028449e-02  max|u|=1.803984e-01  max|v|=1.165789e-01  max|w|=1.199364e-01  maxdiv=6.5031e-12  iters=15
[trace] step 1103  <u>=1.028449e-02  max|u|=1.803984e-01  max|v|=1.165789e-01  max|w|=1.199364e-01  maxdiv=6.4959e-12  iters=15
[trace] step 1104  <u>=1.028449e-02  max|u|=1.803984e-01  max|v|=1.165789e-01  max|w|=1.199364e-01  maxdiv=6.4887e-12  iters=15
[trace] step 1105  <u>=1.028449e-02  max|u|=1.803984e-01  max|v|=1.165789e-01  max|w|=1.199364e-01  maxdiv=6.4815e-12  iters=15
[trace] step 1106  <u>=1.028449e-02  max|u|=1.803984e-01  max|v|=1.165789e-01  max|w|=1.199364e-01  maxdiv=6.4743e-12  iters=15
[trace] step 1107  <u>=1.028449e-02  max|u|=1.803984e-01  max|v|=1.165789e-01  max|w|=1.199364e-01  maxdiv=6.4671e-12  iters=15
[trace] step 1108  <u>=1.028449e-02  max|u|=1.803984e-01  max|v|=1.165789e-01  max|w|=1.199364e-01  maxdiv=6.4600e-12  iters=15
[trace] step 1109  <u>=1.028449e-02  max|u|=1.803984e-01  max|v|=1.165789e-01  max|w|=1.199364e-01  maxdiv=6.4528e-12  iters=15
[trace] step 1110  <u>=1.028449e-02  max|u|=1.803984e-01  max|v|=1.165789e-01  max|w|=1.199364e-01  maxdiv=6.4456e-12  iters=15
[trace] step 1111  <u>=1.028449e-02  max|u|=1.803984e-01  max|v|=1.165789e-01  max|w|=1.199364e-01  maxdiv=6.4385e-12  iters=15
[trace] step 1112  <u>=1.028449e-02  max|u|=1.803984e-01  max|v|=1.165789e-01  max|w|=1.199364e-01  maxdiv=6.4314e-12  iters=15
[trace] step 1113  <u>=1.028449e-02  max|u|=1.803984e-01  max|v|=1.165789e-01  max|w|=1.199364e-01  maxdiv=6.4242e-12  iters=15
[trace] step 1114  <u>=1.028449e-02  max|u|=1.803984e-01  max|v|=1.165789e-01  max|w|=1.199364e-01  maxdiv=6.4171e-12  iters=15
[trace] step 1115  <u>=1.028449e-02  max|u|=1.803984e-01  max|v|=1.165789e-01  max|w|=1.199364e-01  maxdiv=6.4100e-12  iters=15
[trace] step 1116  <u>=1.028449e-02  max|u|=1.803984e-01  max|v|=1.165789e-01  max|w|=1.199364e-01  maxdiv=6.4029e-12  iters=15
[trace] step 1117  <u>=1.028449e-02  max|u|=1.803984e-01  max|v|=1.165789e-01  max|w|=1.199364e-01  maxdiv=6.3958e-12  iters=15
[trace] step 1118  <u>=1.028449e-02  max|u|=1.803984e-01  max|v|=1.165789e-01  max|w|=1.199364e-01  maxdiv=6.3888e-12  iters=15
[trace] step 1119  <u>=1.028449e-02  max|u|=1.803984e-01  max|v|=1.165789e-01  max|w|=1.199364e-01  maxdiv=6.3817e-12  iters=15
[trace] step 1120  <u>=1.028449e-02  max|u|=1.803984e-01  max|v|=1.165789e-01  max|w|=1.199364e-01  maxdiv=6.3746e-12  iters=15
[trace] step 1121  <u>=1.028449e-02  max|u|=1.803984e-01  max|v|=1.165789e-01  max|w|=1.199364e-01  maxdiv=6.3676e-12  iters=15
[trace] step 1122  <u>=1.028449e-02  max|u|=1.803984e-01  max|v|=1.165789e-01  max|w|=1.199364e-01  maxdiv=6.3606e-12  iters=15
[trace] step 1123  <u>=1.028449e-02  max|u|=1.803984e-01  max|v|=1.165789e-01  max|w|=1.199364e-01  maxdiv=6.3535e-12  iters=15
[trace] step 1124  <u>=1.028449e-02  max|u|=1.803984e-01  max|v|=1.165789e-01  max|w|=1.199364e-01  maxdiv=6.3465e-12  iters=15
[trace] step 1125  <u>=1.028449e-02  max|u|=1.803984e-01  max|v|=1.165789e-01  max|w|=1.199364e-01  maxdiv=6.3395e-12  iters=15
[trace] step 1126  <u>=1.028449e-02  max|u|=1.803984e-01  max|v|=1.165789e-01  max|w|=1.199364e-01  maxdiv=6.3325e-12  iters=15
[trace] step 1127  <u>=1.028449e-02  max|u|=1.803984e-01  max|v|=1.165789e-01  max|w|=1.199364e-01  maxdiv=6.3255e-12  iters=15
[trace] step 1128  <u>=1.028449e-02  max|u|=1.803984e-01  max|v|=1.165789e-01  max|w|=1.199364e-01  maxdiv=6.3185e-12  iters=15
[trace] step 1129  <u>=1.028449e-02  max|u|=1.803984e-01  max|v|=1.165789e-01  max|w|=1.199364e-01  maxdiv=6.3115e-12  iters=15
[trace] step 1130  <u>=1.028449e-02  max|u|=1.803984e-01  max|v|=1.165789e-01  max|w|=1.199364e-01  maxdiv=6.3046e-12  iters=15
[trace] step 1131  <u>=1.028449e-02  max|u|=1.803984e-01  max|v|=1.165789e-01  max|w|=1.199364e-01  maxdiv=6.2976e-12  iters=15
[trace] step 1132  <u>=1.028449e-02  max|u|=1.803984e-01  max|v|=1.165789e-01  max|w|=1.199364e-01  maxdiv=6.2907e-12  iters=15
[trace] step 1133  <u>=1.028449e-02  max|u|=1.803984e-01  max|v|=1.165789e-01  max|w|=1.199364e-01  maxdiv=6.2837e-12  iters=15
[trace] step 1134  <u>=1.028449e-02  max|u|=1.803984e-01  max|v|=1.165789e-01  max|w|=1.199364e-01  maxdiv=6.2768e-12  iters=15
[trace] step 1135  <u>=1.028449e-02  max|u|=1.803984e-01  max|v|=1.165789e-01  max|w|=1.199364e-01  maxdiv=6.2699e-12  iters=15
[trace] step 1136  <u>=1.028449e-02  max|u|=1.803984e-01  max|v|=1.165789e-01  max|w|=1.199364e-01  maxdiv=6.2630e-12  iters=15
[trace] step 1137  <u>=1.028449e-02  max|u|=1.803984e-01  max|v|=1.165788e-01  max|w|=1.199364e-01  maxdiv=6.2561e-12  iters=15
[trace] step 1138  <u>=1.028449e-02  max|u|=1.803984e-01  max|v|=1.165788e-01  max|w|=1.199364e-01  maxdiv=6.2492e-12  iters=15
[trace] step 1139  <u>=1.028449e-02  max|u|=1.803984e-01  max|v|=1.165788e-01  max|w|=1.199364e-01  maxdiv=6.2423e-12  iters=15
[trace] step 1140  <u>=1.028449e-02  max|u|=1.803984e-01  max|v|=1.165788e-01  max|w|=1.199364e-01  maxdiv=6.2354e-12  iters=15
[trace] step 1141  <u>=1.028449e-02  max|u|=1.803984e-01  max|v|=1.165788e-01  max|w|=1.199364e-01  maxdiv=6.2286e-12  iters=15
[trace] step 1142  <u>=1.028449e-02  max|u|=1.803984e-01  max|v|=1.165788e-01  max|w|=1.199364e-01  maxdiv=6.2217e-12  iters=15
[trace] step 1143  <u>=1.028449e-02  max|u|=1.803984e-01  max|v|=1.165788e-01  max|w|=1.199364e-01  maxdiv=6.2149e-12  iters=15
[trace] step 1144  <u>=1.028449e-02  max|u|=1.803984e-01  max|v|=1.165788e-01  max|w|=1.199364e-01  maxdiv=6.2080e-12  iters=15
[trace] step 1145  <u>=1.028449e-02  max|u|=1.803984e-01  max|v|=1.165788e-01  max|w|=1.199364e-01  maxdiv=6.2012e-12  iters=15
[trace] step 1146  <u>=1.028449e-02  max|u|=1.803984e-01  max|v|=1.165788e-01  max|w|=1.199364e-01  maxdiv=6.1944e-12  iters=15
[trace] step 1147  <u>=1.028449e-02  max|u|=1.803984e-01  max|v|=1.165788e-01  max|w|=1.199364e-01  maxdiv=6.1876e-12  iters=15
[trace] step 1148  <u>=1.028449e-02  max|u|=1.803984e-01  max|v|=1.165788e-01  max|w|=1.199364e-01  maxdiv=6.1808e-12  iters=15
[trace] step 1149  <u>=1.028449e-02  max|u|=1.803984e-01  max|v|=1.165788e-01  max|w|=1.199364e-01  maxdiv=6.1740e-12  iters=15
[trace] step 1150  <u>=1.028449e-02  max|u|=1.803984e-01  max|v|=1.165788e-01  max|w|=1.199364e-01  maxdiv=6.1672e-12  iters=15
[trace] step 1151  <u>=1.028449e-02  max|u|=1.803984e-01  max|v|=1.165788e-01  max|w|=1.199364e-01  maxdiv=6.1605e-12  iters=15
[trace] step 1152  <u>=1.028449e-02  max|u|=1.803984e-01  max|v|=1.165788e-01  max|w|=1.199364e-01  maxdiv=6.1537e-12  iters=15
[trace] step 1153  <u>=1.028449e-02  max|u|=1.803984e-01  max|v|=1.165788e-01  max|w|=1.199364e-01  maxdiv=6.1469e-12  iters=15
[trace] step 1154  <u>=1.028449e-02  max|u|=1.803984e-01  max|v|=1.165788e-01  max|w|=1.199364e-01  maxdiv=6.1402e-12  iters=15
[trace] step 1155  <u>=1.028449e-02  max|u|=1.803984e-01  max|v|=1.165788e-01  max|w|=1.199364e-01  maxdiv=6.1335e-12  iters=15
[trace] step 1156  <u>=1.028449e-02  max|u|=1.803984e-01  max|v|=1.165788e-01  max|w|=1.199364e-01  maxdiv=6.1267e-12  iters=15
[trace] step 1157  <u>=1.028449e-02  max|u|=1.803984e-01  max|v|=1.165788e-01  max|w|=1.199364e-01  maxdiv=6.1200e-12  iters=15
[trace] step 1158  <u>=1.028449e-02  max|u|=1.803984e-01  max|v|=1.165788e-01  max|w|=1.199364e-01  maxdiv=6.1133e-12  iters=15
[trace] step 1159  <u>=1.028449e-02  max|u|=1.803984e-01  max|v|=1.165788e-01  max|w|=1.199364e-01  maxdiv=6.1066e-12  iters=15
[trace] step 1160  <u>=1.028449e-02  max|u|=1.803984e-01  max|v|=1.165788e-01  max|w|=1.199364e-01  maxdiv=6.0999e-12  iters=15
[trace] step 1161  <u>=1.028449e-02  max|u|=1.803984e-01  max|v|=1.165788e-01  max|w|=1.199364e-01  maxdiv=6.0932e-12  iters=15
[trace] step 1162  <u>=1.028449e-02  max|u|=1.803984e-01  max|v|=1.165788e-01  max|w|=1.199364e-01  maxdiv=6.0865e-12  iters=15
[trace] step 1163  <u>=1.028449e-02  max|u|=1.803984e-01  max|v|=1.165788e-01  max|w|=1.199364e-01  maxdiv=6.0799e-12  iters=15
[trace] step 1164  <u>=1.028449e-02  max|u|=1.803984e-01  max|v|=1.165788e-01  max|w|=1.199364e-01  maxdiv=6.0732e-12  iters=15
[trace] step 1165  <u>=1.028449e-02  max|u|=1.803984e-01  max|v|=1.165788e-01  max|w|=1.199364e-01  maxdiv=6.0666e-12  iters=15
[trace] step 1166  <u>=1.028449e-02  max|u|=1.803984e-01  max|v|=1.165788e-01  max|w|=1.199364e-01  maxdiv=6.0599e-12  iters=15
[trace] step 1167  <u>=1.028449e-02  max|u|=1.803984e-01  max|v|=1.165788e-01  max|w|=1.199364e-01  maxdiv=6.0533e-12  iters=15
[trace] step 1168  <u>=1.028449e-02  max|u|=1.803984e-01  max|v|=1.165788e-01  max|w|=1.199364e-01  maxdiv=6.0467e-12  iters=15
[trace] step 1169  <u>=1.028449e-02  max|u|=1.803984e-01  max|v|=1.165788e-01  max|w|=1.199364e-01  maxdiv=6.0401e-12  iters=15
[trace] step 1170  <u>=1.028449e-02  max|u|=1.803984e-01  max|v|=1.165788e-01  max|w|=1.199364e-01  maxdiv=6.0335e-12  iters=15
[trace] step 1171  <u>=1.028449e-02  max|u|=1.803984e-01  max|v|=1.165788e-01  max|w|=1.199364e-01  maxdiv=6.0269e-12  iters=15
[trace] step 1172  <u>=1.028449e-02  max|u|=1.803984e-01  max|v|=1.165788e-01  max|w|=1.199364e-01  maxdiv=6.0203e-12  iters=15
[trace] step 1173  <u>=1.028449e-02  max|u|=1.803984e-01  max|v|=1.165788e-01  max|w|=1.199364e-01  maxdiv=6.0137e-12  iters=15
[trace] step 1174  <u>=1.028449e-02  max|u|=1.803984e-01  max|v|=1.165788e-01  max|w|=1.199364e-01  maxdiv=6.0071e-12  iters=15
[trace] step 1175  <u>=1.028449e-02  max|u|=1.803984e-01  max|v|=1.165788e-01  max|w|=1.199364e-01  maxdiv=6.0006e-12  iters=15
[trace] step 1176  <u>=1.028449e-02  max|u|=1.803984e-01  max|v|=1.165788e-01  max|w|=1.199364e-01  maxdiv=5.9940e-12  iters=15
[trace] step 1177  <u>=1.028449e-02  max|u|=1.803984e-01  max|v|=1.165788e-01  max|w|=1.199364e-01  maxdiv=5.9875e-12  iters=15
[trace] step 1178  <u>=1.028449e-02  max|u|=1.803984e-01  max|v|=1.165788e-01  max|w|=1.199364e-01  maxdiv=5.9810e-12  iters=15
[trace] step 1179  <u>=1.028449e-02  max|u|=1.803984e-01  max|v|=1.165788e-01  max|w|=1.199364e-01  maxdiv=5.9744e-12  iters=15
[trace] step 1180  <u>=1.028449e-02  max|u|=1.803984e-01  max|v|=1.165788e-01  max|w|=1.199364e-01  maxdiv=5.9679e-12  iters=15
[trace] step 1181  <u>=1.028449e-02  max|u|=1.803984e-01  max|v|=1.165788e-01  max|w|=1.199364e-01  maxdiv=5.9614e-12  iters=15
[trace] step 1182  <u>=1.028449e-02  max|u|=1.803984e-01  max|v|=1.165788e-01  max|w|=1.199364e-01  maxdiv=5.9549e-12  iters=15
[trace] step 1183  <u>=1.028449e-02  max|u|=1.803984e-01  max|v|=1.165788e-01  max|w|=1.199364e-01  maxdiv=5.9484e-12  iters=15
[trace] step 1184  <u>=1.028449e-02  max|u|=1.803984e-01  max|v|=1.165788e-01  max|w|=1.199364e-01  maxdiv=5.9419e-12  iters=15
[trace] step 1185  <u>=1.028449e-02  max|u|=1.803984e-01  max|v|=1.165788e-01  max|w|=1.199364e-01  maxdiv=5.9355e-12  iters=15
[trace] step 1186  <u>=1.028449e-02  max|u|=1.803984e-01  max|v|=1.165788e-01  max|w|=1.199364e-01  maxdiv=5.9290e-12  iters=15
[trace] step 1187  <u>=1.028449e-02  max|u|=1.803984e-01  max|v|=1.165788e-01  max|w|=1.199364e-01  maxdiv=5.9225e-12  iters=15
[trace] step 1188  <u>=1.028449e-02  max|u|=1.803984e-01  max|v|=1.165788e-01  max|w|=1.199364e-01  maxdiv=5.9161e-12  iters=15
[trace] step 1189  <u>=1.028449e-02  max|u|=1.803984e-01  max|v|=1.165788e-01  max|w|=1.199364e-01  maxdiv=5.9096e-12  iters=15
[trace] step 1190  <u>=1.028449e-02  max|u|=1.803984e-01  max|v|=1.165788e-01  max|w|=1.199364e-01  maxdiv=5.9032e-12  iters=15
[trace] step 1191  <u>=1.028449e-02  max|u|=1.803984e-01  max|v|=1.165788e-01  max|w|=1.199364e-01  maxdiv=5.8968e-12  iters=15
[trace] step 1192  <u>=1.028449e-02  max|u|=1.803984e-01  max|v|=1.165788e-01  max|w|=1.199364e-01  maxdiv=5.8904e-12  iters=15
[trace] step 1193  <u>=1.028449e-02  max|u|=1.803984e-01  max|v|=1.165788e-01  max|w|=1.199364e-01  maxdiv=5.8840e-12  iters=15
[trace] step 1194  <u>=1.028449e-02  max|u|=1.803984e-01  max|v|=1.165788e-01  max|w|=1.199364e-01  maxdiv=5.8776e-12  iters=15
[trace] step 1195  <u>=1.028449e-02  max|u|=1.803984e-01  max|v|=1.165788e-01  max|w|=1.199364e-01  maxdiv=5.8712e-12  iters=15
[trace] step 1196  <u>=1.028449e-02  max|u|=1.803984e-01  max|v|=1.165788e-01  max|w|=1.199364e-01  maxdiv=5.8648e-12  iters=15
[trace] step 1197  <u>=1.028449e-02  max|u|=1.803984e-01  max|v|=1.165788e-01  max|w|=1.199364e-01  maxdiv=5.8584e-12  iters=15
[trace] step 1198  <u>=1.028449e-02  max|u|=1.803984e-01  max|v|=1.165788e-01  max|w|=1.199364e-01  maxdiv=5.8521e-12  iters=15
[trace] step 1199  <u>=1.028449e-02  max|u|=1.803984e-01  max|v|=1.165788e-01  max|w|=1.199364e-01  maxdiv=5.8457e-12  iters=15
[trace] step 1200  <u>=1.028449e-02  max|u|=1.803984e-01  max|v|=1.165788e-01  max|w|=1.199364e-01  maxdiv=5.8394e-12  iters=15
[trace] step 1201  <u>=1.028449e-02  max|u|=1.803984e-01  max|v|=1.165788e-01  max|w|=1.199364e-01  maxdiv=5.8330e-12  iters=15
[trace] step 1202  <u>=1.028449e-02  max|u|=1.803984e-01  max|v|=1.165788e-01  max|w|=1.199364e-01  maxdiv=5.8267e-12  iters=15
[trace] step 1203  <u>=1.028449e-02  max|u|=1.803984e-01  max|v|=1.165788e-01  max|w|=1.199364e-01  maxdiv=5.8204e-12  iters=15
[trace] step 1204  <u>=1.028449e-02  max|u|=1.803984e-01  max|v|=1.165788e-01  max|w|=1.199364e-01  maxdiv=5.8141e-12  iters=15
[trace] step 1205  <u>=1.028449e-02  max|u|=1.803984e-01  max|v|=1.165788e-01  max|w|=1.199364e-01  maxdiv=5.8078e-12  iters=15
[trace] step 1206  <u>=1.028449e-02  max|u|=1.803984e-01  max|v|=1.165788e-01  max|w|=1.199364e-01  maxdiv=5.8015e-12  iters=15
[trace] step 1207  <u>=1.028449e-02  max|u|=1.803984e-01  max|v|=1.165788e-01  max|w|=1.199364e-01  maxdiv=5.7952e-12  iters=15
[trace] step 1208  <u>=1.028449e-02  max|u|=1.803984e-01  max|v|=1.165788e-01  max|w|=1.199364e-01  maxdiv=5.7889e-12  iters=15
[trace] step 1209  <u>=1.028449e-02  max|u|=1.803984e-01  max|v|=1.165788e-01  max|w|=1.199364e-01  maxdiv=5.7826e-12  iters=15
[trace] step 1210  <u>=1.028449e-02  max|u|=1.803984e-01  max|v|=1.165788e-01  max|w|=1.199364e-01  maxdiv=5.7764e-12  iters=15
[trace] step 1211  <u>=1.028449e-02  max|u|=1.803984e-01  max|v|=1.165788e-01  max|w|=1.199364e-01  maxdiv=5.7701e-12  iters=15
[trace] step 1212  <u>=1.028449e-02  max|u|=1.803984e-01  max|v|=1.165788e-01  max|w|=1.199364e-01  maxdiv=5.7638e-12  iters=15
[trace] step 1213  <u>=1.028449e-02  max|u|=1.803984e-01  max|v|=1.165788e-01  max|w|=1.199364e-01  maxdiv=5.7576e-12  iters=15
[trace] step 1214  <u>=1.028449e-02  max|u|=1.803984e-01  max|v|=1.165788e-01  max|w|=1.199364e-01  maxdiv=5.7514e-12  iters=15
[trace] step 1215  <u>=1.028449e-02  max|u|=1.803984e-01  max|v|=1.165788e-01  max|w|=1.199364e-01  maxdiv=5.7452e-12  iters=15
[trace] step 1216  <u>=1.028449e-02  max|u|=1.803984e-01  max|v|=1.165788e-01  max|w|=1.199364e-01  maxdiv=5.7389e-12  iters=15
[trace] step 1217  <u>=1.028449e-02  max|u|=1.803984e-01  max|v|=1.165788e-01  max|w|=1.199364e-01  maxdiv=5.7327e-12  iters=15
[trace] step 1218  <u>=1.028449e-02  max|u|=1.803984e-01  max|v|=1.165788e-01  max|w|=1.199364e-01  maxdiv=5.7265e-12  iters=15
[trace] step 1219  <u>=1.028449e-02  max|u|=1.803984e-01  max|v|=1.165788e-01  max|w|=1.199364e-01  maxdiv=5.7203e-12  iters=15
[trace] step 1220  <u>=1.028449e-02  max|u|=1.803984e-01  max|v|=1.165788e-01  max|w|=1.199364e-01  maxdiv=5.7142e-12  iters=15
[trace] step 1221  <u>=1.028449e-02  max|u|=1.803984e-01  max|v|=1.165788e-01  max|w|=1.199364e-01  maxdiv=5.7080e-12  iters=15
[trace] step 1222  <u>=1.028449e-02  max|u|=1.803984e-01  max|v|=1.165788e-01  max|w|=1.199364e-01  maxdiv=5.7018e-12  iters=15
[trace] step 1223  <u>=1.028449e-02  max|u|=1.803984e-01  max|v|=1.165788e-01  max|w|=1.199364e-01  maxdiv=5.6957e-12  iters=15
[trace] step 1224  <u>=1.028449e-02  max|u|=1.803984e-01  max|v|=1.165788e-01  max|w|=1.199364e-01  maxdiv=5.6895e-12  iters=15
[trace] step 1225  <u>=1.028449e-02  max|u|=1.803984e-01  max|v|=1.165788e-01  max|w|=1.199364e-01  maxdiv=5.6834e-12  iters=15
[trace] step 1226  <u>=1.028449e-02  max|u|=1.803984e-01  max|v|=1.165788e-01  max|w|=1.199364e-01  maxdiv=5.6772e-12  iters=15
[trace] step 1227  <u>=1.028449e-02  max|u|=1.803984e-01  max|v|=1.165788e-01  max|w|=1.199364e-01  maxdiv=5.6711e-12  iters=15
[trace] step 1228  <u>=1.028449e-02  max|u|=1.803984e-01  max|v|=1.165788e-01  max|w|=1.199364e-01  maxdiv=5.6650e-12  iters=15
[trace] step 1229  <u>=1.028449e-02  max|u|=1.803984e-01  max|v|=1.165788e-01  max|w|=1.199364e-01  maxdiv=5.6589e-12  iters=15
[trace] step 1230  <u>=1.028449e-02  max|u|=1.803984e-01  max|v|=1.165788e-01  max|w|=1.199364e-01  maxdiv=5.6528e-12  iters=15
[trace] step 1231  <u>=1.028449e-02  max|u|=1.803984e-01  max|v|=1.165788e-01  max|w|=1.199364e-01  maxdiv=5.6467e-12  iters=15
[trace] step 1232  <u>=1.028449e-02  max|u|=1.803984e-01  max|v|=1.165788e-01  max|w|=1.199364e-01  maxdiv=5.6406e-12  iters=15
[trace] step 1233  <u>=1.028449e-02  max|u|=1.803984e-01  max|v|=1.165788e-01  max|w|=1.199364e-01  maxdiv=5.6345e-12  iters=15
[trace] step 1234  <u>=1.028449e-02  max|u|=1.803984e-01  max|v|=1.165788e-01  max|w|=1.199364e-01  maxdiv=5.6285e-12  iters=15
[trace] step 1235  <u>=1.028449e-02  max|u|=1.803984e-01  max|v|=1.165788e-01  max|w|=1.199364e-01  maxdiv=5.6224e-12  iters=15
[trace] step 1236  <u>=1.028449e-02  max|u|=1.803984e-01  max|v|=1.165788e-01  max|w|=1.199364e-01  maxdiv=5.6164e-12  iters=15
[trace] step 1237  <u>=1.028449e-02  max|u|=1.803984e-01  max|v|=1.165788e-01  max|w|=1.199364e-01  maxdiv=5.6103e-12  iters=15
[trace] step 1238  <u>=1.028448e-02  max|u|=1.803984e-01  max|v|=1.165788e-01  max|w|=1.199364e-01  maxdiv=5.6043e-12  iters=15
[trace] step 1239  <u>=1.028448e-02  max|u|=1.803984e-01  max|v|=1.165788e-01  max|w|=1.199364e-01  maxdiv=5.5982e-12  iters=15
[trace] step 1240  <u>=1.028448e-02  max|u|=1.803984e-01  max|v|=1.165788e-01  max|w|=1.199363e-01  maxdiv=5.5922e-12  iters=15
[trace] step 1241  <u>=1.028448e-02  max|u|=1.803984e-01  max|v|=1.165788e-01  max|w|=1.199363e-01  maxdiv=5.5862e-12  iters=15
[trace] step 1242  <u>=1.028448e-02  max|u|=1.803984e-01  max|v|=1.165788e-01  max|w|=1.199363e-01  maxdiv=5.5802e-12  iters=15
[trace] step 1243  <u>=1.028448e-02  max|u|=1.803984e-01  max|v|=1.165788e-01  max|w|=1.199363e-01  maxdiv=5.5742e-12  iters=15
[trace] step 1244  <u>=1.028448e-02  max|u|=1.803984e-01  max|v|=1.165788e-01  max|w|=1.199363e-01  maxdiv=5.5682e-12  iters=15
[trace] step 1245  <u>=1.028448e-02  max|u|=1.803984e-01  max|v|=1.165788e-01  max|w|=1.199363e-01  maxdiv=5.5622e-12  iters=15
[trace] step 1246  <u>=1.028448e-02  max|u|=1.803984e-01  max|v|=1.165788e-01  max|w|=1.199363e-01  maxdiv=5.5563e-12  iters=15
[trace] step 1247  <u>=1.028448e-02  max|u|=1.803984e-01  max|v|=1.165788e-01  max|w|=1.199363e-01  maxdiv=5.5503e-12  iters=15
[trace] step 1248  <u>=1.028448e-02  max|u|=1.803984e-01  max|v|=1.165788e-01  max|w|=1.199363e-01  maxdiv=5.5443e-12  iters=15
[trace] step 1249  <u>=1.028448e-02  max|u|=1.803984e-01  max|v|=1.165788e-01  max|w|=1.199363e-01  maxdiv=5.5384e-12  iters=15
[trace] step 1250  <u>=1.028448e-02  max|u|=1.803984e-01  max|v|=1.165788e-01  max|w|=1.199363e-01  maxdiv=5.5325e-12  iters=15
[trace] step 1251  <u>=1.028448e-02  max|u|=1.803984e-01  max|v|=1.165788e-01  max|w|=1.199363e-01  maxdiv=5.5265e-12  iters=15
[trace] step 1252  <u>=1.028448e-02  max|u|=1.803984e-01  max|v|=1.165788e-01  max|w|=1.199363e-01  maxdiv=5.5206e-12  iters=15
[trace] step 1253  <u>=1.028448e-02  max|u|=1.803984e-01  max|v|=1.165788e-01  max|w|=1.199363e-01  maxdiv=5.5147e-12  iters=15
[trace] step 1254  <u>=1.028448e-02  max|u|=1.803984e-01  max|v|=1.165788e-01  max|w|=1.199363e-01  maxdiv=5.5088e-12  iters=15
[trace] step 1255  <u>=1.028448e-02  max|u|=1.803984e-01  max|v|=1.165788e-01  max|w|=1.199363e-01  maxdiv=5.5029e-12  iters=15
[trace] step 1256  <u>=1.028448e-02  max|u|=1.803984e-01  max|v|=1.165788e-01  max|w|=1.199363e-01  maxdiv=5.4970e-12  iters=15
[trace] step 1257  <u>=1.028448e-02  max|u|=1.803984e-01  max|v|=1.165788e-01  max|w|=1.199363e-01  maxdiv=5.4911e-12  iters=15
[trace] step 1258  <u>=1.028448e-02  max|u|=1.803984e-01  max|v|=1.165788e-01  max|w|=1.199363e-01  maxdiv=5.4852e-12  iters=15
[trace] step 1259  <u>=1.028448e-02  max|u|=1.803984e-01  max|v|=1.165788e-01  max|w|=1.199363e-01  maxdiv=5.4793e-12  iters=15
[trace] step 1260  <u>=1.028448e-02  max|u|=1.803984e-01  max|v|=1.165788e-01  max|w|=1.199363e-01  maxdiv=5.4735e-12  iters=15
[trace] step 1261  <u>=1.028448e-02  max|u|=1.803984e-01  max|v|=1.165788e-01  max|w|=1.199363e-01  maxdiv=5.4676e-12  iters=15
[trace] step 1262  <u>=1.028448e-02  max|u|=1.803984e-01  max|v|=1.165788e-01  max|w|=1.199363e-01  maxdiv=5.4617e-12  iters=15
[trace] step 1263  <u>=1.028448e-02  max|u|=1.803984e-01  max|v|=1.165788e-01  max|w|=1.199363e-01  maxdiv=5.4559e-12  iters=15
[trace] step 1264  <u>=1.028448e-02  max|u|=1.803984e-01  max|v|=1.165788e-01  max|w|=1.199363e-01  maxdiv=5.4501e-12  iters=15
[trace] step 1265  <u>=1.028448e-02  max|u|=1.803984e-01  max|v|=1.165788e-01  max|w|=1.199363e-01  maxdiv=5.4442e-12  iters=15
[trace] step 1266  <u>=1.028448e-02  max|u|=1.803984e-01  max|v|=1.165788e-01  max|w|=1.199363e-01  maxdiv=5.4384e-12  iters=15
[trace] step 1267  <u>=1.028448e-02  max|u|=1.803984e-01  max|v|=1.165788e-01  max|w|=1.199363e-01  maxdiv=5.4326e-12  iters=15
[trace] step 1268  <u>=1.028448e-02  max|u|=1.803984e-01  max|v|=1.165788e-01  max|w|=1.199363e-01  maxdiv=5.4268e-12  iters=15
[trace] step 1269  <u>=1.028448e-02  max|u|=1.803984e-01  max|v|=1.165788e-01  max|w|=1.199363e-01  maxdiv=5.4210e-12  iters=15
[trace] step 1270  <u>=1.028448e-02  max|u|=1.803984e-01  max|v|=1.165788e-01  max|w|=1.199363e-01  maxdiv=5.4152e-12  iters=15
[trace] step 1271  <u>=1.028448e-02  max|u|=1.803984e-01  max|v|=1.165788e-01  max|w|=1.199363e-01  maxdiv=5.4094e-12  iters=15
[trace] step 1272  <u>=1.028448e-02  max|u|=1.803984e-01  max|v|=1.165788e-01  max|w|=1.199363e-01  maxdiv=5.4037e-12  iters=15
[trace] step 1273  <u>=1.028448e-02  max|u|=1.803984e-01  max|v|=1.165788e-01  max|w|=1.199363e-01  maxdiv=5.3979e-12  iters=15
[trace] step 1274  <u>=1.028448e-02  max|u|=1.803984e-01  max|v|=1.165788e-01  max|w|=1.199363e-01  maxdiv=5.3922e-12  iters=15
[trace] step 1275  <u>=1.028448e-02  max|u|=1.803984e-01  max|v|=1.165788e-01  max|w|=1.199363e-01  maxdiv=5.3864e-12  iters=15
[trace] step 1276  <u>=1.028448e-02  max|u|=1.803984e-01  max|v|=1.165788e-01  max|w|=1.199363e-01  maxdiv=5.3807e-12  iters=15
[trace] step 1277  <u>=1.028448e-02  max|u|=1.803984e-01  max|v|=1.165788e-01  max|w|=1.199363e-01  maxdiv=5.3749e-12  iters=15
[trace] step 1278  <u>=1.028448e-02  max|u|=1.803984e-01  max|v|=1.165788e-01  max|w|=1.199363e-01  maxdiv=5.3692e-12  iters=15
[trace] step 1279  <u>=1.028448e-02  max|u|=1.803984e-01  max|v|=1.165788e-01  max|w|=1.199363e-01  maxdiv=5.3635e-12  iters=15
[trace] step 1280  <u>=1.028448e-02  max|u|=1.803984e-01  max|v|=1.165788e-01  max|w|=1.199363e-01  maxdiv=5.3578e-12  iters=15
[trace] step 1281  <u>=1.028448e-02  max|u|=1.803984e-01  max|v|=1.165788e-01  max|w|=1.199363e-01  maxdiv=5.3521e-12  iters=15
[trace] step 1282  <u>=1.028448e-02  max|u|=1.803984e-01  max|v|=1.165788e-01  max|w|=1.199363e-01  maxdiv=5.3464e-12  iters=15
[trace] step 1283  <u>=1.028448e-02  max|u|=1.803984e-01  max|v|=1.165788e-01  max|w|=1.199363e-01  maxdiv=5.3407e-12  iters=15
[trace] step 1284  <u>=1.028448e-02  max|u|=1.803984e-01  max|v|=1.165788e-01  max|w|=1.199363e-01  maxdiv=5.3350e-12  iters=15
[trace] step 1285  <u>=1.028448e-02  max|u|=1.803984e-01  max|v|=1.165788e-01  max|w|=1.199363e-01  maxdiv=5.3293e-12  iters=15
[trace] step 1286  <u>=1.028448e-02  max|u|=1.803984e-01  max|v|=1.165788e-01  max|w|=1.199363e-01  maxdiv=5.3236e-12  iters=15
[trace] step 1287  <u>=1.028448e-02  max|u|=1.803984e-01  max|v|=1.165788e-01  max|w|=1.199363e-01  maxdiv=5.3180e-12  iters=15
[trace] step 1288  <u>=1.028448e-02  max|u|=1.803984e-01  max|v|=1.165788e-01  max|w|=1.199363e-01  maxdiv=5.3123e-12  iters=15
[trace] step 1289  <u>=1.028448e-02  max|u|=1.803984e-01  max|v|=1.165788e-01  max|w|=1.199363e-01  maxdiv=5.3067e-12  iters=15
[trace] step 1290  <u>=1.028448e-02  max|u|=1.803984e-01  max|v|=1.165788e-01  max|w|=1.199363e-01  maxdiv=5.3010e-12  iters=15
[trace] step 1291  <u>=1.028448e-02  max|u|=1.803984e-01  max|v|=1.165788e-01  max|w|=1.199363e-01  maxdiv=5.2954e-12  iters=15
[trace] step 1292  <u>=1.028448e-02  max|u|=1.803984e-01  max|v|=1.165788e-01  max|w|=1.199363e-01  maxdiv=5.2898e-12  iters=15
[trace] step 1293  <u>=1.028448e-02  max|u|=1.803984e-01  max|v|=1.165788e-01  max|w|=1.199363e-01  maxdiv=5.2842e-12  iters=15
[trace] step 1294  <u>=1.028448e-02  max|u|=1.803984e-01  max|v|=1.165788e-01  max|w|=1.199363e-01  maxdiv=5.2786e-12  iters=15
[trace] step 1295  <u>=1.028448e-02  max|u|=1.803984e-01  max|v|=1.165788e-01  max|w|=1.199363e-01  maxdiv=5.2730e-12  iters=15
[trace] step 1296  <u>=1.028448e-02  max|u|=1.803984e-01  max|v|=1.165788e-01  max|w|=1.199363e-01  maxdiv=5.2674e-12  iters=15
[trace] step 1297  <u>=1.028448e-02  max|u|=1.803984e-01  max|v|=1.165788e-01  max|w|=1.199363e-01  maxdiv=5.2618e-12  iters=15
[trace] step 1298  <u>=1.028448e-02  max|u|=1.803984e-01  max|v|=1.165788e-01  max|w|=1.199363e-01  maxdiv=5.2562e-12  iters=15
[trace] step 1299  <u>=1.028448e-02  max|u|=1.803984e-01  max|v|=1.165788e-01  max|w|=1.199363e-01  maxdiv=5.2506e-12  iters=15
[trace] step 1300  <u>=1.028448e-02  max|u|=1.803984e-01  max|v|=1.165788e-01  max|w|=1.199363e-01  maxdiv=5.2451e-12  iters=15
[trace] step 1301  <u>=1.028448e-02  max|u|=1.803984e-01  max|v|=1.165788e-01  max|w|=1.199363e-01  maxdiv=5.2395e-12  iters=15
[trace] step 1302  <u>=1.028448e-02  max|u|=1.803984e-01  max|v|=1.165788e-01  max|w|=1.199363e-01  maxdiv=5.2340e-12  iters=15
[trace] step 1303  <u>=1.028448e-02  max|u|=1.803984e-01  max|v|=1.165788e-01  max|w|=1.199363e-01  maxdiv=5.2284e-12  iters=15
[trace] step 1304  <u>=1.028448e-02  max|u|=1.803984e-01  max|v|=1.165788e-01  max|w|=1.199363e-01  maxdiv=5.2229e-12  iters=15
[trace] step 1305  <u>=1.028448e-02  max|u|=1.803984e-01  max|v|=1.165788e-01  max|w|=1.199363e-01  maxdiv=5.2173e-12  iters=15
[trace] step 1306  <u>=1.028448e-02  max|u|=1.803984e-01  max|v|=1.165788e-01  max|w|=1.199363e-01  maxdiv=5.2118e-12  iters=15
[trace] step 1307  <u>=1.028448e-02  max|u|=1.803984e-01  max|v|=1.165788e-01  max|w|=1.199363e-01  maxdiv=5.2063e-12  iters=15
[trace] step 1308  <u>=1.028448e-02  max|u|=1.803984e-01  max|v|=1.165788e-01  max|w|=1.199363e-01  maxdiv=5.2008e-12  iters=15
[trace] step 1309  <u>=1.028448e-02  max|u|=1.803984e-01  max|v|=1.165788e-01  max|w|=1.199363e-01  maxdiv=5.1953e-12  iters=15
[trace] step 1310  <u>=1.028448e-02  max|u|=1.803984e-01  max|v|=1.165788e-01  max|w|=1.199363e-01  maxdiv=5.1898e-12  iters=15
[trace] step 1311  <u>=1.028448e-02  max|u|=1.803984e-01  max|v|=1.165788e-01  max|w|=1.199363e-01  maxdiv=5.1843e-12  iters=15
[trace] step 1312  <u>=1.028448e-02  max|u|=1.803984e-01  max|v|=1.165788e-01  max|w|=1.199363e-01  maxdiv=5.1788e-12  iters=15
[trace] step 1313  <u>=1.028448e-02  max|u|=1.803984e-01  max|v|=1.165788e-01  max|w|=1.199363e-01  maxdiv=5.1734e-12  iters=15
[trace] step 1314  <u>=1.028448e-02  max|u|=1.803984e-01  max|v|=1.165788e-01  max|w|=1.199363e-01  maxdiv=5.1679e-12  iters=15
[trace] step 1315  <u>=1.028448e-02  max|u|=1.803984e-01  max|v|=1.165788e-01  max|w|=1.199363e-01  maxdiv=5.1624e-12  iters=15
[trace] step 1316  <u>=1.028448e-02  max|u|=1.803984e-01  max|v|=1.165788e-01  max|w|=1.199363e-01  maxdiv=5.1570e-12  iters=15
[trace] step 1317  <u>=1.028448e-02  max|u|=1.803984e-01  max|v|=1.165788e-01  max|w|=1.199363e-01  maxdiv=5.1516e-12  iters=15
[trace] step 1318  <u>=1.028448e-02  max|u|=1.803984e-01  max|v|=1.165788e-01  max|w|=1.199363e-01  maxdiv=5.1461e-12  iters=15
[trace] step 1319  <u>=1.028448e-02  max|u|=1.803984e-01  max|v|=1.165788e-01  max|w|=1.199363e-01  maxdiv=5.1407e-12  iters=15
[trace] step 1320  <u>=1.028448e-02  max|u|=1.803984e-01  max|v|=1.165788e-01  max|w|=1.199363e-01  maxdiv=5.1353e-12  iters=15
[trace] step 1321  <u>=1.028448e-02  max|u|=1.803984e-01  max|v|=1.165788e-01  max|w|=1.199363e-01  maxdiv=5.1299e-12  iters=15
[trace] step 1322  <u>=1.028448e-02  max|u|=1.803984e-01  max|v|=1.165788e-01  max|w|=1.199363e-01  maxdiv=5.1244e-12  iters=15
[trace] step 1323  <u>=1.028448e-02  max|u|=1.803984e-01  max|v|=1.165788e-01  max|w|=1.199363e-01  maxdiv=5.1190e-12  iters=15
[trace] step 1324  <u>=1.028448e-02  max|u|=1.803984e-01  max|v|=1.165788e-01  max|w|=1.199363e-01  maxdiv=5.1137e-12  iters=15
[trace] step 1325  <u>=1.028448e-02  max|u|=1.803984e-01  max|v|=1.165788e-01  max|w|=1.199363e-01  maxdiv=5.1083e-12  iters=15
[trace] step 1326  <u>=1.028448e-02  max|u|=1.803984e-01  max|v|=1.165788e-01  max|w|=1.199363e-01  maxdiv=5.1029e-12  iters=15
[trace] step 1327  <u>=1.028448e-02  max|u|=1.803984e-01  max|v|=1.165788e-01  max|w|=1.199363e-01  maxdiv=5.0975e-12  iters=15
[trace] step 1328  <u>=1.028448e-02  max|u|=1.803984e-01  max|v|=1.165788e-01  max|w|=1.199363e-01  maxdiv=5.0922e-12  iters=15
[trace] step 1329  <u>=1.028448e-02  max|u|=1.803984e-01  max|v|=1.165788e-01  max|w|=1.199363e-01  maxdiv=5.0868e-12  iters=15
[trace] step 1330  <u>=1.028448e-02  max|u|=1.803984e-01  max|v|=1.165788e-01  max|w|=1.199363e-01  maxdiv=5.0814e-12  iters=15
[trace] step 1331  <u>=1.028448e-02  max|u|=1.803984e-01  max|v|=1.165788e-01  max|w|=1.199363e-01  maxdiv=5.0761e-12  iters=15
[trace] step 1332  <u>=1.028448e-02  max|u|=1.803984e-01  max|v|=1.165788e-01  max|w|=1.199363e-01  maxdiv=5.0708e-12  iters=15
[trace] step 1333  <u>=1.028448e-02  max|u|=1.803984e-01  max|v|=1.165788e-01  max|w|=1.199363e-01  maxdiv=5.0654e-12  iters=15
[trace] step 1334  <u>=1.028448e-02  max|u|=1.803984e-01  max|v|=1.165788e-01  max|w|=1.199363e-01  maxdiv=5.0601e-12  iters=15
[trace] step 1335  <u>=1.028448e-02  max|u|=1.803984e-01  max|v|=1.165788e-01  max|w|=1.199363e-01  maxdiv=5.0548e-12  iters=15
[trace] step 1336  <u>=1.028448e-02  max|u|=1.803984e-01  max|v|=1.165788e-01  max|w|=1.199363e-01  maxdiv=5.0495e-12  iters=15
[trace] step 1337  <u>=1.028448e-02  max|u|=1.803984e-01  max|v|=1.165788e-01  max|w|=1.199363e-01  maxdiv=5.0442e-12  iters=15
[trace] step 1338  <u>=1.028448e-02  max|u|=1.803984e-01  max|v|=1.165788e-01  max|w|=1.199363e-01  maxdiv=5.0389e-12  iters=15
[trace] step 1339  <u>=1.028448e-02  max|u|=1.803984e-01  max|v|=1.165788e-01  max|w|=1.199363e-01  maxdiv=5.0336e-12  iters=15
[trace] step 1340  <u>=1.028448e-02  max|u|=1.803984e-01  max|v|=1.165788e-01  max|w|=1.199363e-01  maxdiv=5.0283e-12  iters=15
[trace] step 1341  <u>=1.028448e-02  max|u|=1.803984e-01  max|v|=1.165788e-01  max|w|=1.199363e-01  maxdiv=5.0230e-12  iters=15
[trace] step 1342  <u>=1.028448e-02  max|u|=1.803984e-01  max|v|=1.165788e-01  max|w|=1.199363e-01  maxdiv=5.0178e-12  iters=15
[trace] step 1343  <u>=1.028448e-02  max|u|=1.803984e-01  max|v|=1.165788e-01  max|w|=1.199363e-01  maxdiv=5.0125e-12  iters=15
[trace] step 1344  <u>=1.028448e-02  max|u|=1.803984e-01  max|v|=1.165788e-01  max|w|=1.199363e-01  maxdiv=5.0073e-12  iters=15
[trace] step 1345  <u>=1.028448e-02  max|u|=1.803984e-01  max|v|=1.165788e-01  max|w|=1.199363e-01  maxdiv=5.0020e-12  iters=15
[trace] step 1346  <u>=1.028448e-02  max|u|=1.803984e-01  max|v|=1.165788e-01  max|w|=1.199363e-01  maxdiv=4.9968e-12  iters=15
[trace] step 1347  <u>=1.028448e-02  max|u|=1.803984e-01  max|v|=1.165788e-01  max|w|=1.199363e-01  maxdiv=4.9915e-12  iters=15
[trace] step 1348  <u>=1.028448e-02  max|u|=1.803984e-01  max|v|=1.165788e-01  max|w|=1.199363e-01  maxdiv=4.9863e-12  iters=15
[trace] step 1349  <u>=1.028448e-02  max|u|=1.803984e-01  max|v|=1.165788e-01  max|w|=1.199363e-01  maxdiv=4.9811e-12  iters=15
[trace] step 1350  <u>=1.028448e-02  max|u|=1.803984e-01  max|v|=1.165788e-01  max|w|=1.199363e-01  maxdiv=4.9759e-12  iters=15
[trace] step 1351  <u>=1.028448e-02  max|u|=1.803984e-01  max|v|=1.165788e-01  max|w|=1.199363e-01  maxdiv=4.9707e-12  iters=15
[trace] step 1352  <u>=1.028448e-02  max|u|=1.803984e-01  max|v|=1.165788e-01  max|w|=1.199363e-01  maxdiv=4.9655e-12  iters=15
[trace] step 1353  <u>=1.028448e-02  max|u|=1.803984e-01  max|v|=1.165788e-01  max|w|=1.199363e-01  maxdiv=4.9603e-12  iters=15
[trace] step 1354  <u>=1.028448e-02  max|u|=1.803984e-01  max|v|=1.165788e-01  max|w|=1.199363e-01  maxdiv=4.9551e-12  iters=15
[trace] step 1355  <u>=1.028448e-02  max|u|=1.803984e-01  max|v|=1.165788e-01  max|w|=1.199363e-01  maxdiv=4.9499e-12  iters=15
[trace] step 1356  <u>=1.028448e-02  max|u|=1.803984e-01  max|v|=1.165788e-01  max|w|=1.199363e-01  maxdiv=4.9447e-12  iters=15
[trace] step 1357  <u>=1.028448e-02  max|u|=1.803984e-01  max|v|=1.165788e-01  max|w|=1.199363e-01  maxdiv=4.9396e-12  iters=15
[trace] step 1358  <u>=1.028448e-02  max|u|=1.803984e-01  max|v|=1.165788e-01  max|w|=1.199363e-01  maxdiv=4.9344e-12  iters=15
[trace] step 1359  <u>=1.028448e-02  max|u|=1.803984e-01  max|v|=1.165788e-01  max|w|=1.199363e-01  maxdiv=4.9293e-12  iters=15
[trace] step 1360  <u>=1.028448e-02  max|u|=1.803984e-01  max|v|=1.165788e-01  max|w|=1.199363e-01  maxdiv=4.9241e-12  iters=15
[trace] step 1361  <u>=1.028448e-02  max|u|=1.803984e-01  max|v|=1.165788e-01  max|w|=1.199363e-01  maxdiv=4.9190e-12  iters=15
[trace] step 1362  <u>=1.028448e-02  max|u|=1.803984e-01  max|v|=1.165788e-01  max|w|=1.199363e-01  maxdiv=4.9138e-12  iters=15
[trace] step 1363  <u>=1.028448e-02  max|u|=1.803984e-01  max|v|=1.165788e-01  max|w|=1.199363e-01  maxdiv=4.9087e-12  iters=15
[trace] step 1364  <u>=1.028448e-02  max|u|=1.803984e-01  max|v|=1.165788e-01  max|w|=1.199363e-01  maxdiv=4.9036e-12  iters=15
[trace] step 1365  <u>=1.028448e-02  max|u|=1.803984e-01  max|v|=1.165788e-01  max|w|=1.199363e-01  maxdiv=4.8985e-12  iters=15
[trace] step 1366  <u>=1.028448e-02  max|u|=1.803984e-01  max|v|=1.165788e-01  max|w|=1.199363e-01  maxdiv=4.8934e-12  iters=15
[trace] step 1367  <u>=1.028448e-02  max|u|=1.803984e-01  max|v|=1.165788e-01  max|w|=1.199363e-01  maxdiv=4.8883e-12  iters=15
[trace] step 1368  <u>=1.028448e-02  max|u|=1.803984e-01  max|v|=1.165788e-01  max|w|=1.199363e-01  maxdiv=4.8832e-12  iters=15
[trace] step 1369  <u>=1.028448e-02  max|u|=1.803984e-01  max|v|=1.165788e-01  max|w|=1.199363e-01  maxdiv=4.8781e-12  iters=15
[trace] step 1370  <u>=1.028448e-02  max|u|=1.803984e-01  max|v|=1.165788e-01  max|w|=1.199363e-01  maxdiv=4.8730e-12  iters=15
[trace] step 1371  <u>=1.028448e-02  max|u|=1.803984e-01  max|v|=1.165788e-01  max|w|=1.199363e-01  maxdiv=4.8679e-12  iters=15
[trace] step 1372  <u>=1.028448e-02  max|u|=1.803984e-01  max|v|=1.165788e-01  max|w|=1.199363e-01  maxdiv=4.8629e-12  iters=15
[trace] step 1373  <u>=1.028448e-02  max|u|=1.803984e-01  max|v|=1.165788e-01  max|w|=1.199363e-01  maxdiv=4.8578e-12  iters=15
[trace] step 1374  <u>=1.028448e-02  max|u|=1.803984e-01  max|v|=1.165788e-01  max|w|=1.199363e-01  maxdiv=4.8528e-12  iters=15
[trace] step 1375  <u>=1.028448e-02  max|u|=1.803984e-01  max|v|=1.165788e-01  max|w|=1.199363e-01  maxdiv=4.8477e-12  iters=15
[trace] step 1376  <u>=1.028448e-02  max|u|=1.803984e-01  max|v|=1.165788e-01  max|w|=1.199363e-01  maxdiv=4.8427e-12  iters=15
[trace] step 1377  <u>=1.028448e-02  max|u|=1.803984e-01  max|v|=1.165788e-01  max|w|=1.199363e-01  maxdiv=4.8376e-12  iters=15
[trace] step 1378  <u>=1.028448e-02  max|u|=1.803984e-01  max|v|=1.165788e-01  max|w|=1.199363e-01  maxdiv=4.8326e-12  iters=15
[trace] step 1379  <u>=1.028448e-02  max|u|=1.803984e-01  max|v|=1.165788e-01  max|w|=1.199363e-01  maxdiv=4.8276e-12  iters=15
[trace] step 1380  <u>=1.028448e-02  max|u|=1.803984e-01  max|v|=1.165788e-01  max|w|=1.199363e-01  maxdiv=4.8226e-12  iters=15
[trace] step 1381  <u>=1.028448e-02  max|u|=1.803984e-01  max|v|=1.165788e-01  max|w|=1.199363e-01  maxdiv=4.8176e-12  iters=15
[trace] step 1382  <u>=1.028448e-02  max|u|=1.803984e-01  max|v|=1.165788e-01  max|w|=1.199363e-01  maxdiv=4.8126e-12  iters=15
[trace] step 1383  <u>=1.028448e-02  max|u|=1.803984e-01  max|v|=1.165788e-01  max|w|=1.199363e-01  maxdiv=4.8076e-12  iters=15
[trace] step 1384  <u>=1.028448e-02  max|u|=1.803984e-01  max|v|=1.165788e-01  max|w|=1.199363e-01  maxdiv=4.8026e-12  iters=15
[trace] step 1385  <u>=1.028448e-02  max|u|=1.803984e-01  max|v|=1.165788e-01  max|w|=1.199363e-01  maxdiv=4.7976e-12  iters=15
[trace] step 1386  <u>=1.028448e-02  max|u|=1.803984e-01  max|v|=1.165788e-01  max|w|=1.199363e-01  maxdiv=4.7926e-12  iters=15
[trace] step 1387  <u>=1.028448e-02  max|u|=1.803984e-01  max|v|=1.165788e-01  max|w|=1.199363e-01  maxdiv=4.7877e-12  iters=15
[trace] step 1388  <u>=1.028448e-02  max|u|=1.803984e-01  max|v|=1.165788e-01  max|w|=1.199363e-01  maxdiv=4.7827e-12  iters=15
[trace] step 1389  <u>=1.028448e-02  max|u|=1.803984e-01  max|v|=1.165788e-01  max|w|=1.199363e-01  maxdiv=4.7777e-12  iters=15
[trace] step 1390  <u>=1.028448e-02  max|u|=1.803984e-01  max|v|=1.165788e-01  max|w|=1.199363e-01  maxdiv=4.7728e-12  iters=15
[trace] step 1391  <u>=1.028448e-02  max|u|=1.803984e-01  max|v|=1.165788e-01  max|w|=1.199363e-01  maxdiv=4.7678e-12  iters=15
[trace] step 1392  <u>=1.028448e-02  max|u|=1.803984e-01  max|v|=1.165788e-01  max|w|=1.199363e-01  maxdiv=4.7629e-12  iters=15
[trace] step 1393  <u>=1.028448e-02  max|u|=1.803984e-01  max|v|=1.165788e-01  max|w|=1.199363e-01  maxdiv=4.7580e-12  iters=15
[trace] step 1394  <u>=1.028448e-02  max|u|=1.803984e-01  max|v|=1.165788e-01  max|w|=1.199363e-01  maxdiv=4.7531e-12  iters=15
[trace] step 1395  <u>=1.028448e-02  max|u|=1.803984e-01  max|v|=1.165788e-01  max|w|=1.199363e-01  maxdiv=4.7481e-12  iters=15
[trace] step 1396  <u>=1.028448e-02  max|u|=1.803984e-01  max|v|=1.165788e-01  max|w|=1.199363e-01  maxdiv=4.7432e-12  iters=15
[trace] step 1397  <u>=1.028448e-02  max|u|=1.803984e-01  max|v|=1.165788e-01  max|w|=1.199363e-01  maxdiv=4.7383e-12  iters=15
[trace] step 1398  <u>=1.028448e-02  max|u|=1.803984e-01  max|v|=1.165788e-01  max|w|=1.199363e-01  maxdiv=4.7334e-12  iters=15
[trace] step 1399  <u>=1.028448e-02  max|u|=1.803984e-01  max|v|=1.165788e-01  max|w|=1.199363e-01  maxdiv=4.7285e-12  iters=15
[trace] step 1400  <u>=1.028448e-02  max|u|=1.803984e-01  max|v|=1.165788e-01  max|w|=1.199363e-01  maxdiv=4.7236e-12  iters=15
[trace] step 1401  <u>=1.028448e-02  max|u|=1.803984e-01  max|v|=1.165788e-01  max|w|=1.199363e-01  maxdiv=4.7188e-12  iters=15
[trace] step 1402  <u>=1.028448e-02  max|u|=1.803984e-01  max|v|=1.165788e-01  max|w|=1.199363e-01  maxdiv=4.7139e-12  iters=15
[trace] step 1403  <u>=1.028448e-02  max|u|=1.803984e-01  max|v|=1.165788e-01  max|w|=1.199363e-01  maxdiv=4.7090e-12  iters=15
[trace] step 1404  <u>=1.028448e-02  max|u|=1.803984e-01  max|v|=1.165788e-01  max|w|=1.199363e-01  maxdiv=4.7042e-12  iters=15
[trace] step 1405  <u>=1.028448e-02  max|u|=1.803984e-01  max|v|=1.165788e-01  max|w|=1.199363e-01  maxdiv=4.6993e-12  iters=15
[trace] step 1406  <u>=1.028448e-02  max|u|=1.803984e-01  max|v|=1.165788e-01  max|w|=1.199363e-01  maxdiv=4.6945e-12  iters=15
[trace] step 1407  <u>=1.028448e-02  max|u|=1.803984e-01  max|v|=1.165788e-01  max|w|=1.199363e-01  maxdiv=4.6896e-12  iters=15
[trace] step 1408  <u>=1.028448e-02  max|u|=1.803984e-01  max|v|=1.165788e-01  max|w|=1.199363e-01  maxdiv=4.6848e-12  iters=15
[trace] step 1409  <u>=1.028448e-02  max|u|=1.803984e-01  max|v|=1.165788e-01  max|w|=1.199363e-01  maxdiv=4.6800e-12  iters=15
[trace] step 1410  <u>=1.028448e-02  max|u|=1.803984e-01  max|v|=1.165788e-01  max|w|=1.199363e-01  maxdiv=4.6751e-12  iters=15
[trace] step 1411  <u>=1.028448e-02  max|u|=1.803984e-01  max|v|=1.165788e-01  max|w|=1.199363e-01  maxdiv=4.6703e-12  iters=15
[trace] step 1412  <u>=1.028448e-02  max|u|=1.803984e-01  max|v|=1.165788e-01  max|w|=1.199363e-01  maxdiv=4.6655e-12  iters=15
[trace] step 1413  <u>=1.028448e-02  max|u|=1.803984e-01  max|v|=1.165788e-01  max|w|=1.199363e-01  maxdiv=4.6607e-12  iters=15
[trace] step 1414  <u>=1.028448e-02  max|u|=1.803984e-01  max|v|=1.165788e-01  max|w|=1.199363e-01  maxdiv=4.6559e-12  iters=15
[trace] step 1415  <u>=1.028448e-02  max|u|=1.803984e-01  max|v|=1.165788e-01  max|w|=1.199363e-01  maxdiv=4.6511e-12  iters=15
[trace] step 1416  <u>=1.028448e-02  max|u|=1.803984e-01  max|v|=1.165788e-01  max|w|=1.199363e-01  maxdiv=4.6463e-12  iters=15
[trace] step 1417  <u>=1.028448e-02  max|u|=1.803984e-01  max|v|=1.165788e-01  max|w|=1.199363e-01  maxdiv=4.6416e-12  iters=15
[trace] step 1418  <u>=1.028448e-02  max|u|=1.803984e-01  max|v|=1.165788e-01  max|w|=1.199363e-01  maxdiv=4.6368e-12  iters=15
[trace] step 1419  <u>=1.028448e-02  max|u|=1.803984e-01  max|v|=1.165788e-01  max|w|=1.199363e-01  maxdiv=4.6320e-12  iters=15
[trace] step 1420  <u>=1.028448e-02  max|u|=1.803984e-01  max|v|=1.165788e-01  max|w|=1.199363e-01  maxdiv=4.6273e-12  iters=15
[trace] step 1421  <u>=1.028448e-02  max|u|=1.803984e-01  max|v|=1.165788e-01  max|w|=1.199363e-01  maxdiv=4.6225e-12  iters=15
[trace] step 1422  <u>=1.028448e-02  max|u|=1.803984e-01  max|v|=1.165788e-01  max|w|=1.199363e-01  maxdiv=4.6178e-12  iters=15
[trace] step 1423  <u>=1.028448e-02  max|u|=1.803984e-01  max|v|=1.165788e-01  max|w|=1.199363e-01  maxdiv=4.6130e-12  iters=15
[trace] step 1424  <u>=1.028448e-02  max|u|=1.803984e-01  max|v|=1.165788e-01  max|w|=1.199363e-01  maxdiv=4.6083e-12  iters=15
[trace] step 1425  <u>=1.028448e-02  max|u|=1.803984e-01  max|v|=1.165788e-01  max|w|=1.199363e-01  maxdiv=4.6035e-12  iters=15
[trace] step 1426  <u>=1.028448e-02  max|u|=1.803984e-01  max|v|=1.165788e-01  max|w|=1.199363e-01  maxdiv=4.5988e-12  iters=15
[trace] step 1427  <u>=1.028448e-02  max|u|=1.803984e-01  max|v|=1.165788e-01  max|w|=1.199363e-01  maxdiv=4.5941e-12  iters=15
[trace] step 1428  <u>=1.028448e-02  max|u|=1.803984e-01  max|v|=1.165788e-01  max|w|=1.199363e-01  maxdiv=4.5894e-12  iters=15
[trace] step 1429  <u>=1.028448e-02  max|u|=1.803984e-01  max|v|=1.165788e-01  max|w|=1.199363e-01  maxdiv=4.5847e-12  iters=15
[trace] step 1430  <u>=1.028448e-02  max|u|=1.803984e-01  max|v|=1.165788e-01  max|w|=1.199363e-01  maxdiv=4.5800e-12  iters=15
[trace] step 1431  <u>=1.028448e-02  max|u|=1.803984e-01  max|v|=1.165788e-01  max|w|=1.199363e-01  maxdiv=4.5753e-12  iters=15
[trace] step 1432  <u>=1.028448e-02  max|u|=1.803984e-01  max|v|=1.165788e-01  max|w|=1.199363e-01  maxdiv=4.5706e-12  iters=15
[trace] step 1433  <u>=1.028448e-02  max|u|=1.803984e-01  max|v|=1.165788e-01  max|w|=1.199363e-01  maxdiv=4.5659e-12  iters=15
[trace] step 1434  <u>=1.028448e-02  max|u|=1.803984e-01  max|v|=1.165788e-01  max|w|=1.199363e-01  maxdiv=4.5612e-12  iters=15
[trace] step 1435  <u>=1.028448e-02  max|u|=1.803984e-01  max|v|=1.165788e-01  max|w|=1.199363e-01  maxdiv=4.5570e-12  iters=15
[trace] step 1436  <u>=1.028448e-02  max|u|=1.803984e-01  max|v|=1.165788e-01  max|w|=1.199363e-01  maxdiv=4.5538e-12  iters=15
[trace] step 1437  <u>=1.028448e-02  max|u|=1.803984e-01  max|v|=1.165788e-01  max|w|=1.199363e-01  maxdiv=4.5506e-12  iters=15
[trace] step 1438  <u>=1.028448e-02  max|u|=1.803984e-01  max|v|=1.165788e-01  max|w|=1.199363e-01  maxdiv=4.5474e-12  iters=15
[trace] step 1439  <u>=1.028448e-02  max|u|=1.803984e-01  max|v|=1.165788e-01  max|w|=1.199363e-01  maxdiv=4.5442e-12  iters=15
[trace] step 1440  <u>=1.028448e-02  max|u|=1.803984e-01  max|v|=1.165788e-01  max|w|=1.199363e-01  maxdiv=4.5411e-12  iters=15
[trace] step 1441  <u>=1.028448e-02  max|u|=1.803984e-01  max|v|=1.165788e-01  max|w|=1.199363e-01  maxdiv=4.5379e-12  iters=15
[trace] step 1442  <u>=1.028448e-02  max|u|=1.803984e-01  max|v|=1.165788e-01  max|w|=1.199363e-01  maxdiv=4.5347e-12  iters=15
[trace] step 1443  <u>=1.028448e-02  max|u|=1.803984e-01  max|v|=1.165788e-01  max|w|=1.199363e-01  maxdiv=4.5315e-12  iters=15
[trace] step 1444  <u>=1.028448e-02  max|u|=1.803984e-01  max|v|=1.165788e-01  max|w|=1.199363e-01  maxdiv=4.5284e-12  iters=15
[trace] step 1445  <u>=1.028448e-02  max|u|=1.803984e-01  max|v|=1.165788e-01  max|w|=1.199363e-01  maxdiv=4.5252e-12  iters=15
[trace] step 1446  <u>=1.028448e-02  max|u|=1.803984e-01  max|v|=1.165788e-01  max|w|=1.199363e-01  maxdiv=4.5220e-12  iters=15
[trace] step 1447  <u>=1.028448e-02  max|u|=1.803984e-01  max|v|=1.165788e-01  max|w|=1.199363e-01  maxdiv=4.5189e-12  iters=15
[trace] step 1448  <u>=1.028448e-02  max|u|=1.803984e-01  max|v|=1.165788e-01  max|w|=1.199363e-01  maxdiv=4.5157e-12  iters=15
[trace] step 1449  <u>=1.028448e-02  max|u|=1.803984e-01  max|v|=1.165788e-01  max|w|=1.199363e-01  maxdiv=4.5126e-12  iters=15
[trace] step 1450  <u>=1.028448e-02  max|u|=1.803984e-01  max|v|=1.165788e-01  max|w|=1.199363e-01  maxdiv=4.5094e-12  iters=15
[trace] step 1451  <u>=1.028448e-02  max|u|=1.803984e-01  max|v|=1.165788e-01  max|w|=1.199363e-01  maxdiv=4.5063e-12  iters=15
[trace] step 1452  <u>=1.028448e-02  max|u|=1.803984e-01  max|v|=1.165788e-01  max|w|=1.199363e-01  maxdiv=4.5031e-12  iters=15
[trace] step 1453  <u>=1.028448e-02  max|u|=1.803984e-01  max|v|=1.165788e-01  max|w|=1.199363e-01  maxdiv=4.5000e-12  iters=15
[trace] step 1454  <u>=1.028448e-02  max|u|=1.803984e-01  max|v|=1.165788e-01  max|w|=1.199363e-01  maxdiv=4.4969e-12  iters=15
[trace] step 1455  <u>=1.028448e-02  max|u|=1.803984e-01  max|v|=1.165788e-01  max|w|=1.199363e-01  maxdiv=4.4937e-12  iters=15
[trace] step 1456  <u>=1.028448e-02  max|u|=1.803984e-01  max|v|=1.165788e-01  max|w|=1.199363e-01  maxdiv=4.4906e-12  iters=15
[trace] step 1457  <u>=1.028448e-02  max|u|=1.803984e-01  max|v|=1.165788e-01  max|w|=1.199363e-01  maxdiv=4.4875e-12  iters=15
[trace] step 1458  <u>=1.028448e-02  max|u|=1.803984e-01  max|v|=1.165788e-01  max|w|=1.199363e-01  maxdiv=4.4843e-12  iters=15
[trace] step 1459  <u>=1.028448e-02  max|u|=1.803984e-01  max|v|=1.165788e-01  max|w|=1.199363e-01  maxdiv=4.4812e-12  iters=15
[trace] step 1460  <u>=1.028448e-02  max|u|=1.803984e-01  max|v|=1.165788e-01  max|w|=1.199363e-01  maxdiv=4.4781e-12  iters=15
[trace] step 1461  <u>=1.028448e-02  max|u|=1.803984e-01  max|v|=1.165788e-01  max|w|=1.199363e-01  maxdiv=4.4750e-12  iters=15
[trace] step 1462  <u>=1.028448e-02  max|u|=1.803984e-01  max|v|=1.165788e-01  max|w|=1.199363e-01  maxdiv=4.4718e-12  iters=15
[trace] step 1463  <u>=1.028448e-02  max|u|=1.803984e-01  max|v|=1.165788e-01  max|w|=1.199363e-01  maxdiv=4.4687e-12  iters=15
[trace] step 1464  <u>=1.028448e-02  max|u|=1.803984e-01  max|v|=1.165788e-01  max|w|=1.199363e-01  maxdiv=4.4656e-12  iters=15
[trace] step 1465  <u>=1.028448e-02  max|u|=1.803984e-01  max|v|=1.165788e-01  max|w|=1.199363e-01  maxdiv=4.4625e-12  iters=15
[trace] step 1466  <u>=1.028448e-02  max|u|=1.803984e-01  max|v|=1.165788e-01  max|w|=1.199363e-01  maxdiv=4.4594e-12  iters=15
[trace] step 1467  <u>=1.028448e-02  max|u|=1.803984e-01  max|v|=1.165788e-01  max|w|=1.199363e-01  maxdiv=4.4563e-12  iters=15
[trace] step 1468  <u>=1.028448e-02  max|u|=1.803984e-01  max|v|=1.165788e-01  max|w|=1.199363e-01  maxdiv=4.4532e-12  iters=15
[trace] step 1469  <u>=1.028448e-02  max|u|=1.803984e-01  max|v|=1.165788e-01  max|w|=1.199363e-01  maxdiv=4.4501e-12  iters=15
[trace] step 1470  <u>=1.028448e-02  max|u|=1.803984e-01  max|v|=1.165788e-01  max|w|=1.199363e-01  maxdiv=4.4470e-12  iters=15
[trace] step 1471  <u>=1.028448e-02  max|u|=1.803984e-01  max|v|=1.165788e-01  max|w|=1.199363e-01  maxdiv=4.4439e-12  iters=15
[trace] step 1472  <u>=1.028448e-02  max|u|=1.803984e-01  max|v|=1.165788e-01  max|w|=1.199363e-01  maxdiv=4.4408e-12  iters=15
[trace] step 1473  <u>=1.028448e-02  max|u|=1.803984e-01  max|v|=1.165788e-01  max|w|=1.199363e-01  maxdiv=4.4377e-12  iters=15
[trace] step 1474  <u>=1.028448e-02  max|u|=1.803984e-01  max|v|=1.165788e-01  max|w|=1.199363e-01  maxdiv=4.4346e-12  iters=15
[trace] step 1475  <u>=1.028448e-02  max|u|=1.803984e-01  max|v|=1.165788e-01  max|w|=1.199363e-01  maxdiv=4.4316e-12  iters=15
[trace] step 1476  <u>=1.028448e-02  max|u|=1.803984e-01  max|v|=1.165788e-01  max|w|=1.199363e-01  maxdiv=4.4285e-12  iters=15
[trace] step 1477  <u>=1.028448e-02  max|u|=1.803984e-01  max|v|=1.165788e-01  max|w|=1.199363e-01  maxdiv=4.4254e-12  iters=15
[trace] step 1478  <u>=1.028448e-02  max|u|=1.803984e-01  max|v|=1.165788e-01  max|w|=1.199363e-01  maxdiv=4.4223e-12  iters=15
[trace] step 1479  <u>=1.028448e-02  max|u|=1.803984e-01  max|v|=1.165788e-01  max|w|=1.199363e-01  maxdiv=4.4193e-12  iters=15
[trace] step 1480  <u>=1.028448e-02  max|u|=1.803984e-01  max|v|=1.165788e-01  max|w|=1.199363e-01  maxdiv=4.4162e-12  iters=15
[trace] step 1481  <u>=1.028448e-02  max|u|=1.803984e-01  max|v|=1.165788e-01  max|w|=1.199363e-01  maxdiv=4.4131e-12  iters=15
[trace] step 1482  <u>=1.028448e-02  max|u|=1.803984e-01  max|v|=1.165788e-01  max|w|=1.199363e-01  maxdiv=4.4101e-12  iters=15
[trace] step 1483  <u>=1.028448e-02  max|u|=1.803984e-01  max|v|=1.165788e-01  max|w|=1.199363e-01  maxdiv=4.4070e-12  iters=15
[trace] step 1484  <u>=1.028448e-02  max|u|=1.803984e-01  max|v|=1.165788e-01  max|w|=1.199363e-01  maxdiv=4.4039e-12  iters=15
[trace] step 1485  <u>=1.028448e-02  max|u|=1.803984e-01  max|v|=1.165788e-01  max|w|=1.199363e-01  maxdiv=4.4009e-12  iters=15
[trace] step 1486  <u>=1.028448e-02  max|u|=1.803984e-01  max|v|=1.165788e-01  max|w|=1.199363e-01  maxdiv=4.3978e-12  iters=15
[trace] step 1487  <u>=1.028448e-02  max|u|=1.803984e-01  max|v|=1.165788e-01  max|w|=1.199363e-01  maxdiv=4.3948e-12  iters=15
[trace] step 1488  <u>=1.028448e-02  max|u|=1.803984e-01  max|v|=1.165788e-01  max|w|=1.199363e-01  maxdiv=4.3917e-12  iters=15
[trace] step 1489  <u>=1.028448e-02  max|u|=1.803984e-01  max|v|=1.165788e-01  max|w|=1.199363e-01  maxdiv=4.3887e-12  iters=15
[trace] step 1490  <u>=1.028448e-02  max|u|=1.803984e-01  max|v|=1.165788e-01  max|w|=1.199363e-01  maxdiv=4.3856e-12  iters=15
[trace] step 1491  <u>=1.028448e-02  max|u|=1.803984e-01  max|v|=1.165788e-01  max|w|=1.199363e-01  maxdiv=4.3826e-12  iters=15
[trace] step 1492  <u>=1.028448e-02  max|u|=1.803984e-01  max|v|=1.165788e-01  max|w|=1.199363e-01  maxdiv=4.3795e-12  iters=15
[trace] step 1493  <u>=1.028448e-02  max|u|=1.803984e-01  max|v|=1.165788e-01  max|w|=1.199363e-01  maxdiv=4.3765e-12  iters=15
[trace] step 1494  <u>=1.028448e-02  max|u|=1.803984e-01  max|v|=1.165788e-01  max|w|=1.199363e-01  maxdiv=4.3735e-12  iters=15
[trace] step 1495  <u>=1.028448e-02  max|u|=1.803984e-01  max|v|=1.165788e-01  max|w|=1.199363e-01  maxdiv=4.3704e-12  iters=15
[trace] step 1496  <u>=1.028448e-02  max|u|=1.803984e-01  max|v|=1.165788e-01  max|w|=1.199363e-01  maxdiv=4.3674e-12  iters=15
[trace] step 1497  <u>=1.028448e-02  max|u|=1.803984e-01  max|v|=1.165788e-01  max|w|=1.199363e-01  maxdiv=4.3644e-12  iters=15
[trace] step 1498  <u>=1.028448e-02  max|u|=1.803984e-01  max|v|=1.165788e-01  max|w|=1.199363e-01  maxdiv=4.3614e-12  iters=15
[trace] step 1499  <u>=1.028448e-02  max|u|=1.803984e-01  max|v|=1.165788e-01  max|w|=1.199363e-01  maxdiv=4.3583e-12  iters=15
[trace] step 1500  <u>=1.028448e-02  max|u|=1.803984e-01  max|v|=1.165788e-01  max|w|=1.199363e-01  maxdiv=4.3553e-12  iters=15
[trace] step 1501  <u>=1.028448e-02  max|u|=1.803984e-01  max|v|=1.165788e-01  max|w|=1.199363e-01  maxdiv=4.3523e-12  iters=15
[trace] step 1502  <u>=1.028448e-02  max|u|=1.803984e-01  max|v|=1.165788e-01  max|w|=1.199363e-01  maxdiv=4.3493e-12  iters=15
[trace] step 1503  <u>=1.028448e-02  max|u|=1.803984e-01  max|v|=1.165788e-01  max|w|=1.199363e-01  maxdiv=4.3463e-12  iters=15
[trace] step 1504  <u>=1.028448e-02  max|u|=1.803984e-01  max|v|=1.165788e-01  max|w|=1.199363e-01  maxdiv=4.3433e-12  iters=15
[trace] step 1505  <u>=1.028448e-02  max|u|=1.803984e-01  max|v|=1.165788e-01  max|w|=1.199363e-01  maxdiv=4.3403e-12  iters=15
[trace] step 1506  <u>=1.028448e-02  max|u|=1.803984e-01  max|v|=1.165788e-01  max|w|=1.199363e-01  maxdiv=4.3373e-12  iters=15
[trace] step 1507  <u>=1.028448e-02  max|u|=1.803984e-01  max|v|=1.165788e-01  max|w|=1.199363e-01  maxdiv=4.3343e-12  iters=15
[trace] step 1508  <u>=1.028448e-02  max|u|=1.803984e-01  max|v|=1.165788e-01  max|w|=1.199363e-01  maxdiv=4.3313e-12  iters=15
[trace] step 1509  <u>=1.028448e-02  max|u|=1.803984e-01  max|v|=1.165788e-01  max|w|=1.199363e-01  maxdiv=4.3283e-12  iters=15
[trace] step 1510  <u>=1.028448e-02  max|u|=1.803984e-01  max|v|=1.165788e-01  max|w|=1.199363e-01  maxdiv=4.3253e-12  iters=15
[trace] step 1511  <u>=1.028448e-02  max|u|=1.803984e-01  max|v|=1.165788e-01  max|w|=1.199363e-01  maxdiv=4.3223e-12  iters=15
[trace] step 1512  <u>=1.028448e-02  max|u|=1.803984e-01  max|v|=1.165788e-01  max|w|=1.199363e-01  maxdiv=4.3193e-12  iters=15
[trace] step 1513  <u>=1.028448e-02  max|u|=1.803984e-01  max|v|=1.165788e-01  max|w|=1.199363e-01  maxdiv=4.3163e-12  iters=15
[trace] step 1514  <u>=1.028448e-02  max|u|=1.803984e-01  max|v|=1.165788e-01  max|w|=1.199363e-01  maxdiv=4.3133e-12  iters=15
[trace] step 1515  <u>=1.028448e-02  max|u|=1.803984e-01  max|v|=1.165788e-01  max|w|=1.199363e-01  maxdiv=4.3104e-12  iters=15
[trace] step 1516  <u>=1.028448e-02  max|u|=1.803984e-01  max|v|=1.165788e-01  max|w|=1.199363e-01  maxdiv=4.3074e-12  iters=15
[trace] step 1517  <u>=1.028448e-02  max|u|=1.803984e-01  max|v|=1.165788e-01  max|w|=1.199363e-01  maxdiv=4.3044e-12  iters=15
[trace] step 1518  <u>=1.028448e-02  max|u|=1.803984e-01  max|v|=1.165788e-01  max|w|=1.199363e-01  maxdiv=4.3014e-12  iters=15
[trace] step 1519  <u>=1.028448e-02  max|u|=1.803984e-01  max|v|=1.165788e-01  max|w|=1.199363e-01  maxdiv=4.2985e-12  iters=15
[trace] step 1520  <u>=1.028448e-02  max|u|=1.803984e-01  max|v|=1.165788e-01  max|w|=1.199363e-01  maxdiv=4.2955e-12  iters=15
[trace] step 1521  <u>=1.028448e-02  max|u|=1.803984e-01  max|v|=1.165788e-01  max|w|=1.199363e-01  maxdiv=4.2925e-12  iters=15
[trace] step 1522  <u>=1.028448e-02  max|u|=1.803984e-01  max|v|=1.165788e-01  max|w|=1.199363e-01  maxdiv=4.2896e-12  iters=15
[trace] step 1523  <u>=1.028448e-02  max|u|=1.803984e-01  max|v|=1.165788e-01  max|w|=1.199363e-01  maxdiv=4.2866e-12  iters=15
[trace] step 1524  <u>=1.028448e-02  max|u|=1.803984e-01  max|v|=1.165788e-01  max|w|=1.199363e-01  maxdiv=4.2836e-12  iters=15
[trace] step 1525  <u>=1.028448e-02  max|u|=1.803984e-01  max|v|=1.165788e-01  max|w|=1.199363e-01  maxdiv=4.2807e-12  iters=15
[trace] step 1526  <u>=1.028448e-02  max|u|=1.803984e-01  max|v|=1.165788e-01  max|w|=1.199363e-01  maxdiv=4.2777e-12  iters=15
[trace] step 1527  <u>=1.028448e-02  max|u|=1.803984e-01  max|v|=1.165788e-01  max|w|=1.199363e-01  maxdiv=4.2748e-12  iters=15
[trace] step 1528  <u>=1.028448e-02  max|u|=1.803984e-01  max|v|=1.165788e-01  max|w|=1.199363e-01  maxdiv=4.2718e-12  iters=15
[trace] step 1529  <u>=1.028448e-02  max|u|=1.803984e-01  max|v|=1.165788e-01  max|w|=1.199363e-01  maxdiv=4.2689e-12  iters=15
[trace] step 1530  <u>=1.028448e-02  max|u|=1.803984e-01  max|v|=1.165788e-01  max|w|=1.199363e-01  maxdiv=4.2659e-12  iters=15
[trace] step 1531  <u>=1.028448e-02  max|u|=1.803984e-01  max|v|=1.165788e-01  max|w|=1.199363e-01  maxdiv=4.2630e-12  iters=15
[trace] step 1532  <u>=1.028448e-02  max|u|=1.803984e-01  max|v|=1.165788e-01  max|w|=1.199363e-01  maxdiv=4.2601e-12  iters=15
[trace] step 1533  <u>=1.028448e-02  max|u|=1.803984e-01  max|v|=1.165788e-01  max|w|=1.199363e-01  maxdiv=4.2571e-12  iters=15
[trace] step 1534  <u>=1.028448e-02  max|u|=1.803984e-01  max|v|=1.165788e-01  max|w|=1.199363e-01  maxdiv=4.2542e-12  iters=15
[trace] step 1535  <u>=1.028448e-02  max|u|=1.803984e-01  max|v|=1.165788e-01  max|w|=1.199363e-01  maxdiv=4.2513e-12  iters=15
[trace] step 1536  <u>=1.028448e-02  max|u|=1.803984e-01  max|v|=1.165788e-01  max|w|=1.199363e-01  maxdiv=4.2483e-12  iters=15
[trace] step 1537  <u>=1.028448e-02  max|u|=1.803984e-01  max|v|=1.165788e-01  max|w|=1.199363e-01  maxdiv=4.2454e-12  iters=15
[trace] step 1538  <u>=1.028448e-02  max|u|=1.803984e-01  max|v|=1.165788e-01  max|w|=1.199363e-01  maxdiv=4.2425e-12  iters=15
[trace] step 1539  <u>=1.028448e-02  max|u|=1.803984e-01  max|v|=1.165788e-01  max|w|=1.199363e-01  maxdiv=4.2396e-12  iters=15
[trace] step 1540  <u>=1.028448e-02  max|u|=1.803984e-01  max|v|=1.165788e-01  max|w|=1.199363e-01  maxdiv=4.2367e-12  iters=15
[trace] step 1541  <u>=1.028448e-02  max|u|=1.803984e-01  max|v|=1.165788e-01  max|w|=1.199363e-01  maxdiv=4.2337e-12  iters=15
[trace] step 1542  <u>=1.028448e-02  max|u|=1.803984e-01  max|v|=1.165788e-01  max|w|=1.199363e-01  maxdiv=4.2308e-12  iters=15
[trace] step 1543  <u>=1.028448e-02  max|u|=1.803984e-01  max|v|=1.165788e-01  max|w|=1.199363e-01  maxdiv=4.2279e-12  iters=15
[trace] step 1544  <u>=1.028448e-02  max|u|=1.803984e-01  max|v|=1.165788e-01  max|w|=1.199363e-01  maxdiv=4.2250e-12  iters=15
[trace] step 1545  <u>=1.028448e-02  max|u|=1.803984e-01  max|v|=1.165788e-01  max|w|=1.199363e-01  maxdiv=4.2221e-12  iters=15
[trace] step 1546  <u>=1.028448e-02  max|u|=1.803984e-01  max|v|=1.165788e-01  max|w|=1.199363e-01  maxdiv=4.2192e-12  iters=15
[trace] step 1547  <u>=1.028448e-02  max|u|=1.803984e-01  max|v|=1.165788e-01  max|w|=1.199363e-01  maxdiv=4.2163e-12  iters=15
[trace] step 1548  <u>=1.028448e-02  max|u|=1.803984e-01  max|v|=1.165788e-01  max|w|=1.199363e-01  maxdiv=4.2134e-12  iters=15
[trace] step 1549  <u>=1.028448e-02  max|u|=1.803984e-01  max|v|=1.165788e-01  max|w|=1.199363e-01  maxdiv=4.2105e-12  iters=15
[trace] step 1550  <u>=1.028448e-02  max|u|=1.803984e-01  max|v|=1.165788e-01  max|w|=1.199363e-01  maxdiv=4.2076e-12  iters=15
[trace] step 1551  <u>=1.028448e-02  max|u|=1.803984e-01  max|v|=1.165788e-01  max|w|=1.199363e-01  maxdiv=4.2047e-12  iters=15
[trace] step 1552  <u>=1.028448e-02  max|u|=1.803984e-01  max|v|=1.165788e-01  max|w|=1.199363e-01  maxdiv=4.2018e-12  iters=15
[trace] step 1553  <u>=1.028448e-02  max|u|=1.803984e-01  max|v|=1.165788e-01  max|w|=1.199363e-01  maxdiv=4.1989e-12  iters=15
[trace] step 1554  <u>=1.028448e-02  max|u|=1.803984e-01  max|v|=1.165788e-01  max|w|=1.199363e-01  maxdiv=4.1960e-12  iters=15
[trace] step 1555  <u>=1.028448e-02  max|u|=1.803984e-01  max|v|=1.165788e-01  max|w|=1.199363e-01  maxdiv=4.1932e-12  iters=15
[trace] step 1556  <u>=1.028448e-02  max|u|=1.803984e-01  max|v|=1.165788e-01  max|w|=1.199363e-01  maxdiv=4.1903e-12  iters=15
[trace] step 1557  <u>=1.028448e-02  max|u|=1.803984e-01  max|v|=1.165788e-01  max|w|=1.199363e-01  maxdiv=4.1874e-12  iters=15
[trace] step 1558  <u>=1.028448e-02  max|u|=1.803984e-01  max|v|=1.165788e-01  max|w|=1.199363e-01  maxdiv=4.1845e-12  iters=15
[trace] step 1559  <u>=1.028448e-02  max|u|=1.803984e-01  max|v|=1.165788e-01  max|w|=1.199363e-01  maxdiv=4.1817e-12  iters=15
[trace] step 1560  <u>=1.028448e-02  max|u|=1.803984e-01  max|v|=1.165788e-01  max|w|=1.199363e-01  maxdiv=4.1788e-12  iters=15
[trace] step 1561  <u>=1.028448e-02  max|u|=1.803984e-01  max|v|=1.165788e-01  max|w|=1.199363e-01  maxdiv=4.1759e-12  iters=15
[trace] step 1562  <u>=1.028448e-02  max|u|=1.803984e-01  max|v|=1.165788e-01  max|w|=1.199363e-01  maxdiv=4.1731e-12  iters=15
[trace] step 1563  <u>=1.028448e-02  max|u|=1.803984e-01  max|v|=1.165788e-01  max|w|=1.199363e-01  maxdiv=4.1702e-12  iters=15
[trace] step 1564  <u>=1.028448e-02  max|u|=1.803984e-01  max|v|=1.165788e-01  max|w|=1.199363e-01  maxdiv=4.1673e-12  iters=15
[trace] step 1565  <u>=1.028448e-02  max|u|=1.803984e-01  max|v|=1.165788e-01  max|w|=1.199363e-01  maxdiv=4.1645e-12  iters=15
[trace] step 1566  <u>=1.028448e-02  max|u|=1.803984e-01  max|v|=1.165788e-01  max|w|=1.199363e-01  maxdiv=4.1616e-12  iters=15
[trace] step 1567  <u>=1.028448e-02  max|u|=1.803984e-01  max|v|=1.165788e-01  max|w|=1.199363e-01  maxdiv=4.1588e-12  iters=15
[trace] step 1568  <u>=1.028448e-02  max|u|=1.803984e-01  max|v|=1.165788e-01  max|w|=1.199363e-01  maxdiv=4.1559e-12  iters=15
[trace] step 1569  <u>=1.028448e-02  max|u|=1.803984e-01  max|v|=1.165788e-01  max|w|=1.199363e-01  maxdiv=4.1531e-12  iters=15
[trace] step 1570  <u>=1.028448e-02  max|u|=1.803984e-01  max|v|=1.165788e-01  max|w|=1.199363e-01  maxdiv=4.1502e-12  iters=15
[trace] step 1571  <u>=1.028448e-02  max|u|=1.803984e-01  max|v|=1.165788e-01  max|w|=1.199363e-01  maxdiv=4.1474e-12  iters=15
[trace] step 1572  <u>=1.028448e-02  max|u|=1.803984e-01  max|v|=1.165788e-01  max|w|=1.199363e-01  maxdiv=4.1445e-12  iters=15
[trace] step 1573  <u>=1.028448e-02  max|u|=1.803984e-01  max|v|=1.165788e-01  max|w|=1.199363e-01  maxdiv=4.1417e-12  iters=15
[trace] step 1574  <u>=1.028448e-02  max|u|=1.803984e-01  max|v|=1.165788e-01  max|w|=1.199363e-01  maxdiv=4.1388e-12  iters=15
[trace] step 1575  <u>=1.028448e-02  max|u|=1.803984e-01  max|v|=1.165788e-01  max|w|=1.199363e-01  maxdiv=4.1360e-12  iters=15
[trace] step 1576  <u>=1.028448e-02  max|u|=1.803984e-01  max|v|=1.165788e-01  max|w|=1.199363e-01  maxdiv=4.1332e-12  iters=15
[trace] step 1577  <u>=1.028448e-02  max|u|=1.803984e-01  max|v|=1.165788e-01  max|w|=1.199363e-01  maxdiv=4.1303e-12  iters=15
[trace] step 1578  <u>=1.028448e-02  max|u|=1.803984e-01  max|v|=1.165788e-01  max|w|=1.199363e-01  maxdiv=4.1275e-12  iters=15
[trace] step 1579  <u>=1.028448e-02  max|u|=1.803984e-01  max|v|=1.165788e-01  max|w|=1.199363e-01  maxdiv=4.1247e-12  iters=15
[trace] step 1580  <u>=1.028448e-02  max|u|=1.803984e-01  max|v|=1.165788e-01  max|w|=1.199363e-01  maxdiv=4.1219e-12  iters=15
[trace] step 1581  <u>=1.028448e-02  max|u|=1.803984e-01  max|v|=1.165788e-01  max|w|=1.199363e-01  maxdiv=4.1191e-12  iters=15
[trace] step 1582  <u>=1.028448e-02  max|u|=1.803984e-01  max|v|=1.165788e-01  max|w|=1.199363e-01  maxdiv=4.1162e-12  iters=15
[trace] step 1583  <u>=1.028448e-02  max|u|=1.803984e-01  max|v|=1.165788e-01  max|w|=1.199363e-01  maxdiv=4.1134e-12  iters=15
[trace] step 1584  <u>=1.028448e-02  max|u|=1.803984e-01  max|v|=1.165788e-01  max|w|=1.199363e-01  maxdiv=4.1106e-12  iters=15
[trace] step 1585  <u>=1.028448e-02  max|u|=1.803984e-01  max|v|=1.165788e-01  max|w|=1.199363e-01  maxdiv=4.1078e-12  iters=15
[trace] step 1586  <u>=1.028448e-02  max|u|=1.803984e-01  max|v|=1.165788e-01  max|w|=1.199363e-01  maxdiv=4.1050e-12  iters=15
[trace] step 1587  <u>=1.028448e-02  max|u|=1.803984e-01  max|v|=1.165788e-01  max|w|=1.199363e-01  maxdiv=4.1022e-12  iters=15
[trace] step 1588  <u>=1.028448e-02  max|u|=1.803984e-01  max|v|=1.165788e-01  max|w|=1.199363e-01  maxdiv=4.0994e-12  iters=15
[trace] step 1589  <u>=1.028448e-02  max|u|=1.803984e-01  max|v|=1.165788e-01  max|w|=1.199363e-01  maxdiv=4.0966e-12  iters=15
[trace] step 1590  <u>=1.028448e-02  max|u|=1.803984e-01  max|v|=1.165788e-01  max|w|=1.199363e-01  maxdiv=4.0938e-12  iters=15
[trace] step 1591  <u>=1.028448e-02  max|u|=1.803984e-01  max|v|=1.165788e-01  max|w|=1.199363e-01  maxdiv=4.0910e-12  iters=15
[trace] step 1592  <u>=1.028448e-02  max|u|=1.803984e-01  max|v|=1.165788e-01  max|w|=1.199363e-01  maxdiv=4.0882e-12  iters=15
[trace] step 1593  <u>=1.028448e-02  max|u|=1.803984e-01  max|v|=1.165788e-01  max|w|=1.199363e-01  maxdiv=4.0854e-12  iters=15
[trace] step 1594  <u>=1.028448e-02  max|u|=1.803984e-01  max|v|=1.165788e-01  max|w|=1.199363e-01  maxdiv=4.0826e-12  iters=15
[trace] step 1595  <u>=1.028448e-02  max|u|=1.803984e-01  max|v|=1.165788e-01  max|w|=1.199363e-01  maxdiv=4.0798e-12  iters=15
[trace] step 1596  <u>=1.028448e-02  max|u|=1.803984e-01  max|v|=1.165788e-01  max|w|=1.199363e-01  maxdiv=4.0770e-12  iters=15
[trace] step 1597  <u>=1.028448e-02  max|u|=1.803984e-01  max|v|=1.165788e-01  max|w|=1.199363e-01  maxdiv=4.0742e-12  iters=15
[trace] step 1598  <u>=1.028448e-02  max|u|=1.803984e-01  max|v|=1.165788e-01  max|w|=1.199363e-01  maxdiv=4.0714e-12  iters=15
[trace] step 1599  <u>=1.028448e-02  max|u|=1.803984e-01  max|v|=1.165788e-01  max|w|=1.199363e-01  maxdiv=4.0687e-12  iters=15
[trace] step 1600  <u>=1.028448e-02  max|u|=1.803984e-01  max|v|=1.165788e-01  max|w|=1.199363e-01  maxdiv=4.0659e-12  iters=15
[trace] step 1601  <u>=1.028448e-02  max|u|=1.803984e-01  max|v|=1.165788e-01  max|w|=1.199363e-01  maxdiv=4.0631e-12  iters=15
[trace] step 1602  <u>=1.028448e-02  max|u|=1.803984e-01  max|v|=1.165788e-01  max|w|=1.199363e-01  maxdiv=4.0603e-12  iters=15
[trace] step 1603  <u>=1.028448e-02  max|u|=1.803984e-01  max|v|=1.165788e-01  max|w|=1.199363e-01  maxdiv=4.0576e-12  iters=15
[trace] step 1604  <u>=1.028448e-02  max|u|=1.803984e-01  max|v|=1.165788e-01  max|w|=1.199363e-01  maxdiv=4.0548e-12  iters=15
[trace] step 1605  <u>=1.028448e-02  max|u|=1.803984e-01  max|v|=1.165788e-01  max|w|=1.199363e-01  maxdiv=4.0520e-12  iters=15
[trace] step 1606  <u>=1.028448e-02  max|u|=1.803984e-01  max|v|=1.165788e-01  max|w|=1.199363e-01  maxdiv=4.0493e-12  iters=15
[trace] step 1607  <u>=1.028448e-02  max|u|=1.803984e-01  max|v|=1.165788e-01  max|w|=1.199363e-01  maxdiv=4.0465e-12  iters=15
[trace] step 1608  <u>=1.028448e-02  max|u|=1.803984e-01  max|v|=1.165788e-01  max|w|=1.199363e-01  maxdiv=4.0438e-12  iters=15
[trace] step 1609  <u>=1.028448e-02  max|u|=1.803984e-01  max|v|=1.165788e-01  max|w|=1.199363e-01  maxdiv=4.0410e-12  iters=15
[trace] step 1610  <u>=1.028448e-02  max|u|=1.803984e-01  max|v|=1.165788e-01  max|w|=1.199363e-01  maxdiv=4.0382e-12  iters=15
[trace] step 1611  <u>=1.028448e-02  max|u|=1.803984e-01  max|v|=1.165788e-01  max|w|=1.199363e-01  maxdiv=4.0355e-12  iters=15
[trace] step 1612  <u>=1.028448e-02  max|u|=1.803984e-01  max|v|=1.165788e-01  max|w|=1.199363e-01  maxdiv=4.0327e-12  iters=15
[trace] step 1613  <u>=1.028448e-02  max|u|=1.803984e-01  max|v|=1.165788e-01  max|w|=1.199363e-01  maxdiv=4.0300e-12  iters=15
[trace] step 1614  <u>=1.028448e-02  max|u|=1.803984e-01  max|v|=1.165788e-01  max|w|=1.199363e-01  maxdiv=4.0272e-12  iters=15
[trace] step 1615  <u>=1.028448e-02  max|u|=1.803984e-01  max|v|=1.165788e-01  max|w|=1.199363e-01  maxdiv=4.0245e-12  iters=15
[trace] step 1616  <u>=1.028448e-02  max|u|=1.803984e-01  max|v|=1.165788e-01  max|w|=1.199363e-01  maxdiv=4.0218e-12  iters=15
[trace] step 1617  <u>=1.028448e-02  max|u|=1.803984e-01  max|v|=1.165788e-01  max|w|=1.199363e-01  maxdiv=4.0190e-12  iters=15
[trace] step 1618  <u>=1.028448e-02  max|u|=1.803984e-01  max|v|=1.165788e-01  max|w|=1.199363e-01  maxdiv=4.0163e-12  iters=15
[trace] step 1619  <u>=1.028448e-02  max|u|=1.803984e-01  max|v|=1.165788e-01  max|w|=1.199363e-01  maxdiv=4.0135e-12  iters=15
[trace] step 1620  <u>=1.028448e-02  max|u|=1.803984e-01  max|v|=1.165788e-01  max|w|=1.199363e-01  maxdiv=4.0108e-12  iters=15
[trace] step 1621  <u>=1.028448e-02  max|u|=1.803984e-01  max|v|=1.165788e-01  max|w|=1.199363e-01  maxdiv=4.0081e-12  iters=15
[trace] step 1622  <u>=1.028448e-02  max|u|=1.803984e-01  max|v|=1.165788e-01  max|w|=1.199363e-01  maxdiv=4.0054e-12  iters=15
[trace] step 1623  <u>=1.028448e-02  max|u|=1.803984e-01  max|v|=1.165788e-01  max|w|=1.199363e-01  maxdiv=4.0026e-12  iters=15
[trace] step 1624  <u>=1.028448e-02  max|u|=1.803984e-01  max|v|=1.165788e-01  max|w|=1.199363e-01  maxdiv=3.9999e-12  iters=15
[trace] step 1625  <u>=1.028448e-02  max|u|=1.803984e-01  max|v|=1.165788e-01  max|w|=1.199363e-01  maxdiv=3.9972e-12  iters=15
[trace] step 1626  <u>=1.028448e-02  max|u|=1.803984e-01  max|v|=1.165788e-01  max|w|=1.199363e-01  maxdiv=3.9945e-12  iters=15
[trace] step 1627  <u>=1.028448e-02  max|u|=1.803984e-01  max|v|=1.165788e-01  max|w|=1.199363e-01  maxdiv=3.9918e-12  iters=15
[trace] step 1628  <u>=1.028448e-02  max|u|=1.803984e-01  max|v|=1.165788e-01  max|w|=1.199363e-01  maxdiv=3.9890e-12  iters=15
[trace] step 1629  <u>=1.028448e-02  max|u|=1.803984e-01  max|v|=1.165788e-01  max|w|=1.199363e-01  maxdiv=3.9863e-12  iters=15
[trace] step 1630  <u>=1.028448e-02  max|u|=1.803984e-01  max|v|=1.165788e-01  max|w|=1.199363e-01  maxdiv=3.9836e-12  iters=15
[trace] step 1631  <u>=1.028448e-02  max|u|=1.803984e-01  max|v|=1.165788e-01  max|w|=1.199363e-01  maxdiv=3.9809e-12  iters=15
[trace] step 1632  <u>=1.028448e-02  max|u|=1.803984e-01  max|v|=1.165788e-01  max|w|=1.199363e-01  maxdiv=3.9782e-12  iters=15
[trace] step 1633  <u>=1.028448e-02  max|u|=1.803984e-01  max|v|=1.165788e-01  max|w|=1.199363e-01  maxdiv=3.9755e-12  iters=15
[trace] step 1634  <u>=1.028448e-02  max|u|=1.803984e-01  max|v|=1.165788e-01  max|w|=1.199363e-01  maxdiv=3.9728e-12  iters=15
[trace] step 1635  <u>=1.028448e-02  max|u|=1.803984e-01  max|v|=1.165788e-01  max|w|=1.199363e-01  maxdiv=3.9701e-12  iters=15
[trace] step 1636  <u>=1.028448e-02  max|u|=1.803984e-01  max|v|=1.165788e-01  max|w|=1.199363e-01  maxdiv=3.9674e-12  iters=15
[trace] step 1637  <u>=1.028448e-02  max|u|=1.803984e-01  max|v|=1.165788e-01  max|w|=1.199363e-01  maxdiv=3.9647e-12  iters=15
[trace] step 1638  <u>=1.028448e-02  max|u|=1.803984e-01  max|v|=1.165788e-01  max|w|=1.199363e-01  maxdiv=3.9620e-12  iters=15
[trace] step 1639  <u>=1.028448e-02  max|u|=1.803984e-01  max|v|=1.165788e-01  max|w|=1.199363e-01  maxdiv=3.9593e-12  iters=15
[trace] step 1640  <u>=1.028448e-02  max|u|=1.803984e-01  max|v|=1.165788e-01  max|w|=1.199363e-01  maxdiv=3.9566e-12  iters=15
[trace] step 1641  <u>=1.028448e-02  max|u|=1.803984e-01  max|v|=1.165788e-01  max|w|=1.199363e-01  maxdiv=3.9539e-12  iters=15
[trace] step 1642  <u>=1.028448e-02  max|u|=1.803984e-01  max|v|=1.165788e-01  max|w|=1.199363e-01  maxdiv=3.9513e-12  iters=15
[trace] step 1643  <u>=1.028448e-02  max|u|=1.803984e-01  max|v|=1.165788e-01  max|w|=1.199363e-01  maxdiv=3.9486e-12  iters=15
[trace] step 1644  <u>=1.028448e-02  max|u|=1.803984e-01  max|v|=1.165788e-01  max|w|=1.199363e-01  maxdiv=3.9459e-12  iters=15
[trace] step 1645  <u>=1.028448e-02  max|u|=1.803984e-01  max|v|=1.165788e-01  max|w|=1.199363e-01  maxdiv=3.9432e-12  iters=15
[trace] step 1646  <u>=1.028448e-02  max|u|=1.803984e-01  max|v|=1.165788e-01  max|w|=1.199363e-01  maxdiv=3.9406e-12  iters=15
[trace] step 1647  <u>=1.028448e-02  max|u|=1.803984e-01  max|v|=1.165788e-01  max|w|=1.199363e-01  maxdiv=3.9379e-12  iters=15
[trace] step 1648  <u>=1.028448e-02  max|u|=1.803984e-01  max|v|=1.165788e-01  max|w|=1.199363e-01  maxdiv=3.9352e-12  iters=15
[trace] step 1649  <u>=1.028448e-02  max|u|=1.803984e-01  max|v|=1.165788e-01  max|w|=1.199363e-01  maxdiv=3.9325e-12  iters=15
[trace] step 1650  <u>=1.028448e-02  max|u|=1.803984e-01  max|v|=1.165788e-01  max|w|=1.199363e-01  maxdiv=3.9299e-12  iters=15
[trace] step 1651  <u>=1.028448e-02  max|u|=1.803984e-01  max|v|=1.165788e-01  max|w|=1.199363e-01  maxdiv=3.9272e-12  iters=15
[trace] step 1652  <u>=1.028448e-02  max|u|=1.803984e-01  max|v|=1.165788e-01  max|w|=1.199363e-01  maxdiv=3.9245e-12  iters=15
[trace] step 1653  <u>=1.028448e-02  max|u|=1.803984e-01  max|v|=1.165788e-01  max|w|=1.199363e-01  maxdiv=3.9219e-12  iters=15
[trace] step 1654  <u>=1.028448e-02  max|u|=1.803984e-01  max|v|=1.165788e-01  max|w|=1.199363e-01  maxdiv=3.9192e-12  iters=15
[trace] step 1655  <u>=1.028448e-02  max|u|=1.803984e-01  max|v|=1.165788e-01  max|w|=1.199363e-01  maxdiv=3.9166e-12  iters=15
[trace] step 1656  <u>=1.028448e-02  max|u|=1.803984e-01  max|v|=1.165788e-01  max|w|=1.199363e-01  maxdiv=3.9139e-12  iters=15
[trace] step 1657  <u>=1.028448e-02  max|u|=1.803984e-01  max|v|=1.165788e-01  max|w|=1.199363e-01  maxdiv=3.9113e-12  iters=15
[trace] step 1658  <u>=1.028448e-02  max|u|=1.803984e-01  max|v|=1.165788e-01  max|w|=1.199363e-01  maxdiv=3.9086e-12  iters=15
[trace] step 1659  <u>=1.028448e-02  max|u|=1.803984e-01  max|v|=1.165788e-01  max|w|=1.199363e-01  maxdiv=3.9060e-12  iters=15
[trace] step 1660  <u>=1.028448e-02  max|u|=1.803984e-01  max|v|=1.165788e-01  max|w|=1.199363e-01  maxdiv=3.9033e-12  iters=15
[trace] step 1661  <u>=1.028448e-02  max|u|=1.803984e-01  max|v|=1.165788e-01  max|w|=1.199363e-01  maxdiv=3.9007e-12  iters=15
[trace] step 1662  <u>=1.028448e-02  max|u|=1.803984e-01  max|v|=1.165788e-01  max|w|=1.199363e-01  maxdiv=3.8980e-12  iters=15
[trace] step 1663  <u>=1.028448e-02  max|u|=1.803984e-01  max|v|=1.165788e-01  max|w|=1.199363e-01  maxdiv=3.8954e-12  iters=15
[trace] step 1664  <u>=1.028448e-02  max|u|=1.803984e-01  max|v|=1.165788e-01  max|w|=1.199363e-01  maxdiv=3.8928e-12  iters=15
[trace] step 1665  <u>=1.028448e-02  max|u|=1.803984e-01  max|v|=1.165788e-01  max|w|=1.199363e-01  maxdiv=3.8901e-12  iters=15
[trace] step 1666  <u>=1.028448e-02  max|u|=1.803984e-01  max|v|=1.165788e-01  max|w|=1.199363e-01  maxdiv=3.8875e-12  iters=15
[trace] step 1667  <u>=1.028448e-02  max|u|=1.803984e-01  max|v|=1.165788e-01  max|w|=1.199363e-01  maxdiv=3.8849e-12  iters=15
[trace] step 1668  <u>=1.028448e-02  max|u|=1.803984e-01  max|v|=1.165788e-01  max|w|=1.199363e-01  maxdiv=3.8822e-12  iters=15
[trace] step 1669  <u>=1.028448e-02  max|u|=1.803984e-01  max|v|=1.165788e-01  max|w|=1.199363e-01  maxdiv=3.8796e-12  iters=15
[trace] step 1670  <u>=1.028448e-02  max|u|=1.803984e-01  max|v|=1.165788e-01  max|w|=1.199363e-01  maxdiv=3.8770e-12  iters=15
[trace] step 1671  <u>=1.028448e-02  max|u|=1.803984e-01  max|v|=1.165788e-01  max|w|=1.199363e-01  maxdiv=3.8744e-12  iters=15
[trace] step 1672  <u>=1.028448e-02  max|u|=1.803984e-01  max|v|=1.165788e-01  max|w|=1.199363e-01  maxdiv=3.8717e-12  iters=15
[trace] step 1673  <u>=1.028448e-02  max|u|=1.803984e-01  max|v|=1.165788e-01  max|w|=1.199363e-01  maxdiv=3.8691e-12  iters=15
[trace] step 1674  <u>=1.028448e-02  max|u|=1.803984e-01  max|v|=1.165788e-01  max|w|=1.199363e-01  maxdiv=3.8665e-12  iters=15
[trace] step 1675  <u>=1.028448e-02  max|u|=1.803984e-01  max|v|=1.165788e-01  max|w|=1.199363e-01  maxdiv=3.8639e-12  iters=15
[trace] step 1676  <u>=1.028448e-02  max|u|=1.803984e-01  max|v|=1.165788e-01  max|w|=1.199363e-01  maxdiv=3.8613e-12  iters=15
[trace] step 1677  <u>=1.028448e-02  max|u|=1.803984e-01  max|v|=1.165788e-01  max|w|=1.199363e-01  maxdiv=3.8587e-12  iters=15
[trace] step 1678  <u>=1.028448e-02  max|u|=1.803984e-01  max|v|=1.165788e-01  max|w|=1.199363e-01  maxdiv=3.8561e-12  iters=15
[trace] step 1679  <u>=1.028448e-02  max|u|=1.803984e-01  max|v|=1.165788e-01  max|w|=1.199363e-01  maxdiv=3.8535e-12  iters=15
[trace] step 1680  <u>=1.028448e-02  max|u|=1.803984e-01  max|v|=1.165788e-01  max|w|=1.199363e-01  maxdiv=3.8509e-12  iters=15
[trace] step 1681  <u>=1.028448e-02  max|u|=1.803984e-01  max|v|=1.165788e-01  max|w|=1.199363e-01  maxdiv=3.8483e-12  iters=15
[trace] step 1682  <u>=1.028448e-02  max|u|=1.803984e-01  max|v|=1.165788e-01  max|w|=1.199363e-01  maxdiv=3.8457e-12  iters=15
[trace] step 1683  <u>=1.028448e-02  max|u|=1.803984e-01  max|v|=1.165788e-01  max|w|=1.199363e-01  maxdiv=3.8431e-12  iters=15
[trace] step 1684  <u>=1.028448e-02  max|u|=1.803984e-01  max|v|=1.165788e-01  max|w|=1.199363e-01  maxdiv=3.8405e-12  iters=15
[trace] step 1685  <u>=1.028448e-02  max|u|=1.803984e-01  max|v|=1.165788e-01  max|w|=1.199363e-01  maxdiv=3.8379e-12  iters=15
[trace] step 1686  <u>=1.028448e-02  max|u|=1.803984e-01  max|v|=1.165788e-01  max|w|=1.199363e-01  maxdiv=3.8353e-12  iters=15
[trace] step 1687  <u>=1.028448e-02  max|u|=1.803984e-01  max|v|=1.165788e-01  max|w|=1.199363e-01  maxdiv=3.8327e-12  iters=15
[trace] step 1688  <u>=1.028448e-02  max|u|=1.803984e-01  max|v|=1.165788e-01  max|w|=1.199363e-01  maxdiv=3.8301e-12  iters=15
[trace] step 1689  <u>=1.028448e-02  max|u|=1.803984e-01  max|v|=1.165788e-01  max|w|=1.199363e-01  maxdiv=3.8275e-12  iters=15
[trace] step 1690  <u>=1.028448e-02  max|u|=1.803984e-01  max|v|=1.165788e-01  max|w|=1.199363e-01  maxdiv=3.8249e-12  iters=15
[trace] step 1691  <u>=1.028448e-02  max|u|=1.803984e-01  max|v|=1.165788e-01  max|w|=1.199363e-01  maxdiv=3.8224e-12  iters=15
[trace] step 1692  <u>=1.028448e-02  max|u|=1.803984e-01  max|v|=1.165788e-01  max|w|=1.199363e-01  maxdiv=3.8198e-12  iters=15
[trace] step 1693  <u>=1.028448e-02  max|u|=1.803984e-01  max|v|=1.165788e-01  max|w|=1.199363e-01  maxdiv=3.8172e-12  iters=15
[trace] step 1694  <u>=1.028448e-02  max|u|=1.803984e-01  max|v|=1.165788e-01  max|w|=1.199363e-01  maxdiv=3.8146e-12  iters=15
[trace] step 1695  <u>=1.028448e-02  max|u|=1.803984e-01  max|v|=1.165788e-01  max|w|=1.199363e-01  maxdiv=3.8121e-12  iters=15
[trace] step 1696  <u>=1.028448e-02  max|u|=1.803984e-01  max|v|=1.165788e-01  max|w|=1.199363e-01  maxdiv=3.8095e-12  iters=15
[trace] step 1697  <u>=1.028448e-02  max|u|=1.803984e-01  max|v|=1.165788e-01  max|w|=1.199363e-01  maxdiv=3.8069e-12  iters=15
[trace] step 1698  <u>=1.028448e-02  max|u|=1.803984e-01  max|v|=1.165788e-01  max|w|=1.199363e-01  maxdiv=3.8044e-12  iters=15
[trace] step 1699  <u>=1.028448e-02  max|u|=1.803984e-01  max|v|=1.165788e-01  max|w|=1.199363e-01  maxdiv=3.8018e-12  iters=15
[trace] step 1700  <u>=1.028448e-02  max|u|=1.803984e-01  max|v|=1.165788e-01  max|w|=1.199363e-01  maxdiv=3.7992e-12  iters=15
[trace] step 1701  <u>=1.028448e-02  max|u|=1.803984e-01  max|v|=1.165788e-01  max|w|=1.199363e-01  maxdiv=3.7967e-12  iters=15
[trace] step 1702  <u>=1.028448e-02  max|u|=1.803984e-01  max|v|=1.165788e-01  max|w|=1.199363e-01  maxdiv=3.7941e-12  iters=15
[trace] step 1703  <u>=1.028448e-02  max|u|=1.803984e-01  max|v|=1.165788e-01  max|w|=1.199363e-01  maxdiv=3.7916e-12  iters=15
[trace] step 1704  <u>=1.028448e-02  max|u|=1.803984e-01  max|v|=1.165788e-01  max|w|=1.199363e-01  maxdiv=3.7890e-12  iters=15
[trace] step 1705  <u>=1.028448e-02  max|u|=1.803984e-01  max|v|=1.165788e-01  max|w|=1.199363e-01  maxdiv=3.7865e-12  iters=15
[trace] step 1706  <u>=1.028448e-02  max|u|=1.803984e-01  max|v|=1.165788e-01  max|w|=1.199363e-01  maxdiv=3.7839e-12  iters=15
[trace] step 1707  <u>=1.028448e-02  max|u|=1.803984e-01  max|v|=1.165788e-01  max|w|=1.199363e-01  maxdiv=3.7814e-12  iters=15
[trace] step 1708  <u>=1.028448e-02  max|u|=1.803984e-01  max|v|=1.165788e-01  max|w|=1.199363e-01  maxdiv=3.7788e-12  iters=15
[trace] step 1709  <u>=1.028447e-02  max|u|=1.803984e-01  max|v|=1.165788e-01  max|w|=1.199363e-01  maxdiv=3.7763e-12  iters=15
[trace] step 1710  <u>=1.028447e-02  max|u|=1.803984e-01  max|v|=1.165788e-01  max|w|=1.199363e-01  maxdiv=3.7737e-12  iters=15
[trace] step 1711  <u>=1.028447e-02  max|u|=1.803984e-01  max|v|=1.165788e-01  max|w|=1.199363e-01  maxdiv=3.7712e-12  iters=15
[trace] step 1712  <u>=1.028447e-02  max|u|=1.803984e-01  max|v|=1.165788e-01  max|w|=1.199363e-01  maxdiv=3.7687e-12  iters=15
[trace] step 1713  <u>=1.028447e-02  max|u|=1.803984e-01  max|v|=1.165788e-01  max|w|=1.199363e-01  maxdiv=3.7661e-12  iters=15
[trace] step 1714  <u>=1.028447e-02  max|u|=1.803984e-01  max|v|=1.165788e-01  max|w|=1.199363e-01  maxdiv=3.7636e-12  iters=15
[trace] step 1715  <u>=1.028447e-02  max|u|=1.803984e-01  max|v|=1.165788e-01  max|w|=1.199363e-01  maxdiv=3.7611e-12  iters=15
[trace] step 1716  <u>=1.028447e-02  max|u|=1.803984e-01  max|v|=1.165788e-01  max|w|=1.199363e-01  maxdiv=3.7585e-12  iters=15
[trace] step 1717  <u>=1.028447e-02  max|u|=1.803984e-01  max|v|=1.165788e-01  max|w|=1.199363e-01  maxdiv=3.7560e-12  iters=15
[trace] step 1718  <u>=1.028447e-02  max|u|=1.803984e-01  max|v|=1.165788e-01  max|w|=1.199363e-01  maxdiv=3.7535e-12  iters=15
[trace] step 1719  <u>=1.028447e-02  max|u|=1.803984e-01  max|v|=1.165788e-01  max|w|=1.199363e-01  maxdiv=3.7509e-12  iters=15
[trace] step 1720  <u>=1.028447e-02  max|u|=1.803984e-01  max|v|=1.165788e-01  max|w|=1.199363e-01  maxdiv=3.7484e-12  iters=15
[trace] step 1721  <u>=1.028447e-02  max|u|=1.803984e-01  max|v|=1.165788e-01  max|w|=1.199363e-01  maxdiv=3.7459e-12  iters=15
[trace] step 1722  <u>=1.028447e-02  max|u|=1.803984e-01  max|v|=1.165788e-01  max|w|=1.199363e-01  maxdiv=3.7434e-12  iters=15
[trace] step 1723  <u>=1.028447e-02  max|u|=1.803984e-01  max|v|=1.165788e-01  max|w|=1.199363e-01  maxdiv=3.7409e-12  iters=15
[trace] step 1724  <u>=1.028447e-02  max|u|=1.803984e-01  max|v|=1.165788e-01  max|w|=1.199363e-01  maxdiv=3.7384e-12  iters=15
[trace] step 1725  <u>=1.028447e-02  max|u|=1.803984e-01  max|v|=1.165788e-01  max|w|=1.199363e-01  maxdiv=3.7358e-12  iters=15
[trace] step 1726  <u>=1.028447e-02  max|u|=1.803984e-01  max|v|=1.165788e-01  max|w|=1.199363e-01  maxdiv=3.7333e-12  iters=15
[trace] step 1727  <u>=1.028447e-02  max|u|=1.803984e-01  max|v|=1.165788e-01  max|w|=1.199363e-01  maxdiv=3.7308e-12  iters=15
[trace] step 1728  <u>=1.028447e-02  max|u|=1.803984e-01  max|v|=1.165788e-01  max|w|=1.199363e-01  maxdiv=3.7283e-12  iters=15
[trace] step 1729  <u>=1.028447e-02  max|u|=1.803984e-01  max|v|=1.165788e-01  max|w|=1.199363e-01  maxdiv=3.7258e-12  iters=15
[trace] step 1730  <u>=1.028447e-02  max|u|=1.803984e-01  max|v|=1.165788e-01  max|w|=1.199363e-01  maxdiv=3.7233e-12  iters=15
[trace] step 1731  <u>=1.028447e-02  max|u|=1.803984e-01  max|v|=1.165788e-01  max|w|=1.199363e-01  maxdiv=3.7208e-12  iters=15
[trace] step 1732  <u>=1.028447e-02  max|u|=1.803984e-01  max|v|=1.165788e-01  max|w|=1.199363e-01  maxdiv=3.7183e-12  iters=15
[trace] step 1733  <u>=1.028447e-02  max|u|=1.803984e-01  max|v|=1.165788e-01  max|w|=1.199363e-01  maxdiv=3.7158e-12  iters=15
[trace] step 1734  <u>=1.028447e-02  max|u|=1.803984e-01  max|v|=1.165788e-01  max|w|=1.199363e-01  maxdiv=3.7133e-12  iters=15
[trace] step 1735  <u>=1.028447e-02  max|u|=1.803984e-01  max|v|=1.165788e-01  max|w|=1.199363e-01  maxdiv=3.7108e-12  iters=15
[trace] step 1736  <u>=1.028447e-02  max|u|=1.803984e-01  max|v|=1.165788e-01  max|w|=1.199363e-01  maxdiv=3.7084e-12  iters=15
[trace] step 1737  <u>=1.028447e-02  max|u|=1.803984e-01  max|v|=1.165788e-01  max|w|=1.199363e-01  maxdiv=3.7059e-12  iters=15
[trace] step 1738  <u>=1.028447e-02  max|u|=1.803984e-01  max|v|=1.165788e-01  max|w|=1.199363e-01  maxdiv=3.7034e-12  iters=15
[trace] step 1739  <u>=1.028447e-02  max|u|=1.803984e-01  max|v|=1.165788e-01  max|w|=1.199363e-01  maxdiv=3.7009e-12  iters=15
[trace] step 1740  <u>=1.028447e-02  max|u|=1.803984e-01  max|v|=1.165788e-01  max|w|=1.199363e-01  maxdiv=3.6984e-12  iters=15
[trace] step 1741  <u>=1.028447e-02  max|u|=1.803984e-01  max|v|=1.165788e-01  max|w|=1.199363e-01  maxdiv=3.6959e-12  iters=15
[trace] step 1742  <u>=1.028447e-02  max|u|=1.803984e-01  max|v|=1.165788e-01  max|w|=1.199363e-01  maxdiv=3.6935e-12  iters=15
[trace] step 1743  <u>=1.028447e-02  max|u|=1.803984e-01  max|v|=1.165788e-01  max|w|=1.199363e-01  maxdiv=3.6910e-12  iters=15
[trace] step 1744  <u>=1.028447e-02  max|u|=1.803984e-01  max|v|=1.165788e-01  max|w|=1.199363e-01  maxdiv=3.6885e-12  iters=15
[trace] step 1745  <u>=1.028447e-02  max|u|=1.803984e-01  max|v|=1.165788e-01  max|w|=1.199363e-01  maxdiv=3.6860e-12  iters=15
[trace] step 1746  <u>=1.028447e-02  max|u|=1.803984e-01  max|v|=1.165788e-01  max|w|=1.199363e-01  maxdiv=3.6836e-12  iters=15
[trace] step 1747  <u>=1.028447e-02  max|u|=1.803984e-01  max|v|=1.165788e-01  max|w|=1.199363e-01  maxdiv=3.6811e-12  iters=15
[trace] step 1748  <u>=1.028447e-02  max|u|=1.803984e-01  max|v|=1.165788e-01  max|w|=1.199363e-01  maxdiv=3.6786e-12  iters=15
[trace] step 1749  <u>=1.028447e-02  max|u|=1.803984e-01  max|v|=1.165788e-01  max|w|=1.199363e-01  maxdiv=3.6762e-12  iters=15
[trace] step 1750  <u>=1.028447e-02  max|u|=1.803984e-01  max|v|=1.165788e-01  max|w|=1.199363e-01  maxdiv=3.6737e-12  iters=15
[trace] step 1751  <u>=1.028447e-02  max|u|=1.803984e-01  max|v|=1.165788e-01  max|w|=1.199363e-01  maxdiv=3.6712e-12  iters=15
[trace] step 1752  <u>=1.028447e-02  max|u|=1.803984e-01  max|v|=1.165788e-01  max|w|=1.199363e-01  maxdiv=3.6688e-12  iters=15
[trace] step 1753  <u>=1.028447e-02  max|u|=1.803984e-01  max|v|=1.165788e-01  max|w|=1.199363e-01  maxdiv=3.6663e-12  iters=15
[trace] step 1754  <u>=1.028447e-02  max|u|=1.803984e-01  max|v|=1.165788e-01  max|w|=1.199363e-01  maxdiv=3.6639e-12  iters=15
[trace] step 1755  <u>=1.028447e-02  max|u|=1.803984e-01  max|v|=1.165788e-01  max|w|=1.199363e-01  maxdiv=3.6614e-12  iters=15
[trace] step 1756  <u>=1.028447e-02  max|u|=1.803984e-01  max|v|=1.165788e-01  max|w|=1.199363e-01  maxdiv=3.6590e-12  iters=15
[trace] step 1757  <u>=1.028447e-02  max|u|=1.803984e-01  max|v|=1.165788e-01  max|w|=1.199363e-01  maxdiv=3.6565e-12  iters=15
[trace] step 1758  <u>=1.028447e-02  max|u|=1.803984e-01  max|v|=1.165788e-01  max|w|=1.199363e-01  maxdiv=3.6541e-12  iters=15
[trace] step 1759  <u>=1.028447e-02  max|u|=1.803984e-01  max|v|=1.165788e-01  max|w|=1.199363e-01  maxdiv=3.6516e-12  iters=15
[trace] step 1760  <u>=1.028447e-02  max|u|=1.803984e-01  max|v|=1.165788e-01  max|w|=1.199363e-01  maxdiv=3.6492e-12  iters=15
[trace] step 1761  <u>=1.028447e-02  max|u|=1.803984e-01  max|v|=1.165788e-01  max|w|=1.199363e-01  maxdiv=3.6467e-12  iters=15
[trace] step 1762  <u>=1.028447e-02  max|u|=1.803984e-01  max|v|=1.165788e-01  max|w|=1.199363e-01  maxdiv=3.6443e-12  iters=15
[trace] step 1763  <u>=1.028447e-02  max|u|=1.803984e-01  max|v|=1.165788e-01  max|w|=1.199363e-01  maxdiv=3.6419e-12  iters=15
[trace] step 1764  <u>=1.028447e-02  max|u|=1.803984e-01  max|v|=1.165788e-01  max|w|=1.199363e-01  maxdiv=3.6394e-12  iters=15
[trace] step 1765  <u>=1.028447e-02  max|u|=1.803984e-01  max|v|=1.165788e-01  max|w|=1.199363e-01  maxdiv=3.6370e-12  iters=15
[trace] step 1766  <u>=1.028447e-02  max|u|=1.803984e-01  max|v|=1.165788e-01  max|w|=1.199363e-01  maxdiv=3.6346e-12  iters=15
[trace] step 1767  <u>=1.028447e-02  max|u|=1.803984e-01  max|v|=1.165788e-01  max|w|=1.199363e-01  maxdiv=3.6321e-12  iters=15
[trace] step 1768  <u>=1.028447e-02  max|u|=1.803984e-01  max|v|=1.165788e-01  max|w|=1.199363e-01  maxdiv=3.6297e-12  iters=15
[trace] step 1769  <u>=1.028447e-02  max|u|=1.803984e-01  max|v|=1.165788e-01  max|w|=1.199363e-01  maxdiv=3.6273e-12  iters=15
[trace] step 1770  <u>=1.028447e-02  max|u|=1.803984e-01  max|v|=1.165788e-01  max|w|=1.199363e-01  maxdiv=3.6249e-12  iters=15
[trace] step 1771  <u>=1.028447e-02  max|u|=1.803984e-01  max|v|=1.165788e-01  max|w|=1.199363e-01  maxdiv=3.6224e-12  iters=15
[trace] step 1772  <u>=1.028447e-02  max|u|=1.803984e-01  max|v|=1.165788e-01  max|w|=1.199363e-01  maxdiv=3.6200e-12  iters=15
[trace] step 1773  <u>=1.028447e-02  max|u|=1.803984e-01  max|v|=1.165788e-01  max|w|=1.199363e-01  maxdiv=3.6176e-12  iters=15
[trace] step 1774  <u>=1.028447e-02  max|u|=1.803984e-01  max|v|=1.165788e-01  max|w|=1.199363e-01  maxdiv=3.6152e-12  iters=15
[trace] step 1775  <u>=1.028447e-02  max|u|=1.803984e-01  max|v|=1.165788e-01  max|w|=1.199363e-01  maxdiv=3.6128e-12  iters=15
[trace] step 1776  <u>=1.028447e-02  max|u|=1.803984e-01  max|v|=1.165788e-01  max|w|=1.199363e-01  maxdiv=3.6103e-12  iters=15
[trace] step 1777  <u>=1.028447e-02  max|u|=1.803984e-01  max|v|=1.165788e-01  max|w|=1.199363e-01  maxdiv=3.6079e-12  iters=15
[trace] step 1778  <u>=1.028447e-02  max|u|=1.803984e-01  max|v|=1.165788e-01  max|w|=1.199363e-01  maxdiv=3.6055e-12  iters=15
[trace] step 1779  <u>=1.028447e-02  max|u|=1.803984e-01  max|v|=1.165788e-01  max|w|=1.199363e-01  maxdiv=3.6031e-12  iters=15
[trace] step 1780  <u>=1.028447e-02  max|u|=1.803984e-01  max|v|=1.165788e-01  max|w|=1.199363e-01  maxdiv=3.6007e-12  iters=15
[trace] step 1781  <u>=1.028447e-02  max|u|=1.803984e-01  max|v|=1.165788e-01  max|w|=1.199363e-01  maxdiv=3.5983e-12  iters=15
[trace] step 1782  <u>=1.028447e-02  max|u|=1.803984e-01  max|v|=1.165788e-01  max|w|=1.199363e-01  maxdiv=3.5959e-12  iters=15
[trace] step 1783  <u>=1.028447e-02  max|u|=1.803984e-01  max|v|=1.165788e-01  max|w|=1.199363e-01  maxdiv=3.5935e-12  iters=15
[trace] step 1784  <u>=1.028447e-02  max|u|=1.803984e-01  max|v|=1.165788e-01  max|w|=1.199363e-01  maxdiv=3.5911e-12  iters=15
[trace] step 1785  <u>=1.028447e-02  max|u|=1.803984e-01  max|v|=1.165788e-01  max|w|=1.199363e-01  maxdiv=3.5887e-12  iters=15
[trace] step 1786  <u>=1.028447e-02  max|u|=1.803984e-01  max|v|=1.165788e-01  max|w|=1.199363e-01  maxdiv=3.5863e-12  iters=15
[trace] step 1787  <u>=1.028447e-02  max|u|=1.803984e-01  max|v|=1.165788e-01  max|w|=1.199363e-01  maxdiv=3.5839e-12  iters=15
[trace] step 1788  <u>=1.028447e-02  max|u|=1.803984e-01  max|v|=1.165788e-01  max|w|=1.199363e-01  maxdiv=3.5815e-12  iters=15
[trace] step 1789  <u>=1.028447e-02  max|u|=1.803984e-01  max|v|=1.165788e-01  max|w|=1.199363e-01  maxdiv=3.5791e-12  iters=15
[trace] step 1790  <u>=1.028447e-02  max|u|=1.803984e-01  max|v|=1.165788e-01  max|w|=1.199363e-01  maxdiv=3.5768e-12  iters=15
[trace] step 1791  <u>=1.028447e-02  max|u|=1.803984e-01  max|v|=1.165788e-01  max|w|=1.199363e-01  maxdiv=3.5744e-12  iters=15
[trace] step 1792  <u>=1.028447e-02  max|u|=1.803984e-01  max|v|=1.165788e-01  max|w|=1.199363e-01  maxdiv=3.5720e-12  iters=15
[trace] step 1793  <u>=1.028447e-02  max|u|=1.803984e-01  max|v|=1.165788e-01  max|w|=1.199363e-01  maxdiv=3.5696e-12  iters=15
[trace] step 1794  <u>=1.028447e-02  max|u|=1.803984e-01  max|v|=1.165788e-01  max|w|=1.199363e-01  maxdiv=3.5672e-12  iters=15
[trace] step 1795  <u>=1.028447e-02  max|u|=1.803984e-01  max|v|=1.165788e-01  max|w|=1.199363e-01  maxdiv=3.5649e-12  iters=15
[trace] step 1796  <u>=1.028447e-02  max|u|=1.803984e-01  max|v|=1.165788e-01  max|w|=1.199363e-01  maxdiv=3.5625e-12  iters=15
[trace] step 1797  <u>=1.028447e-02  max|u|=1.803984e-01  max|v|=1.165788e-01  max|w|=1.199363e-01  maxdiv=3.5601e-12  iters=15
[trace] step 1798  <u>=1.028447e-02  max|u|=1.803984e-01  max|v|=1.165788e-01  max|w|=1.199363e-01  maxdiv=3.5577e-12  iters=15
[trace] step 1799  <u>=1.028447e-02  max|u|=1.803984e-01  max|v|=1.165788e-01  max|w|=1.199363e-01  maxdiv=3.5554e-12  iters=15
[trace] step 1800  <u>=1.028447e-02  max|u|=1.803984e-01  max|v|=1.165788e-01  max|w|=1.199363e-01  maxdiv=3.5530e-12  iters=15
[trace] step 1801  <u>=1.028447e-02  max|u|=1.803984e-01  max|v|=1.165788e-01  max|w|=1.199363e-01  maxdiv=3.5506e-12  iters=15
[trace] step 1802  <u>=1.028447e-02  max|u|=1.803984e-01  max|v|=1.165788e-01  max|w|=1.199363e-01  maxdiv=3.5483e-12  iters=15
[trace] step 1803  <u>=1.028447e-02  max|u|=1.803984e-01  max|v|=1.165788e-01  max|w|=1.199363e-01  maxdiv=3.5459e-12  iters=15
[trace] step 1804  <u>=1.028447e-02  max|u|=1.803984e-01  max|v|=1.165788e-01  max|w|=1.199363e-01  maxdiv=3.5435e-12  iters=15
[trace] step 1805  <u>=1.028447e-02  max|u|=1.803984e-01  max|v|=1.165788e-01  max|w|=1.199363e-01  maxdiv=3.5412e-12  iters=15
[trace] step 1806  <u>=1.028447e-02  max|u|=1.803984e-01  max|v|=1.165788e-01  max|w|=1.199363e-01  maxdiv=3.5388e-12  iters=15
[trace] step 1807  <u>=1.028447e-02  max|u|=1.803984e-01  max|v|=1.165788e-01  max|w|=1.199363e-01  maxdiv=3.5365e-12  iters=15
[trace] step 1808  <u>=1.028447e-02  max|u|=1.803984e-01  max|v|=1.165788e-01  max|w|=1.199363e-01  maxdiv=3.5341e-12  iters=15
[trace] step 1809  <u>=1.028447e-02  max|u|=1.803984e-01  max|v|=1.165788e-01  max|w|=1.199363e-01  maxdiv=3.5318e-12  iters=15
[trace] step 1810  <u>=1.028447e-02  max|u|=1.803984e-01  max|v|=1.165788e-01  max|w|=1.199363e-01  maxdiv=3.5294e-12  iters=15
[trace] step 1811  <u>=1.028447e-02  max|u|=1.803984e-01  max|v|=1.165788e-01  max|w|=1.199363e-01  maxdiv=3.5271e-12  iters=15
[trace] step 1812  <u>=1.028447e-02  max|u|=1.803984e-01  max|v|=1.165788e-01  max|w|=1.199363e-01  maxdiv=3.5247e-12  iters=15
[trace] step 1813  <u>=1.028447e-02  max|u|=1.803984e-01  max|v|=1.165788e-01  max|w|=1.199363e-01  maxdiv=3.5224e-12  iters=15
[trace] step 1814  <u>=1.028447e-02  max|u|=1.803984e-01  max|v|=1.165788e-01  max|w|=1.199363e-01  maxdiv=3.5200e-12  iters=15
[trace] step 1815  <u>=1.028447e-02  max|u|=1.803984e-01  max|v|=1.165788e-01  max|w|=1.199363e-01  maxdiv=3.5177e-12  iters=15
[trace] step 1816  <u>=1.028447e-02  max|u|=1.803984e-01  max|v|=1.165788e-01  max|w|=1.199363e-01  maxdiv=3.5153e-12  iters=15
[trace] step 1817  <u>=1.028447e-02  max|u|=1.803984e-01  max|v|=1.165788e-01  max|w|=1.199363e-01  maxdiv=3.5130e-12  iters=15
[trace] step 1818  <u>=1.028447e-02  max|u|=1.803984e-01  max|v|=1.165788e-01  max|w|=1.199363e-01  maxdiv=3.5107e-12  iters=15
[trace] step 1819  <u>=1.028447e-02  max|u|=1.803984e-01  max|v|=1.165788e-01  max|w|=1.199363e-01  maxdiv=3.5083e-12  iters=15
[trace] step 1820  <u>=1.028447e-02  max|u|=1.803984e-01  max|v|=1.165788e-01  max|w|=1.199363e-01  maxdiv=3.5060e-12  iters=15
[trace] step 1821  <u>=1.028447e-02  max|u|=1.803984e-01  max|v|=1.165788e-01  max|w|=1.199363e-01  maxdiv=3.5037e-12  iters=15
[trace] step 1822  <u>=1.028447e-02  max|u|=1.803984e-01  max|v|=1.165788e-01  max|w|=1.199363e-01  maxdiv=3.5013e-12  iters=15
[trace] step 1823  <u>=1.028447e-02  max|u|=1.803984e-01  max|v|=1.165788e-01  max|w|=1.199363e-01  maxdiv=3.4990e-12  iters=15
[trace] step 1824  <u>=1.028447e-02  max|u|=1.803984e-01  max|v|=1.165788e-01  max|w|=1.199363e-01  maxdiv=3.4967e-12  iters=15
[trace] step 1825  <u>=1.028447e-02  max|u|=1.803984e-01  max|v|=1.165788e-01  max|w|=1.199363e-01  maxdiv=3.4944e-12  iters=15
[trace] step 1826  <u>=1.028447e-02  max|u|=1.803984e-01  max|v|=1.165788e-01  max|w|=1.199363e-01  maxdiv=3.4920e-12  iters=15
[trace] step 1827  <u>=1.028447e-02  max|u|=1.803984e-01  max|v|=1.165788e-01  max|w|=1.199363e-01  maxdiv=3.4897e-12  iters=15
[trace] step 1828  <u>=1.028447e-02  max|u|=1.803984e-01  max|v|=1.165788e-01  max|w|=1.199363e-01  maxdiv=3.4874e-12  iters=15
[trace] step 1829  <u>=1.028447e-02  max|u|=1.803984e-01  max|v|=1.165788e-01  max|w|=1.199363e-01  maxdiv=3.4851e-12  iters=15
[trace] step 1830  <u>=1.028447e-02  max|u|=1.803984e-01  max|v|=1.165788e-01  max|w|=1.199363e-01  maxdiv=3.4828e-12  iters=15
[trace] step 1831  <u>=1.028447e-02  max|u|=1.803984e-01  max|v|=1.165788e-01  max|w|=1.199363e-01  maxdiv=3.4805e-12  iters=15
[trace] step 1832  <u>=1.028447e-02  max|u|=1.803984e-01  max|v|=1.165788e-01  max|w|=1.199363e-01  maxdiv=3.4782e-12  iters=15
[trace] step 1833  <u>=1.028447e-02  max|u|=1.803984e-01  max|v|=1.165788e-01  max|w|=1.199363e-01  maxdiv=3.4758e-12  iters=15
[trace] step 1834  <u>=1.028447e-02  max|u|=1.803984e-01  max|v|=1.165788e-01  max|w|=1.199363e-01  maxdiv=3.4735e-12  iters=15
[trace] step 1835  <u>=1.028447e-02  max|u|=1.803984e-01  max|v|=1.165788e-01  max|w|=1.199363e-01  maxdiv=3.4712e-12  iters=15
[trace] step 1836  <u>=1.028447e-02  max|u|=1.803984e-01  max|v|=1.165788e-01  max|w|=1.199363e-01  maxdiv=3.4689e-12  iters=15
[trace] step 1837  <u>=1.028447e-02  max|u|=1.803984e-01  max|v|=1.165788e-01  max|w|=1.199363e-01  maxdiv=3.4666e-12  iters=15
[trace] step 1838  <u>=1.028447e-02  max|u|=1.803984e-01  max|v|=1.165788e-01  max|w|=1.199363e-01  maxdiv=3.4643e-12  iters=15
[trace] step 1839  <u>=1.028447e-02  max|u|=1.803984e-01  max|v|=1.165788e-01  max|w|=1.199363e-01  maxdiv=3.4620e-12  iters=15
[trace] step 1840  <u>=1.028447e-02  max|u|=1.803984e-01  max|v|=1.165788e-01  max|w|=1.199363e-01  maxdiv=3.4597e-12  iters=15
[trace] step 1841  <u>=1.028447e-02  max|u|=1.803984e-01  max|v|=1.165788e-01  max|w|=1.199363e-01  maxdiv=3.4574e-12  iters=15
[trace] step 1842  <u>=1.028447e-02  max|u|=1.803984e-01  max|v|=1.165788e-01  max|w|=1.199363e-01  maxdiv=3.4551e-12  iters=15
[trace] step 1843  <u>=1.028447e-02  max|u|=1.803984e-01  max|v|=1.165788e-01  max|w|=1.199363e-01  maxdiv=3.4529e-12  iters=15
[trace] step 1844  <u>=1.028447e-02  max|u|=1.803984e-01  max|v|=1.165788e-01  max|w|=1.199363e-01  maxdiv=3.4506e-12  iters=15
[trace] step 1845  <u>=1.028447e-02  max|u|=1.803984e-01  max|v|=1.165788e-01  max|w|=1.199363e-01  maxdiv=3.4483e-12  iters=15
[trace] step 1846  <u>=1.028447e-02  max|u|=1.803984e-01  max|v|=1.165788e-01  max|w|=1.199363e-01  maxdiv=3.4460e-12  iters=15
[trace] step 1847  <u>=1.028447e-02  max|u|=1.803984e-01  max|v|=1.165788e-01  max|w|=1.199363e-01  maxdiv=3.4437e-12  iters=15
[trace] step 1848  <u>=1.028447e-02  max|u|=1.803984e-01  max|v|=1.165788e-01  max|w|=1.199363e-01  maxdiv=3.4414e-12  iters=15
[trace] step 1849  <u>=1.028447e-02  max|u|=1.803984e-01  max|v|=1.165788e-01  max|w|=1.199363e-01  maxdiv=3.4391e-12  iters=15
[trace] step 1850  <u>=1.028447e-02  max|u|=1.803984e-01  max|v|=1.165788e-01  max|w|=1.199363e-01  maxdiv=3.4369e-12  iters=15
[trace] step 1851  <u>=1.028447e-02  max|u|=1.803984e-01  max|v|=1.165788e-01  max|w|=1.199363e-01  maxdiv=3.4346e-12  iters=15
[trace] step 1852  <u>=1.028447e-02  max|u|=1.803984e-01  max|v|=1.165788e-01  max|w|=1.199363e-01  maxdiv=3.4323e-12  iters=15
[trace] step 1853  <u>=1.028447e-02  max|u|=1.803984e-01  max|v|=1.165788e-01  max|w|=1.199363e-01  maxdiv=3.4300e-12  iters=15
[trace] step 1854  <u>=1.028447e-02  max|u|=1.803984e-01  max|v|=1.165788e-01  max|w|=1.199363e-01  maxdiv=3.4278e-12  iters=15
[trace] step 1855  <u>=1.028447e-02  max|u|=1.803984e-01  max|v|=1.165788e-01  max|w|=1.199363e-01  maxdiv=3.4255e-12  iters=15
[trace] step 1856  <u>=1.028447e-02  max|u|=1.803984e-01  max|v|=1.165788e-01  max|w|=1.199363e-01  maxdiv=3.4232e-12  iters=15
[trace] step 1857  <u>=1.028447e-02  max|u|=1.803984e-01  max|v|=1.165788e-01  max|w|=1.199363e-01  maxdiv=3.4210e-12  iters=15
[trace] step 1858  <u>=1.028447e-02  max|u|=1.803984e-01  max|v|=1.165788e-01  max|w|=1.199363e-01  maxdiv=3.4187e-12  iters=15
[trace] step 1859  <u>=1.028447e-02  max|u|=1.803984e-01  max|v|=1.165788e-01  max|w|=1.199363e-01  maxdiv=3.4164e-12  iters=15
[trace] step 1860  <u>=1.028447e-02  max|u|=1.803984e-01  max|v|=1.165788e-01  max|w|=1.199363e-01  maxdiv=3.4142e-12  iters=15
[trace] step 1861  <u>=1.028447e-02  max|u|=1.803984e-01  max|v|=1.165788e-01  max|w|=1.199363e-01  maxdiv=3.4119e-12  iters=15
[trace] step 1862  <u>=1.028447e-02  max|u|=1.803984e-01  max|v|=1.165788e-01  max|w|=1.199363e-01  maxdiv=3.4096e-12  iters=15
[trace] step 1863  <u>=1.028447e-02  max|u|=1.803984e-01  max|v|=1.165788e-01  max|w|=1.199363e-01  maxdiv=3.4074e-12  iters=15
[trace] step 1864  <u>=1.028447e-02  max|u|=1.803984e-01  max|v|=1.165788e-01  max|w|=1.199363e-01  maxdiv=3.4051e-12  iters=15
[trace] step 1865  <u>=1.028447e-02  max|u|=1.803984e-01  max|v|=1.165788e-01  max|w|=1.199363e-01  maxdiv=3.4029e-12  iters=15
[trace] step 1866  <u>=1.028447e-02  max|u|=1.803984e-01  max|v|=1.165788e-01  max|w|=1.199363e-01  maxdiv=3.4006e-12  iters=15
[trace] step 1867  <u>=1.028447e-02  max|u|=1.803984e-01  max|v|=1.165788e-01  max|w|=1.199363e-01  maxdiv=3.3984e-12  iters=15
[trace] step 1868  <u>=1.028447e-02  max|u|=1.803984e-01  max|v|=1.165788e-01  max|w|=1.199363e-01  maxdiv=3.3961e-12  iters=15
[trace] step 1869  <u>=1.028447e-02  max|u|=1.803984e-01  max|v|=1.165788e-01  max|w|=1.199363e-01  maxdiv=3.3939e-12  iters=15
[trace] step 1870  <u>=1.028447e-02  max|u|=1.803984e-01  max|v|=1.165788e-01  max|w|=1.199363e-01  maxdiv=3.3916e-12  iters=15
[trace] step 1871  <u>=1.028447e-02  max|u|=1.803984e-01  max|v|=1.165788e-01  max|w|=1.199363e-01  maxdiv=3.3894e-12  iters=15
[trace] step 1872  <u>=1.028447e-02  max|u|=1.803984e-01  max|v|=1.165788e-01  max|w|=1.199363e-01  maxdiv=3.3872e-12  iters=15
[trace] step 1873  <u>=1.028447e-02  max|u|=1.803984e-01  max|v|=1.165788e-01  max|w|=1.199363e-01  maxdiv=3.3849e-12  iters=15
[trace] step 1874  <u>=1.028447e-02  max|u|=1.803984e-01  max|v|=1.165788e-01  max|w|=1.199363e-01  maxdiv=3.3827e-12  iters=15
[trace] step 1875  <u>=1.028447e-02  max|u|=1.803984e-01  max|v|=1.165788e-01  max|w|=1.199363e-01  maxdiv=3.3804e-12  iters=15
[trace] step 1876  <u>=1.028447e-02  max|u|=1.803984e-01  max|v|=1.165788e-01  max|w|=1.199363e-01  maxdiv=3.3782e-12  iters=15
[trace] step 1877  <u>=1.028447e-02  max|u|=1.803984e-01  max|v|=1.165788e-01  max|w|=1.199363e-01  maxdiv=3.3760e-12  iters=15
[trace] step 1878  <u>=1.028447e-02  max|u|=1.803984e-01  max|v|=1.165788e-01  max|w|=1.199363e-01  maxdiv=3.3737e-12  iters=15
[trace] step 1879  <u>=1.028447e-02  max|u|=1.803984e-01  max|v|=1.165788e-01  max|w|=1.199363e-01  maxdiv=3.3715e-12  iters=15
[trace] step 1880  <u>=1.028447e-02  max|u|=1.803984e-01  max|v|=1.165788e-01  max|w|=1.199363e-01  maxdiv=3.3693e-12  iters=15
[trace] step 1881  <u>=1.028447e-02  max|u|=1.803984e-01  max|v|=1.165788e-01  max|w|=1.199363e-01  maxdiv=3.3671e-12  iters=15
[trace] step 1882  <u>=1.028447e-02  max|u|=1.803984e-01  max|v|=1.165788e-01  max|w|=1.199363e-01  maxdiv=3.3648e-12  iters=15
[trace] step 1883  <u>=1.028447e-02  max|u|=1.803984e-01  max|v|=1.165788e-01  max|w|=1.199363e-01  maxdiv=3.3626e-12  iters=15
[trace] step 1884  <u>=1.028447e-02  max|u|=1.803984e-01  max|v|=1.165788e-01  max|w|=1.199363e-01  maxdiv=3.3604e-12  iters=15
[trace] step 1885  <u>=1.028447e-02  max|u|=1.803984e-01  max|v|=1.165788e-01  max|w|=1.199363e-01  maxdiv=3.3582e-12  iters=15
[trace] step 1886  <u>=1.028447e-02  max|u|=1.803984e-01  max|v|=1.165788e-01  max|w|=1.199363e-01  maxdiv=3.3560e-12  iters=15
[trace] step 1887  <u>=1.028447e-02  max|u|=1.803984e-01  max|v|=1.165788e-01  max|w|=1.199363e-01  maxdiv=3.3537e-12  iters=15
[trace] step 1888  <u>=1.028447e-02  max|u|=1.803984e-01  max|v|=1.165788e-01  max|w|=1.199363e-01  maxdiv=3.3515e-12  iters=15
[trace] step 1889  <u>=1.028447e-02  max|u|=1.803984e-01  max|v|=1.165788e-01  max|w|=1.199363e-01  maxdiv=3.3493e-12  iters=15
[trace] step 1890  <u>=1.028447e-02  max|u|=1.803984e-01  max|v|=1.165788e-01  max|w|=1.199363e-01  maxdiv=3.3471e-12  iters=15
[trace] step 1891  <u>=1.028447e-02  max|u|=1.803984e-01  max|v|=1.165788e-01  max|w|=1.199363e-01  maxdiv=3.3449e-12  iters=15
[trace] step 1892  <u>=1.028447e-02  max|u|=1.803984e-01  max|v|=1.165788e-01  max|w|=1.199363e-01  maxdiv=3.3427e-12  iters=15
[trace] step 1893  <u>=1.028447e-02  max|u|=1.803984e-01  max|v|=1.165788e-01  max|w|=1.199363e-01  maxdiv=3.3405e-12  iters=15
[trace] step 1894  <u>=1.028447e-02  max|u|=1.803984e-01  max|v|=1.165788e-01  max|w|=1.199363e-01  maxdiv=3.3383e-12  iters=15
[trace] step 1895  <u>=1.028447e-02  max|u|=1.803984e-01  max|v|=1.165788e-01  max|w|=1.199363e-01  maxdiv=3.3361e-12  iters=15
[trace] step 1896  <u>=1.028447e-02  max|u|=1.803984e-01  max|v|=1.165788e-01  max|w|=1.199363e-01  maxdiv=3.3339e-12  iters=15
[trace] step 1897  <u>=1.028447e-02  max|u|=1.803984e-01  max|v|=1.165788e-01  max|w|=1.199363e-01  maxdiv=3.3317e-12  iters=15
[trace] step 1898  <u>=1.028447e-02  max|u|=1.803984e-01  max|v|=1.165788e-01  max|w|=1.199363e-01  maxdiv=3.3295e-12  iters=15
[trace] step 1899  <u>=1.028447e-02  max|u|=1.803984e-01  max|v|=1.165788e-01  max|w|=1.199363e-01  maxdiv=3.3273e-12  iters=15
[trace] step 1900  <u>=1.028447e-02  max|u|=1.803984e-01  max|v|=1.165788e-01  max|w|=1.199363e-01  maxdiv=3.3251e-12  iters=15
[trace] step 1901  <u>=1.028447e-02  max|u|=1.803984e-01  max|v|=1.165788e-01  max|w|=1.199363e-01  maxdiv=3.3229e-12  iters=15
[trace] step 1902  <u>=1.028447e-02  max|u|=1.803984e-01  max|v|=1.165788e-01  max|w|=1.199363e-01  maxdiv=3.3207e-12  iters=15
[trace] step 1903  <u>=1.028447e-02  max|u|=1.803984e-01  max|v|=1.165788e-01  max|w|=1.199363e-01  maxdiv=3.3185e-12  iters=15
[trace] step 1904  <u>=1.028447e-02  max|u|=1.803984e-01  max|v|=1.165788e-01  max|w|=1.199363e-01  maxdiv=3.3163e-12  iters=15
[trace] step 1905  <u>=1.028447e-02  max|u|=1.803984e-01  max|v|=1.165788e-01  max|w|=1.199363e-01  maxdiv=3.3141e-12  iters=15
[trace] step 1906  <u>=1.028447e-02  max|u|=1.803984e-01  max|v|=1.165788e-01  max|w|=1.199363e-01  maxdiv=3.3119e-12  iters=15
[trace] step 1907  <u>=1.028447e-02  max|u|=1.803984e-01  max|v|=1.165788e-01  max|w|=1.199363e-01  maxdiv=3.3098e-12  iters=15
[trace] step 1908  <u>=1.028447e-02  max|u|=1.803984e-01  max|v|=1.165788e-01  max|w|=1.199363e-01  maxdiv=3.3076e-12  iters=15
[trace] step 1909  <u>=1.028447e-02  max|u|=1.803984e-01  max|v|=1.165788e-01  max|w|=1.199363e-01  maxdiv=3.3054e-12  iters=15
[trace] step 1910  <u>=1.028447e-02  max|u|=1.803984e-01  max|v|=1.165788e-01  max|w|=1.199363e-01  maxdiv=3.3032e-12  iters=15
[trace] step 1911  <u>=1.028447e-02  max|u|=1.803984e-01  max|v|=1.165788e-01  max|w|=1.199363e-01  maxdiv=3.3010e-12  iters=15
[trace] step 1912  <u>=1.028447e-02  max|u|=1.803984e-01  max|v|=1.165788e-01  max|w|=1.199363e-01  maxdiv=3.2989e-12  iters=15
[trace] step 1913  <u>=1.028447e-02  max|u|=1.803984e-01  max|v|=1.165788e-01  max|w|=1.199363e-01  maxdiv=3.2967e-12  iters=15
[trace] step 1914  <u>=1.028447e-02  max|u|=1.803984e-01  max|v|=1.165788e-01  max|w|=1.199363e-01  maxdiv=3.2945e-12  iters=15
[trace] step 1915  <u>=1.028447e-02  max|u|=1.803984e-01  max|v|=1.165788e-01  max|w|=1.199363e-01  maxdiv=3.2924e-12  iters=15
[trace] step 1916  <u>=1.028447e-02  max|u|=1.803984e-01  max|v|=1.165788e-01  max|w|=1.199363e-01  maxdiv=3.2902e-12  iters=15
[trace] step 1917  <u>=1.028447e-02  max|u|=1.803984e-01  max|v|=1.165788e-01  max|w|=1.199363e-01  maxdiv=3.2880e-12  iters=15
[trace] step 1918  <u>=1.028447e-02  max|u|=1.803984e-01  max|v|=1.165788e-01  max|w|=1.199363e-01  maxdiv=3.2859e-12  iters=15
[trace] step 1919  <u>=1.028447e-02  max|u|=1.803984e-01  max|v|=1.165788e-01  max|w|=1.199363e-01  maxdiv=3.2837e-12  iters=15
[trace] step 1920  <u>=1.028447e-02  max|u|=1.803984e-01  max|v|=1.165788e-01  max|w|=1.199363e-01  maxdiv=3.2815e-12  iters=15
[trace] step 1921  <u>=1.028447e-02  max|u|=1.803984e-01  max|v|=1.165788e-01  max|w|=1.199363e-01  maxdiv=3.2794e-12  iters=15
[trace] step 1922  <u>=1.028447e-02  max|u|=1.803984e-01  max|v|=1.165788e-01  max|w|=1.199363e-01  maxdiv=3.2772e-12  iters=15
[trace] step 1923  <u>=1.028447e-02  max|u|=1.803984e-01  max|v|=1.165788e-01  max|w|=1.199363e-01  maxdiv=3.2751e-12  iters=15
[trace] step 1924  <u>=1.028447e-02  max|u|=1.803984e-01  max|v|=1.165788e-01  max|w|=1.199363e-01  maxdiv=3.2729e-12  iters=15
[trace] step 1925  <u>=1.028447e-02  max|u|=1.803984e-01  max|v|=1.165788e-01  max|w|=1.199363e-01  maxdiv=3.2708e-12  iters=15
[trace] step 1926  <u>=1.028447e-02  max|u|=1.803984e-01  max|v|=1.165788e-01  max|w|=1.199363e-01  maxdiv=3.2686e-12  iters=15
[trace] step 1927  <u>=1.028447e-02  max|u|=1.803984e-01  max|v|=1.165788e-01  max|w|=1.199363e-01  maxdiv=3.2664e-12  iters=15
[trace] step 1928  <u>=1.028447e-02  max|u|=1.803984e-01  max|v|=1.165788e-01  max|w|=1.199363e-01  maxdiv=3.2643e-12  iters=15
[trace] step 1929  <u>=1.028447e-02  max|u|=1.803984e-01  max|v|=1.165788e-01  max|w|=1.199363e-01  maxdiv=3.2622e-12  iters=15
[trace] step 1930  <u>=1.028447e-02  max|u|=1.803984e-01  max|v|=1.165788e-01  max|w|=1.199363e-01  maxdiv=3.2600e-12  iters=15
[trace] step 1931  <u>=1.028447e-02  max|u|=1.803984e-01  max|v|=1.165788e-01  max|w|=1.199363e-01  maxdiv=3.2579e-12  iters=15
[trace] step 1932  <u>=1.028447e-02  max|u|=1.803984e-01  max|v|=1.165788e-01  max|w|=1.199363e-01  maxdiv=3.2557e-12  iters=15
[trace] step 1933  <u>=1.028447e-02  max|u|=1.803984e-01  max|v|=1.165788e-01  max|w|=1.199363e-01  maxdiv=3.2536e-12  iters=15
[trace] step 1934  <u>=1.028447e-02  max|u|=1.803984e-01  max|v|=1.165788e-01  max|w|=1.199363e-01  maxdiv=3.2514e-12  iters=15
[trace] step 1935  <u>=1.028447e-02  max|u|=1.803984e-01  max|v|=1.165788e-01  max|w|=1.199363e-01  maxdiv=3.2493e-12  iters=15
[trace] step 1936  <u>=1.028447e-02  max|u|=1.803984e-01  max|v|=1.165788e-01  max|w|=1.199363e-01  maxdiv=3.2472e-12  iters=15
[trace] step 1937  <u>=1.028447e-02  max|u|=1.803984e-01  max|v|=1.165788e-01  max|w|=1.199363e-01  maxdiv=3.2450e-12  iters=15
[trace] step 1938  <u>=1.028447e-02  max|u|=1.803984e-01  max|v|=1.165788e-01  max|w|=1.199363e-01  maxdiv=3.2429e-12  iters=15
[trace] step 1939  <u>=1.028447e-02  max|u|=1.803984e-01  max|v|=1.165788e-01  max|w|=1.199363e-01  maxdiv=3.2408e-12  iters=15
[trace] step 1940  <u>=1.028447e-02  max|u|=1.803984e-01  max|v|=1.165788e-01  max|w|=1.199363e-01  maxdiv=3.2386e-12  iters=15
[trace] step 1941  <u>=1.028447e-02  max|u|=1.803984e-01  max|v|=1.165788e-01  max|w|=1.199363e-01  maxdiv=3.2365e-12  iters=15
[trace] step 1942  <u>=1.028447e-02  max|u|=1.803984e-01  max|v|=1.165788e-01  max|w|=1.199363e-01  maxdiv=3.2344e-12  iters=15
[trace] step 1943  <u>=1.028447e-02  max|u|=1.803984e-01  max|v|=1.165788e-01  max|w|=1.199363e-01  maxdiv=3.2323e-12  iters=15
[trace] step 1944  <u>=1.028447e-02  max|u|=1.803984e-01  max|v|=1.165788e-01  max|w|=1.199363e-01  maxdiv=3.2301e-12  iters=15
[trace] step 1945  <u>=1.028447e-02  max|u|=1.803984e-01  max|v|=1.165788e-01  max|w|=1.199363e-01  maxdiv=3.2280e-12  iters=15
[trace] step 1946  <u>=1.028447e-02  max|u|=1.803984e-01  max|v|=1.165788e-01  max|w|=1.199363e-01  maxdiv=3.2259e-12  iters=15
[trace] step 1947  <u>=1.028447e-02  max|u|=1.803984e-01  max|v|=1.165788e-01  max|w|=1.199363e-01  maxdiv=3.2238e-12  iters=15
[trace] step 1948  <u>=1.028447e-02  max|u|=1.803984e-01  max|v|=1.165788e-01  max|w|=1.199363e-01  maxdiv=3.2217e-12  iters=15
[trace] step 1949  <u>=1.028447e-02  max|u|=1.803984e-01  max|v|=1.165788e-01  max|w|=1.199363e-01  maxdiv=3.2195e-12  iters=15
[trace] step 1950  <u>=1.028447e-02  max|u|=1.803984e-01  max|v|=1.165788e-01  max|w|=1.199363e-01  maxdiv=3.2174e-12  iters=15
[trace] step 1951  <u>=1.028447e-02  max|u|=1.803984e-01  max|v|=1.165788e-01  max|w|=1.199363e-01  maxdiv=3.2153e-12  iters=15
[trace] step 1952  <u>=1.028447e-02  max|u|=1.803984e-01  max|v|=1.165788e-01  max|w|=1.199363e-01  maxdiv=3.2132e-12  iters=15
[trace] step 1953  <u>=1.028447e-02  max|u|=1.803984e-01  max|v|=1.165788e-01  max|w|=1.199363e-01  maxdiv=3.2111e-12  iters=15
[trace] step 1954  <u>=1.028447e-02  max|u|=1.803984e-01  max|v|=1.165788e-01  max|w|=1.199363e-01  maxdiv=3.2090e-12  iters=15
[trace] step 1955  <u>=1.028447e-02  max|u|=1.803984e-01  max|v|=1.165788e-01  max|w|=1.199363e-01  maxdiv=3.2069e-12  iters=15
[trace] step 1956  <u>=1.028447e-02  max|u|=1.803984e-01  max|v|=1.165788e-01  max|w|=1.199363e-01  maxdiv=3.2048e-12  iters=15
[trace] step 1957  <u>=1.028447e-02  max|u|=1.803984e-01  max|v|=1.165788e-01  max|w|=1.199363e-01  maxdiv=3.2027e-12  iters=15
[trace] step 1958  <u>=1.028447e-02  max|u|=1.803984e-01  max|v|=1.165788e-01  max|w|=1.199363e-01  maxdiv=3.2006e-12  iters=15
[trace] step 1959  <u>=1.028447e-02  max|u|=1.803984e-01  max|v|=1.165788e-01  max|w|=1.199363e-01  maxdiv=3.1985e-12  iters=15
[trace] step 1960  <u>=1.028447e-02  max|u|=1.803984e-01  max|v|=1.165788e-01  max|w|=1.199363e-01  maxdiv=3.1964e-12  iters=15
[trace] step 1961  <u>=1.028447e-02  max|u|=1.803984e-01  max|v|=1.165788e-01  max|w|=1.199363e-01  maxdiv=3.1943e-12  iters=15
[trace] step 1962  <u>=1.028447e-02  max|u|=1.803984e-01  max|v|=1.165788e-01  max|w|=1.199363e-01  maxdiv=3.1922e-12  iters=15
[trace] step 1963  <u>=1.028447e-02  max|u|=1.803984e-01  max|v|=1.165788e-01  max|w|=1.199363e-01  maxdiv=3.1901e-12  iters=15
[trace] step 1964  <u>=1.028447e-02  max|u|=1.803984e-01  max|v|=1.165788e-01  max|w|=1.199363e-01  maxdiv=3.1880e-12  iters=15
[trace] step 1965  <u>=1.028447e-02  max|u|=1.803984e-01  max|v|=1.165788e-01  max|w|=1.199363e-01  maxdiv=3.1859e-12  iters=15
[trace] step 1966  <u>=1.028447e-02  max|u|=1.803984e-01  max|v|=1.165788e-01  max|w|=1.199363e-01  maxdiv=3.1838e-12  iters=15
[trace] step 1967  <u>=1.028447e-02  max|u|=1.803984e-01  max|v|=1.165788e-01  max|w|=1.199363e-01  maxdiv=3.1817e-12  iters=15
[trace] step 1968  <u>=1.028447e-02  max|u|=1.803984e-01  max|v|=1.165788e-01  max|w|=1.199363e-01  maxdiv=3.1796e-12  iters=15
[trace] step 1969  <u>=1.028447e-02  max|u|=1.803984e-01  max|v|=1.165788e-01  max|w|=1.199363e-01  maxdiv=3.1776e-12  iters=15
[trace] step 1970  <u>=1.028447e-02  max|u|=1.803984e-01  max|v|=1.165788e-01  max|w|=1.199363e-01  maxdiv=3.1755e-12  iters=15
[trace] step 1971  <u>=1.028447e-02  max|u|=1.803984e-01  max|v|=1.165788e-01  max|w|=1.199363e-01  maxdiv=3.1734e-12  iters=15
[trace] step 1972  <u>=1.028447e-02  max|u|=1.803984e-01  max|v|=1.165788e-01  max|w|=1.199363e-01  maxdiv=3.1713e-12  iters=15
[trace] step 1973  <u>=1.028447e-02  max|u|=1.803984e-01  max|v|=1.165788e-01  max|w|=1.199363e-01  maxdiv=3.1692e-12  iters=15
[trace] step 1974  <u>=1.028447e-02  max|u|=1.803984e-01  max|v|=1.165788e-01  max|w|=1.199363e-01  maxdiv=3.1672e-12  iters=15
[trace] step 1975  <u>=1.028447e-02  max|u|=1.803984e-01  max|v|=1.165788e-01  max|w|=1.199363e-01  maxdiv=3.1651e-12  iters=15
[trace] step 1976  <u>=1.028447e-02  max|u|=1.803984e-01  max|v|=1.165788e-01  max|w|=1.199363e-01  maxdiv=3.1630e-12  iters=15
[trace] step 1977  <u>=1.028447e-02  max|u|=1.803984e-01  max|v|=1.165788e-01  max|w|=1.199363e-01  maxdiv=3.1609e-12  iters=15
[trace] step 1978  <u>=1.028447e-02  max|u|=1.803984e-01  max|v|=1.165788e-01  max|w|=1.199363e-01  maxdiv=3.1589e-12  iters=15
[trace] step 1979  <u>=1.028447e-02  max|u|=1.803984e-01  max|v|=1.165788e-01  max|w|=1.199363e-01  maxdiv=3.1568e-12  iters=15
[trace] step 1980  <u>=1.028447e-02  max|u|=1.803984e-01  max|v|=1.165788e-01  max|w|=1.199363e-01  maxdiv=3.1547e-12  iters=15
[trace] step 1981  <u>=1.028447e-02  max|u|=1.803984e-01  max|v|=1.165788e-01  max|w|=1.199363e-01  maxdiv=3.1527e-12  iters=15
[trace] step 1982  <u>=1.028447e-02  max|u|=1.803984e-01  max|v|=1.165788e-01  max|w|=1.199363e-01  maxdiv=3.1506e-12  iters=15
[trace] step 1983  <u>=1.028447e-02  max|u|=1.803984e-01  max|v|=1.165788e-01  max|w|=1.199363e-01  maxdiv=3.1485e-12  iters=15
[trace] step 1984  <u>=1.028447e-02  max|u|=1.803984e-01  max|v|=1.165788e-01  max|w|=1.199363e-01  maxdiv=3.1465e-12  iters=15
[trace] step 1985  <u>=1.028447e-02  max|u|=1.803984e-01  max|v|=1.165788e-01  max|w|=1.199363e-01  maxdiv=3.1444e-12  iters=15
[trace] step 1986  <u>=1.028447e-02  max|u|=1.803984e-01  max|v|=1.165788e-01  max|w|=1.199363e-01  maxdiv=3.1424e-12  iters=15
[trace] step 1987  <u>=1.028447e-02  max|u|=1.803984e-01  max|v|=1.165788e-01  max|w|=1.199363e-01  maxdiv=3.1403e-12  iters=15
[trace] step 1988  <u>=1.028447e-02  max|u|=1.803984e-01  max|v|=1.165788e-01  max|w|=1.199363e-01  maxdiv=3.1383e-12  iters=15
[trace] step 1989  <u>=1.028447e-02  max|u|=1.803984e-01  max|v|=1.165788e-01  max|w|=1.199363e-01  maxdiv=3.1362e-12  iters=15
[trace] step 1990  <u>=1.028447e-02  max|u|=1.803984e-01  max|v|=1.165788e-01  max|w|=1.199363e-01  maxdiv=3.1341e-12  iters=15
[trace] step 1991  <u>=1.028447e-02  max|u|=1.803984e-01  max|v|=1.165788e-01  max|w|=1.199363e-01  maxdiv=3.1321e-12  iters=15
[trace] step 1992  <u>=1.028447e-02  max|u|=1.803984e-01  max|v|=1.165788e-01  max|w|=1.199363e-01  maxdiv=3.1300e-12  iters=15
[trace] step 1993  <u>=1.028447e-02  max|u|=1.803984e-01  max|v|=1.165788e-01  max|w|=1.199363e-01  maxdiv=3.1280e-12  iters=15
[trace] step 1994  <u>=1.028447e-02  max|u|=1.803984e-01  max|v|=1.165788e-01  max|w|=1.199363e-01  maxdiv=3.1260e-12  iters=15
[trace] step 1995  <u>=1.028447e-02  max|u|=1.803984e-01  max|v|=1.165788e-01  max|w|=1.199363e-01  maxdiv=3.1239e-12  iters=15
[trace] step 1996  <u>=1.028447e-02  max|u|=1.803984e-01  max|v|=1.165788e-01  max|w|=1.199363e-01  maxdiv=3.1219e-12  iters=15
[trace] step 1997  <u>=1.028447e-02  max|u|=1.803984e-01  max|v|=1.165788e-01  max|w|=1.199363e-01  maxdiv=3.1198e-12  iters=15
[trace] step 1998  <u>=1.028447e-02  max|u|=1.803984e-01  max|v|=1.165788e-01  max|w|=1.199363e-01  maxdiv=3.1178e-12  iters=15
[trace] step 1999  <u>=1.028447e-02  max|u|=1.803984e-01  max|v|=1.165788e-01  max|w|=1.199363e-01  maxdiv=3.1157e-12  iters=15
[trace] step 2000  <u>=1.028447e-02  max|u|=1.803984e-01  max|v|=1.165788e-01  max|w|=1.199363e-01  maxdiv=3.1137e-12  iters=15
[trace] step 2001  <u>=1.028447e-02  max|u|=1.803984e-01  max|v|=1.165788e-01  max|w|=1.199363e-01  maxdiv=3.1117e-12  iters=15
[trace] step 2002  <u>=1.028447e-02  max|u|=1.803984e-01  max|v|=1.165788e-01  max|w|=1.199363e-01  maxdiv=3.1096e-12  iters=15
[trace] step 2003  <u>=1.028447e-02  max|u|=1.803984e-01  max|v|=1.165788e-01  max|w|=1.199363e-01  maxdiv=3.1076e-12  iters=15
[trace] step 2004  <u>=1.028447e-02  max|u|=1.803984e-01  max|v|=1.165788e-01  max|w|=1.199363e-01  maxdiv=3.1056e-12  iters=15
[trace] step 2005  <u>=1.028447e-02  max|u|=1.803984e-01  max|v|=1.165788e-01  max|w|=1.199363e-01  maxdiv=3.1035e-12  iters=15
[trace] step 2006  <u>=1.028447e-02  max|u|=1.803984e-01  max|v|=1.165788e-01  max|w|=1.199363e-01  maxdiv=3.1015e-12  iters=15
[trace] step 2007  <u>=1.028447e-02  max|u|=1.803984e-01  max|v|=1.165788e-01  max|w|=1.199363e-01  maxdiv=3.0995e-12  iters=15
[trace] step 2008  <u>=1.028447e-02  max|u|=1.803984e-01  max|v|=1.165788e-01  max|w|=1.199363e-01  maxdiv=3.0975e-12  iters=15
[trace] step 2009  <u>=1.028447e-02  max|u|=1.803984e-01  max|v|=1.165788e-01  max|w|=1.199363e-01  maxdiv=3.0954e-12  iters=15
[trace] step 2010  <u>=1.028447e-02  max|u|=1.803984e-01  max|v|=1.165788e-01  max|w|=1.199363e-01  maxdiv=3.0934e-12  iters=15
[trace] step 2011  <u>=1.028447e-02  max|u|=1.803984e-01  max|v|=1.165788e-01  max|w|=1.199363e-01  maxdiv=3.0914e-12  iters=15
[trace] step 2012  <u>=1.028447e-02  max|u|=1.803984e-01  max|v|=1.165788e-01  max|w|=1.199363e-01  maxdiv=3.0894e-12  iters=15
[trace] step 2013  <u>=1.028447e-02  max|u|=1.803984e-01  max|v|=1.165788e-01  max|w|=1.199363e-01  maxdiv=3.0874e-12  iters=15
[trace] step 2014  <u>=1.028447e-02  max|u|=1.803984e-01  max|v|=1.165788e-01  max|w|=1.199363e-01  maxdiv=3.0853e-12  iters=15
[trace] step 2015  <u>=1.028447e-02  max|u|=1.803984e-01  max|v|=1.165788e-01  max|w|=1.199363e-01  maxdiv=3.0833e-12  iters=15
[trace] step 2016  <u>=1.028447e-02  max|u|=1.803984e-01  max|v|=1.165788e-01  max|w|=1.199363e-01  maxdiv=3.0813e-12  iters=15
[trace] step 2017  <u>=1.028447e-02  max|u|=1.803984e-01  max|v|=1.165788e-01  max|w|=1.199363e-01  maxdiv=3.0793e-12  iters=15
[trace] step 2018  <u>=1.028447e-02  max|u|=1.803984e-01  max|v|=1.165788e-01  max|w|=1.199363e-01  maxdiv=3.0773e-12  iters=15
[trace] step 2019  <u>=1.028447e-02  max|u|=1.803984e-01  max|v|=1.165788e-01  max|w|=1.199363e-01  maxdiv=3.0753e-12  iters=15
[trace] step 2020  <u>=1.028447e-02  max|u|=1.803984e-01  max|v|=1.165788e-01  max|w|=1.199363e-01  maxdiv=3.0733e-12  iters=15
[trace] step 2021  <u>=1.028447e-02  max|u|=1.803984e-01  max|v|=1.165788e-01  max|w|=1.199363e-01  maxdiv=3.0713e-12  iters=15
[trace] step 2022  <u>=1.028447e-02  max|u|=1.803984e-01  max|v|=1.165788e-01  max|w|=1.199363e-01  maxdiv=3.0693e-12  iters=15
[trace] step 2023  <u>=1.028447e-02  max|u|=1.803984e-01  max|v|=1.165788e-01  max|w|=1.199363e-01  maxdiv=3.0673e-12  iters=15
[trace] step 2024  <u>=1.028447e-02  max|u|=1.803984e-01  max|v|=1.165788e-01  max|w|=1.199363e-01  maxdiv=3.0653e-12  iters=15
[trace] step 2025  <u>=1.028447e-02  max|u|=1.803984e-01  max|v|=1.165788e-01  max|w|=1.199363e-01  maxdiv=3.0633e-12  iters=15
[trace] step 2026  <u>=1.028447e-02  max|u|=1.803984e-01  max|v|=1.165788e-01  max|w|=1.199363e-01  maxdiv=3.0613e-12  iters=15
[trace] step 2027  <u>=1.028447e-02  max|u|=1.803984e-01  max|v|=1.165788e-01  max|w|=1.199363e-01  maxdiv=3.0593e-12  iters=15
[trace] step 2028  <u>=1.028447e-02  max|u|=1.803984e-01  max|v|=1.165788e-01  max|w|=1.199363e-01  maxdiv=3.0573e-12  iters=15
[trace] step 2029  <u>=1.028447e-02  max|u|=1.803984e-01  max|v|=1.165788e-01  max|w|=1.199363e-01  maxdiv=3.0553e-12  iters=15
[trace] step 2030  <u>=1.028447e-02  max|u|=1.803984e-01  max|v|=1.165788e-01  max|w|=1.199363e-01  maxdiv=3.0533e-12  iters=15
[trace] step 2031  <u>=1.028447e-02  max|u|=1.803984e-01  max|v|=1.165788e-01  max|w|=1.199363e-01  maxdiv=3.0513e-12  iters=15
[trace] step 2032  <u>=1.028447e-02  max|u|=1.803984e-01  max|v|=1.165788e-01  max|w|=1.199363e-01  maxdiv=3.0493e-12  iters=15
[trace] step 2033  <u>=1.028447e-02  max|u|=1.803984e-01  max|v|=1.165788e-01  max|w|=1.199363e-01  maxdiv=3.0473e-12  iters=15
[trace] step 2034  <u>=1.028447e-02  max|u|=1.803984e-01  max|v|=1.165788e-01  max|w|=1.199363e-01  maxdiv=3.0453e-12  iters=15
[trace] step 2035  <u>=1.028447e-02  max|u|=1.803984e-01  max|v|=1.165788e-01  max|w|=1.199363e-01  maxdiv=3.0433e-12  iters=15
[trace] step 2036  <u>=1.028447e-02  max|u|=1.803984e-01  max|v|=1.165788e-01  max|w|=1.199363e-01  maxdiv=3.0414e-12  iters=15
[trace] step 2037  <u>=1.028447e-02  max|u|=1.803984e-01  max|v|=1.165788e-01  max|w|=1.199363e-01  maxdiv=3.0394e-12  iters=15
[trace] step 2038  <u>=1.028447e-02  max|u|=1.803984e-01  max|v|=1.165788e-01  max|w|=1.199363e-01  maxdiv=3.0374e-12  iters=15
[trace] step 2039  <u>=1.028447e-02  max|u|=1.803984e-01  max|v|=1.165788e-01  max|w|=1.199363e-01  maxdiv=3.0354e-12  iters=15
[trace] step 2040  <u>=1.028447e-02  max|u|=1.803984e-01  max|v|=1.165788e-01  max|w|=1.199363e-01  maxdiv=3.0334e-12  iters=15
[trace] step 2041  <u>=1.028447e-02  max|u|=1.803984e-01  max|v|=1.165788e-01  max|w|=1.199363e-01  maxdiv=3.0315e-12  iters=15
[trace] step 2042  <u>=1.028447e-02  max|u|=1.803984e-01  max|v|=1.165788e-01  max|w|=1.199363e-01  maxdiv=3.0295e-12  iters=15
[trace] step 2043  <u>=1.028447e-02  max|u|=1.803984e-01  max|v|=1.165788e-01  max|w|=1.199363e-01  maxdiv=3.0275e-12  iters=15
[trace] step 2044  <u>=1.028447e-02  max|u|=1.803984e-01  max|v|=1.165788e-01  max|w|=1.199363e-01  maxdiv=3.0255e-12  iters=15
[trace] step 2045  <u>=1.028447e-02  max|u|=1.803984e-01  max|v|=1.165788e-01  max|w|=1.199363e-01  maxdiv=3.0236e-12  iters=15
[trace] step 2046  <u>=1.028447e-02  max|u|=1.803984e-01  max|v|=1.165788e-01  max|w|=1.199363e-01  maxdiv=3.0216e-12  iters=15
[trace] step 2047  <u>=1.028447e-02  max|u|=1.803984e-01  max|v|=1.165788e-01  max|w|=1.199363e-01  maxdiv=3.0196e-12  iters=15
[trace] step 2048  <u>=1.028447e-02  max|u|=1.803984e-01  max|v|=1.165788e-01  max|w|=1.199363e-01  maxdiv=3.0177e-12  iters=15
[trace] step 2049  <u>=1.028447e-02  max|u|=1.803984e-01  max|v|=1.165788e-01  max|w|=1.199363e-01  maxdiv=3.0157e-12  iters=15
[trace] step 2050  <u>=1.028447e-02  max|u|=1.803984e-01  max|v|=1.165788e-01  max|w|=1.199363e-01  maxdiv=3.0137e-12  iters=15
[trace] step 2051  <u>=1.028447e-02  max|u|=1.803984e-01  max|v|=1.165788e-01  max|w|=1.199363e-01  maxdiv=3.0118e-12  iters=15
[trace] step 2052  <u>=1.028447e-02  max|u|=1.803984e-01  max|v|=1.165788e-01  max|w|=1.199363e-01  maxdiv=3.0098e-12  iters=15
[trace] step 2053  <u>=1.028447e-02  max|u|=1.803984e-01  max|v|=1.165788e-01  max|w|=1.199363e-01  maxdiv=3.0078e-12  iters=15
[trace] step 2054  <u>=1.028447e-02  max|u|=1.803984e-01  max|v|=1.165788e-01  max|w|=1.199363e-01  maxdiv=3.0059e-12  iters=15
[trace] step 2055  <u>=1.028447e-02  max|u|=1.803984e-01  max|v|=1.165788e-01  max|w|=1.199363e-01  maxdiv=3.0039e-12  iters=15
[trace] step 2056  <u>=1.028447e-02  max|u|=1.803984e-01  max|v|=1.165788e-01  max|w|=1.199363e-01  maxdiv=3.0020e-12  iters=15
[trace] step 2057  <u>=1.028447e-02  max|u|=1.803984e-01  max|v|=1.165788e-01  max|w|=1.199363e-01  maxdiv=3.0000e-12  iters=15
[trace] step 2058  <u>=1.028447e-02  max|u|=1.803984e-01  max|v|=1.165788e-01  max|w|=1.199363e-01  maxdiv=2.9981e-12  iters=15
[trace] step 2059  <u>=1.028447e-02  max|u|=1.803984e-01  max|v|=1.165788e-01  max|w|=1.199363e-01  maxdiv=2.9961e-12  iters=15
[trace] step 2060  <u>=1.028447e-02  max|u|=1.803984e-01  max|v|=1.165788e-01  max|w|=1.199363e-01  maxdiv=2.9942e-12  iters=15
[trace] step 2061  <u>=1.028447e-02  max|u|=1.803984e-01  max|v|=1.165788e-01  max|w|=1.199363e-01  maxdiv=2.9922e-12  iters=15
[trace] step 2062  <u>=1.028447e-02  max|u|=1.803984e-01  max|v|=1.165788e-01  max|w|=1.199363e-01  maxdiv=2.9903e-12  iters=15
[trace] step 2063  <u>=1.028447e-02  max|u|=1.803984e-01  max|v|=1.165788e-01  max|w|=1.199363e-01  maxdiv=2.9883e-12  iters=15
[trace] step 2064  <u>=1.028447e-02  max|u|=1.803984e-01  max|v|=1.165788e-01  max|w|=1.199363e-01  maxdiv=2.9864e-12  iters=15
[trace] step 2065  <u>=1.028447e-02  max|u|=1.803984e-01  max|v|=1.165788e-01  max|w|=1.199363e-01  maxdiv=2.9844e-12  iters=15
[trace] step 2066  <u>=1.028447e-02  max|u|=1.803984e-01  max|v|=1.165788e-01  max|w|=1.199363e-01  maxdiv=2.9825e-12  iters=15
[trace] step 2067  <u>=1.028447e-02  max|u|=1.803984e-01  max|v|=1.165788e-01  max|w|=1.199363e-01  maxdiv=2.9806e-12  iters=15
[trace] step 2068  <u>=1.028447e-02  max|u|=1.803984e-01  max|v|=1.165788e-01  max|w|=1.199363e-01  maxdiv=2.9786e-12  iters=15
[trace] step 2069  <u>=1.028447e-02  max|u|=1.803984e-01  max|v|=1.165788e-01  max|w|=1.199363e-01  maxdiv=2.9767e-12  iters=15
[trace] step 2070  <u>=1.028447e-02  max|u|=1.803984e-01  max|v|=1.165788e-01  max|w|=1.199363e-01  maxdiv=2.9747e-12  iters=15
[trace] step 2071  <u>=1.028447e-02  max|u|=1.803984e-01  max|v|=1.165788e-01  max|w|=1.199363e-01  maxdiv=2.9728e-12  iters=15
[trace] step 2072  <u>=1.028447e-02  max|u|=1.803984e-01  max|v|=1.165788e-01  max|w|=1.199363e-01  maxdiv=2.9709e-12  iters=15
[trace] step 2073  <u>=1.028447e-02  max|u|=1.803984e-01  max|v|=1.165788e-01  max|w|=1.199363e-01  maxdiv=2.9690e-12  iters=15
[trace] step 2074  <u>=1.028447e-02  max|u|=1.803984e-01  max|v|=1.165788e-01  max|w|=1.199363e-01  maxdiv=2.9670e-12  iters=15
[trace] step 2075  <u>=1.028447e-02  max|u|=1.803984e-01  max|v|=1.165788e-01  max|w|=1.199363e-01  maxdiv=2.9651e-12  iters=15
[trace] step 2076  <u>=1.028447e-02  max|u|=1.803984e-01  max|v|=1.165788e-01  max|w|=1.199363e-01  maxdiv=2.9632e-12  iters=15
[trace] step 2077  <u>=1.028447e-02  max|u|=1.803984e-01  max|v|=1.165788e-01  max|w|=1.199363e-01  maxdiv=2.9612e-12  iters=15
[trace] step 2078  <u>=1.028447e-02  max|u|=1.803984e-01  max|v|=1.165788e-01  max|w|=1.199363e-01  maxdiv=2.9593e-12  iters=15
[trace] step 2079  <u>=1.028447e-02  max|u|=1.803984e-01  max|v|=1.165788e-01  max|w|=1.199363e-01  maxdiv=2.9574e-12  iters=15
[trace] step 2080  <u>=1.028447e-02  max|u|=1.803984e-01  max|v|=1.165788e-01  max|w|=1.199363e-01  maxdiv=2.9555e-12  iters=15
[trace] step 2081  <u>=1.028447e-02  max|u|=1.803984e-01  max|v|=1.165788e-01  max|w|=1.199363e-01  maxdiv=2.9535e-12  iters=15
[trace] step 2082  <u>=1.028447e-02  max|u|=1.803984e-01  max|v|=1.165788e-01  max|w|=1.199363e-01  maxdiv=2.9516e-12  iters=15
[trace] step 2083  <u>=1.028447e-02  max|u|=1.803984e-01  max|v|=1.165788e-01  max|w|=1.199363e-01  maxdiv=2.9497e-12  iters=15
[trace] step 2084  <u>=1.028447e-02  max|u|=1.803984e-01  max|v|=1.165788e-01  max|w|=1.199363e-01  maxdiv=2.9478e-12  iters=15
[trace] step 2085  <u>=1.028447e-02  max|u|=1.803984e-01  max|v|=1.165788e-01  max|w|=1.199363e-01  maxdiv=2.9459e-12  iters=15
[trace] step 2086  <u>=1.028447e-02  max|u|=1.803984e-01  max|v|=1.165788e-01  max|w|=1.199363e-01  maxdiv=2.9440e-12  iters=15
[trace] step 2087  <u>=1.028447e-02  max|u|=1.803984e-01  max|v|=1.165788e-01  max|w|=1.199363e-01  maxdiv=2.9421e-12  iters=15
[trace] step 2088  <u>=1.028447e-02  max|u|=1.803984e-01  max|v|=1.165788e-01  max|w|=1.199363e-01  maxdiv=2.9401e-12  iters=15
[trace] step 2089  <u>=1.028447e-02  max|u|=1.803984e-01  max|v|=1.165788e-01  max|w|=1.199363e-01  maxdiv=2.9382e-12  iters=15
[trace] step 2090  <u>=1.028447e-02  max|u|=1.803984e-01  max|v|=1.165788e-01  max|w|=1.199363e-01  maxdiv=2.9363e-12  iters=15
[trace] step 2091  <u>=1.028447e-02  max|u|=1.803984e-01  max|v|=1.165788e-01  max|w|=1.199363e-01  maxdiv=2.9344e-12  iters=15
[trace] step 2092  <u>=1.028447e-02  max|u|=1.803984e-01  max|v|=1.165788e-01  max|w|=1.199363e-01  maxdiv=2.9325e-12  iters=15
[trace] step 2093  <u>=1.028447e-02  max|u|=1.803984e-01  max|v|=1.165788e-01  max|w|=1.199363e-01  maxdiv=2.9306e-12  iters=15
[trace] step 2094  <u>=1.028447e-02  max|u|=1.803984e-01  max|v|=1.165788e-01  max|w|=1.199363e-01  maxdiv=2.9287e-12  iters=15
[trace] step 2095  <u>=1.028447e-02  max|u|=1.803984e-01  max|v|=1.165788e-01  max|w|=1.199363e-01  maxdiv=2.9268e-12  iters=15
[trace] step 2096  <u>=1.028447e-02  max|u|=1.803984e-01  max|v|=1.165788e-01  max|w|=1.199363e-01  maxdiv=2.9249e-12  iters=15
[trace] step 2097  <u>=1.028447e-02  max|u|=1.803984e-01  max|v|=1.165788e-01  max|w|=1.199363e-01  maxdiv=2.9230e-12  iters=15
[trace] step 2098  <u>=1.028447e-02  max|u|=1.803984e-01  max|v|=1.165788e-01  max|w|=1.199363e-01  maxdiv=2.9211e-12  iters=15
[trace] step 2099  <u>=1.028447e-02  max|u|=1.803984e-01  max|v|=1.165788e-01  max|w|=1.199363e-01  maxdiv=2.9192e-12  iters=15
[trace] step 2100  <u>=1.028447e-02  max|u|=1.803984e-01  max|v|=1.165788e-01  max|w|=1.199363e-01  maxdiv=2.9173e-12  iters=15
[trace] step 2101  <u>=1.028447e-02  max|u|=1.803984e-01  max|v|=1.165788e-01  max|w|=1.199363e-01  maxdiv=2.9154e-12  iters=15
[trace] step 2102  <u>=1.028447e-02  max|u|=1.803984e-01  max|v|=1.165788e-01  max|w|=1.199363e-01  maxdiv=2.9135e-12  iters=15
[trace] step 2103  <u>=1.028447e-02  max|u|=1.803984e-01  max|v|=1.165788e-01  max|w|=1.199363e-01  maxdiv=2.9116e-12  iters=15
[trace] step 2104  <u>=1.028447e-02  max|u|=1.803984e-01  max|v|=1.165788e-01  max|w|=1.199363e-01  maxdiv=2.9098e-12  iters=15
[trace] step 2105  <u>=1.028447e-02  max|u|=1.803984e-01  max|v|=1.165788e-01  max|w|=1.199363e-01  maxdiv=2.9079e-12  iters=15
[trace] step 2106  <u>=1.028447e-02  max|u|=1.803984e-01  max|v|=1.165788e-01  max|w|=1.199363e-01  maxdiv=2.9060e-12  iters=15
[trace] step 2107  <u>=1.028447e-02  max|u|=1.803984e-01  max|v|=1.165788e-01  max|w|=1.199363e-01  maxdiv=2.9041e-12  iters=15
[trace] step 2108  <u>=1.028447e-02  max|u|=1.803984e-01  max|v|=1.165788e-01  max|w|=1.199363e-01  maxdiv=2.9022e-12  iters=15
[trace] step 2109  <u>=1.028447e-02  max|u|=1.803984e-01  max|v|=1.165788e-01  max|w|=1.199363e-01  maxdiv=2.9003e-12  iters=15
[trace] step 2110  <u>=1.028447e-02  max|u|=1.803984e-01  max|v|=1.165788e-01  max|w|=1.199363e-01  maxdiv=2.8985e-12  iters=15
[trace] step 2111  <u>=1.028447e-02  max|u|=1.803984e-01  max|v|=1.165788e-01  max|w|=1.199363e-01  maxdiv=2.8966e-12  iters=15
[trace] step 2112  <u>=1.028447e-02  max|u|=1.803984e-01  max|v|=1.165788e-01  max|w|=1.199363e-01  maxdiv=2.8947e-12  iters=15
[trace] step 2113  <u>=1.028447e-02  max|u|=1.803984e-01  max|v|=1.165788e-01  max|w|=1.199363e-01  maxdiv=2.8928e-12  iters=15
[trace] step 2114  <u>=1.028447e-02  max|u|=1.803984e-01  max|v|=1.165788e-01  max|w|=1.199363e-01  maxdiv=2.8909e-12  iters=15
[trace] step 2115  <u>=1.028447e-02  max|u|=1.803984e-01  max|v|=1.165788e-01  max|w|=1.199363e-01  maxdiv=2.8891e-12  iters=15
[trace] step 2116  <u>=1.028447e-02  max|u|=1.803984e-01  max|v|=1.165788e-01  max|w|=1.199363e-01  maxdiv=2.8872e-12  iters=15
[trace] step 2117  <u>=1.028447e-02  max|u|=1.803984e-01  max|v|=1.165788e-01  max|w|=1.199363e-01  maxdiv=2.8853e-12  iters=15
[trace] step 2118  <u>=1.028447e-02  max|u|=1.803984e-01  max|v|=1.165788e-01  max|w|=1.199363e-01  maxdiv=2.8835e-12  iters=15
[trace] step 2119  <u>=1.028447e-02  max|u|=1.803984e-01  max|v|=1.165788e-01  max|w|=1.199363e-01  maxdiv=2.8816e-12  iters=15
[trace] step 2120  <u>=1.028447e-02  max|u|=1.803984e-01  max|v|=1.165788e-01  max|w|=1.199363e-01  maxdiv=2.8797e-12  iters=15
[trace] step 2121  <u>=1.028447e-02  max|u|=1.803984e-01  max|v|=1.165788e-01  max|w|=1.199363e-01  maxdiv=2.8779e-12  iters=15
[trace] step 2122  <u>=1.028447e-02  max|u|=1.803984e-01  max|v|=1.165788e-01  max|w|=1.199363e-01  maxdiv=2.8760e-12  iters=15
[trace] step 2123  <u>=1.028447e-02  max|u|=1.803984e-01  max|v|=1.165788e-01  max|w|=1.199363e-01  maxdiv=2.8741e-12  iters=15
[trace] step 2124  <u>=1.028447e-02  max|u|=1.803984e-01  max|v|=1.165788e-01  max|w|=1.199363e-01  maxdiv=2.8723e-12  iters=15
[trace] step 2125  <u>=1.028447e-02  max|u|=1.803984e-01  max|v|=1.165788e-01  max|w|=1.199363e-01  maxdiv=2.8704e-12  iters=15
[trace] step 2126  <u>=1.028447e-02  max|u|=1.803984e-01  max|v|=1.165788e-01  max|w|=1.199363e-01  maxdiv=2.8685e-12  iters=15
[trace] step 2127  <u>=1.028447e-02  max|u|=1.803984e-01  max|v|=1.165788e-01  max|w|=1.199363e-01  maxdiv=2.8667e-12  iters=15
[trace] step 2128  <u>=1.028447e-02  max|u|=1.803984e-01  max|v|=1.165788e-01  max|w|=1.199363e-01  maxdiv=2.8648e-12  iters=15
[trace] step 2129  <u>=1.028447e-02  max|u|=1.803984e-01  max|v|=1.165788e-01  max|w|=1.199363e-01  maxdiv=2.8630e-12  iters=15
[trace] step 2130  <u>=1.028447e-02  max|u|=1.803984e-01  max|v|=1.165788e-01  max|w|=1.199363e-01  maxdiv=2.8611e-12  iters=15
[trace] step 2131  <u>=1.028447e-02  max|u|=1.803984e-01  max|v|=1.165788e-01  max|w|=1.199363e-01  maxdiv=2.8593e-12  iters=15
[trace] step 2132  <u>=1.028447e-02  max|u|=1.803984e-01  max|v|=1.165788e-01  max|w|=1.199363e-01  maxdiv=2.8574e-12  iters=15
[trace] step 2133  <u>=1.028447e-02  max|u|=1.803984e-01  max|v|=1.165788e-01  max|w|=1.199363e-01  maxdiv=2.8556e-12  iters=15
[trace] step 2134  <u>=1.028447e-02  max|u|=1.803984e-01  max|v|=1.165788e-01  max|w|=1.199363e-01  maxdiv=2.8537e-12  iters=15
[trace] step 2135  <u>=1.028447e-02  max|u|=1.803984e-01  max|v|=1.165788e-01  max|w|=1.199363e-01  maxdiv=2.8519e-12  iters=15
[trace] step 2136  <u>=1.028447e-02  max|u|=1.803984e-01  max|v|=1.165788e-01  max|w|=1.199363e-01  maxdiv=2.8500e-12  iters=15
[trace] step 2137  <u>=1.028447e-02  max|u|=1.803984e-01  max|v|=1.165788e-01  max|w|=1.199363e-01  maxdiv=2.8482e-12  iters=15
[trace] step 2138  <u>=1.028447e-02  max|u|=1.803984e-01  max|v|=1.165788e-01  max|w|=1.199363e-01  maxdiv=2.8463e-12  iters=15
[trace] step 2139  <u>=1.028447e-02  max|u|=1.803984e-01  max|v|=1.165788e-01  max|w|=1.199363e-01  maxdiv=2.8445e-12  iters=15
[trace] step 2140  <u>=1.028447e-02  max|u|=1.803984e-01  max|v|=1.165788e-01  max|w|=1.199363e-01  maxdiv=2.8427e-12  iters=15
[trace] step 2141  <u>=1.028447e-02  max|u|=1.803984e-01  max|v|=1.165788e-01  max|w|=1.199363e-01  maxdiv=2.8408e-12  iters=15
[trace] step 2142  <u>=1.028447e-02  max|u|=1.803984e-01  max|v|=1.165788e-01  max|w|=1.199363e-01  maxdiv=2.8390e-12  iters=15
[trace] step 2143  <u>=1.028447e-02  max|u|=1.803984e-01  max|v|=1.165788e-01  max|w|=1.199363e-01  maxdiv=2.8371e-12  iters=15
[trace] step 2144  <u>=1.028447e-02  max|u|=1.803984e-01  max|v|=1.165788e-01  max|w|=1.199363e-01  maxdiv=2.8353e-12  iters=15
[trace] step 2145  <u>=1.028447e-02  max|u|=1.803984e-01  max|v|=1.165788e-01  max|w|=1.199363e-01  maxdiv=2.8335e-12  iters=15
[trace] step 2146  <u>=1.028447e-02  max|u|=1.803984e-01  max|v|=1.165788e-01  max|w|=1.199363e-01  maxdiv=2.8316e-12  iters=15
[trace] step 2147  <u>=1.028447e-02  max|u|=1.803984e-01  max|v|=1.165788e-01  max|w|=1.199363e-01  maxdiv=2.8298e-12  iters=15
[trace] step 2148  <u>=1.028447e-02  max|u|=1.803984e-01  max|v|=1.165788e-01  max|w|=1.199363e-01  maxdiv=2.8280e-12  iters=15
[trace] step 2149  <u>=1.028447e-02  max|u|=1.803984e-01  max|v|=1.165788e-01  max|w|=1.199363e-01  maxdiv=2.8261e-12  iters=15
[trace] step 2150  <u>=1.028447e-02  max|u|=1.803984e-01  max|v|=1.165788e-01  max|w|=1.199363e-01  maxdiv=2.8243e-12  iters=15
[trace] step 2151  <u>=1.028447e-02  max|u|=1.803984e-01  max|v|=1.165788e-01  max|w|=1.199363e-01  maxdiv=2.8225e-12  iters=15
[trace] step 2152  <u>=1.028447e-02  max|u|=1.803984e-01  max|v|=1.165788e-01  max|w|=1.199363e-01  maxdiv=2.8207e-12  iters=15
[trace] step 2153  <u>=1.028447e-02  max|u|=1.803984e-01  max|v|=1.165788e-01  max|w|=1.199363e-01  maxdiv=2.8188e-12  iters=15
[trace] step 2154  <u>=1.028447e-02  max|u|=1.803984e-01  max|v|=1.165788e-01  max|w|=1.199363e-01  maxdiv=2.8170e-12  iters=15
[trace] step 2155  <u>=1.028447e-02  max|u|=1.803984e-01  max|v|=1.165788e-01  max|w|=1.199363e-01  maxdiv=2.8152e-12  iters=15
[trace] step 2156  <u>=1.028447e-02  max|u|=1.803984e-01  max|v|=1.165788e-01  max|w|=1.199363e-01  maxdiv=2.8134e-12  iters=15
[trace] step 2157  <u>=1.028447e-02  max|u|=1.803984e-01  max|v|=1.165788e-01  max|w|=1.199363e-01  maxdiv=2.8116e-12  iters=15
[trace] step 2158  <u>=1.028447e-02  max|u|=1.803984e-01  max|v|=1.165788e-01  max|w|=1.199363e-01  maxdiv=2.8097e-12  iters=15
[trace] step 2159  <u>=1.028447e-02  max|u|=1.803984e-01  max|v|=1.165788e-01  max|w|=1.199363e-01  maxdiv=2.8079e-12  iters=15
[trace] step 2160  <u>=1.028447e-02  max|u|=1.803984e-01  max|v|=1.165788e-01  max|w|=1.199363e-01  maxdiv=2.8061e-12  iters=15
[trace] step 2161  <u>=1.028447e-02  max|u|=1.803984e-01  max|v|=1.165788e-01  max|w|=1.199363e-01  maxdiv=2.8043e-12  iters=15
[trace] step 2162  <u>=1.028447e-02  max|u|=1.803984e-01  max|v|=1.165788e-01  max|w|=1.199363e-01  maxdiv=2.8025e-12  iters=15
[trace] step 2163  <u>=1.028447e-02  max|u|=1.803984e-01  max|v|=1.165788e-01  max|w|=1.199363e-01  maxdiv=2.8007e-12  iters=15
[trace] step 2164  <u>=1.028447e-02  max|u|=1.803984e-01  max|v|=1.165788e-01  max|w|=1.199363e-01  maxdiv=2.7989e-12  iters=15
[trace] step 2165  <u>=1.028447e-02  max|u|=1.803984e-01  max|v|=1.165788e-01  max|w|=1.199363e-01  maxdiv=2.7971e-12  iters=15
[trace] step 2166  <u>=1.028447e-02  max|u|=1.803984e-01  max|v|=1.165788e-01  max|w|=1.199363e-01  maxdiv=2.7952e-12  iters=15
[trace] step 2167  <u>=1.028447e-02  max|u|=1.803984e-01  max|v|=1.165788e-01  max|w|=1.199363e-01  maxdiv=2.7934e-12  iters=15
[trace] step 2168  <u>=1.028447e-02  max|u|=1.803984e-01  max|v|=1.165788e-01  max|w|=1.199363e-01  maxdiv=2.7916e-12  iters=15
[trace] step 2169  <u>=1.028447e-02  max|u|=1.803984e-01  max|v|=1.165788e-01  max|w|=1.199363e-01  maxdiv=2.7898e-12  iters=15
[trace] step 2170  <u>=1.028447e-02  max|u|=1.803984e-01  max|v|=1.165788e-01  max|w|=1.199363e-01  maxdiv=2.7880e-12  iters=15
[trace] step 2171  <u>=1.028447e-02  max|u|=1.803984e-01  max|v|=1.165788e-01  max|w|=1.199363e-01  maxdiv=2.7862e-12  iters=15
[trace] step 2172  <u>=1.028447e-02  max|u|=1.803984e-01  max|v|=1.165788e-01  max|w|=1.199363e-01  maxdiv=2.7844e-12  iters=15
[trace] step 2173  <u>=1.028447e-02  max|u|=1.803984e-01  max|v|=1.165788e-01  max|w|=1.199363e-01  maxdiv=2.7826e-12  iters=15
[trace] step 2174  <u>=1.028447e-02  max|u|=1.803984e-01  max|v|=1.165788e-01  max|w|=1.199363e-01  maxdiv=2.7808e-12  iters=15
[trace] step 2175  <u>=1.028447e-02  max|u|=1.803984e-01  max|v|=1.165788e-01  max|w|=1.199363e-01  maxdiv=2.7790e-12  iters=15
[trace] step 2176  <u>=1.028447e-02  max|u|=1.803984e-01  max|v|=1.165788e-01  max|w|=1.199363e-01  maxdiv=2.7772e-12  iters=15
[trace] step 2177  <u>=1.028447e-02  max|u|=1.803984e-01  max|v|=1.165788e-01  max|w|=1.199363e-01  maxdiv=2.7755e-12  iters=15
[trace] step 2178  <u>=1.028447e-02  max|u|=1.803984e-01  max|v|=1.165788e-01  max|w|=1.199363e-01  maxdiv=2.7737e-12  iters=15
[trace] step 2179  <u>=1.028447e-02  max|u|=1.803984e-01  max|v|=1.165788e-01  max|w|=1.199363e-01  maxdiv=2.7719e-12  iters=15
[trace] step 2180  <u>=1.028447e-02  max|u|=1.803984e-01  max|v|=1.165788e-01  max|w|=1.199363e-01  maxdiv=2.7701e-12  iters=15
[trace] step 2181  <u>=1.028447e-02  max|u|=1.803984e-01  max|v|=1.165788e-01  max|w|=1.199363e-01  maxdiv=2.7683e-12  iters=15
[trace] step 2182  <u>=1.028447e-02  max|u|=1.803984e-01  max|v|=1.165788e-01  max|w|=1.199363e-01  maxdiv=2.7665e-12  iters=15
[trace] step 2183  <u>=1.028447e-02  max|u|=1.803984e-01  max|v|=1.165788e-01  max|w|=1.199363e-01  maxdiv=2.7647e-12  iters=15
[trace] step 2184  <u>=1.028447e-02  max|u|=1.803984e-01  max|v|=1.165788e-01  max|w|=1.199363e-01  maxdiv=2.7629e-12  iters=15
[trace] step 2185  <u>=1.028447e-02  max|u|=1.803984e-01  max|v|=1.165788e-01  max|w|=1.199363e-01  maxdiv=2.7612e-12  iters=15
[trace] step 2186  <u>=1.028447e-02  max|u|=1.803984e-01  max|v|=1.165788e-01  max|w|=1.199363e-01  maxdiv=2.7594e-12  iters=15
[trace] step 2187  <u>=1.028447e-02  max|u|=1.803984e-01  max|v|=1.165788e-01  max|w|=1.199363e-01  maxdiv=2.7576e-12  iters=15
[trace] step 2188  <u>=1.028447e-02  max|u|=1.803984e-01  max|v|=1.165788e-01  max|w|=1.199363e-01  maxdiv=2.7558e-12  iters=15
[trace] step 2189  <u>=1.028447e-02  max|u|=1.803984e-01  max|v|=1.165788e-01  max|w|=1.199363e-01  maxdiv=2.7540e-12  iters=15
[trace] step 2190  <u>=1.028447e-02  max|u|=1.803984e-01  max|v|=1.165788e-01  max|w|=1.199363e-01  maxdiv=2.7523e-12  iters=15
[trace] step 2191  <u>=1.028447e-02  max|u|=1.803984e-01  max|v|=1.165788e-01  max|w|=1.199363e-01  maxdiv=2.7505e-12  iters=15
[trace] step 2192  <u>=1.028447e-02  max|u|=1.803984e-01  max|v|=1.165788e-01  max|w|=1.199363e-01  maxdiv=2.7487e-12  iters=15
[trace] step 2193  <u>=1.028447e-02  max|u|=1.803984e-01  max|v|=1.165788e-01  max|w|=1.199363e-01  maxdiv=2.7469e-12  iters=15
[trace] step 2194  <u>=1.028447e-02  max|u|=1.803984e-01  max|v|=1.165788e-01  max|w|=1.199363e-01  maxdiv=2.7452e-12  iters=15
[trace] step 2195  <u>=1.028447e-02  max|u|=1.803984e-01  max|v|=1.165788e-01  max|w|=1.199363e-01  maxdiv=2.7434e-12  iters=15
[trace] step 2196  <u>=1.028447e-02  max|u|=1.803984e-01  max|v|=1.165788e-01  max|w|=1.199363e-01  maxdiv=2.7416e-12  iters=15
[trace] step 2197  <u>=1.028447e-02  max|u|=1.803984e-01  max|v|=1.165788e-01  max|w|=1.199363e-01  maxdiv=2.7399e-12  iters=15
[trace] step 2198  <u>=1.028447e-02  max|u|=1.803984e-01  max|v|=1.165788e-01  max|w|=1.199363e-01  maxdiv=2.7381e-12  iters=15
[trace] step 2199  <u>=1.028447e-02  max|u|=1.803984e-01  max|v|=1.165788e-01  max|w|=1.199363e-01  maxdiv=2.7363e-12  iters=15
[trace] step 2200  <u>=1.028447e-02  max|u|=1.803984e-01  max|v|=1.165788e-01  max|w|=1.199363e-01  maxdiv=2.7346e-12  iters=15
[trace] step 2201  <u>=1.028447e-02  max|u|=1.803984e-01  max|v|=1.165788e-01  max|w|=1.199363e-01  maxdiv=2.7328e-12  iters=15
[trace] step 2202  <u>=1.028447e-02  max|u|=1.803984e-01  max|v|=1.165788e-01  max|w|=1.199363e-01  maxdiv=2.7310e-12  iters=15
[trace] step 2203  <u>=1.028447e-02  max|u|=1.803984e-01  max|v|=1.165788e-01  max|w|=1.199363e-01  maxdiv=2.7293e-12  iters=15
[trace] step 2204  <u>=1.028447e-02  max|u|=1.803984e-01  max|v|=1.165788e-01  max|w|=1.199363e-01  maxdiv=2.7275e-12  iters=15
[trace] step 2205  <u>=1.028447e-02  max|u|=1.803984e-01  max|v|=1.165788e-01  max|w|=1.199363e-01  maxdiv=2.7258e-12  iters=15
[trace] step 2206  <u>=1.028447e-02  max|u|=1.803984e-01  max|v|=1.165788e-01  max|w|=1.199363e-01  maxdiv=2.7240e-12  iters=15
[trace] step 2207  <u>=1.028447e-02  max|u|=1.803984e-01  max|v|=1.165788e-01  max|w|=1.199363e-01  maxdiv=2.7222e-12  iters=15
[trace] step 2208  <u>=1.028447e-02  max|u|=1.803984e-01  max|v|=1.165788e-01  max|w|=1.199363e-01  maxdiv=2.7205e-12  iters=15
[trace] step 2209  <u>=1.028447e-02  max|u|=1.803984e-01  max|v|=1.165788e-01  max|w|=1.199363e-01  maxdiv=2.7187e-12  iters=15
[trace] step 2210  <u>=1.028447e-02  max|u|=1.803984e-01  max|v|=1.165788e-01  max|w|=1.199363e-01  maxdiv=2.7170e-12  iters=15
[trace] step 2211  <u>=1.028447e-02  max|u|=1.803984e-01  max|v|=1.165788e-01  max|w|=1.199363e-01  maxdiv=2.7152e-12  iters=15
[trace] step 2212  <u>=1.028447e-02  max|u|=1.803984e-01  max|v|=1.165788e-01  max|w|=1.199363e-01  maxdiv=2.7135e-12  iters=15
[trace] step 2213  <u>=1.028447e-02  max|u|=1.803984e-01  max|v|=1.165788e-01  max|w|=1.199363e-01  maxdiv=2.7117e-12  iters=15
[trace] step 2214  <u>=1.028447e-02  max|u|=1.803984e-01  max|v|=1.165788e-01  max|w|=1.199363e-01  maxdiv=2.7100e-12  iters=15
[trace] step 2215  <u>=1.028447e-02  max|u|=1.803984e-01  max|v|=1.165788e-01  max|w|=1.199363e-01  maxdiv=2.7082e-12  iters=15
[trace] step 2216  <u>=1.028447e-02  max|u|=1.803984e-01  max|v|=1.165788e-01  max|w|=1.199363e-01  maxdiv=2.7065e-12  iters=15
[trace] step 2217  <u>=1.028447e-02  max|u|=1.803984e-01  max|v|=1.165788e-01  max|w|=1.199363e-01  maxdiv=2.7048e-12  iters=15
[trace] step 2218  <u>=1.028447e-02  max|u|=1.803984e-01  max|v|=1.165788e-01  max|w|=1.199363e-01  maxdiv=2.7030e-12  iters=15
[trace] step 2219  <u>=1.028447e-02  max|u|=1.803984e-01  max|v|=1.165788e-01  max|w|=1.199363e-01  maxdiv=2.7013e-12  iters=15
[trace] step 2220  <u>=1.028447e-02  max|u|=1.803984e-01  max|v|=1.165788e-01  max|w|=1.199363e-01  maxdiv=2.6995e-12  iters=15
[trace] step 2221  <u>=1.028447e-02  max|u|=1.803984e-01  max|v|=1.165788e-01  max|w|=1.199363e-01  maxdiv=2.6978e-12  iters=15
[trace] step 2222  <u>=1.028447e-02  max|u|=1.803984e-01  max|v|=1.165788e-01  max|w|=1.199363e-01  maxdiv=2.6961e-12  iters=15
[trace] step 2223  <u>=1.028447e-02  max|u|=1.803984e-01  max|v|=1.165788e-01  max|w|=1.199363e-01  maxdiv=2.6943e-12  iters=15
[trace] step 2224  <u>=1.028447e-02  max|u|=1.803984e-01  max|v|=1.165788e-01  max|w|=1.199363e-01  maxdiv=2.6926e-12  iters=15
[trace] step 2225  <u>=1.028447e-02  max|u|=1.803984e-01  max|v|=1.165788e-01  max|w|=1.199363e-01  maxdiv=2.6909e-12  iters=15
[trace] step 2226  <u>=1.028447e-02  max|u|=1.803984e-01  max|v|=1.165788e-01  max|w|=1.199363e-01  maxdiv=2.6891e-12  iters=15
[trace] step 2227  <u>=1.028447e-02  max|u|=1.803984e-01  max|v|=1.165788e-01  max|w|=1.199363e-01  maxdiv=2.6874e-12  iters=15
[trace] step 2228  <u>=1.028447e-02  max|u|=1.803984e-01  max|v|=1.165788e-01  max|w|=1.199363e-01  maxdiv=2.6857e-12  iters=15
[trace] step 2229  <u>=1.028447e-02  max|u|=1.803984e-01  max|v|=1.165788e-01  max|w|=1.199363e-01  maxdiv=2.6839e-12  iters=15
[trace] step 2230  <u>=1.028447e-02  max|u|=1.803984e-01  max|v|=1.165788e-01  max|w|=1.199363e-01  maxdiv=2.6822e-12  iters=15
[trace] step 2231  <u>=1.028447e-02  max|u|=1.803984e-01  max|v|=1.165788e-01  max|w|=1.199363e-01  maxdiv=2.6805e-12  iters=15
[trace] step 2232  <u>=1.028447e-02  max|u|=1.803984e-01  max|v|=1.165788e-01  max|w|=1.199363e-01  maxdiv=2.6788e-12  iters=15
[trace] step 2233  <u>=1.028447e-02  max|u|=1.803984e-01  max|v|=1.165788e-01  max|w|=1.199363e-01  maxdiv=2.6770e-12  iters=15
[trace] step 2234  <u>=1.028447e-02  max|u|=1.803984e-01  max|v|=1.165788e-01  max|w|=1.199363e-01  maxdiv=2.6753e-12  iters=15
[trace] step 2235  <u>=1.028447e-02  max|u|=1.803984e-01  max|v|=1.165788e-01  max|w|=1.199363e-01  maxdiv=2.6736e-12  iters=15
[trace] step 2236  <u>=1.028447e-02  max|u|=1.803984e-01  max|v|=1.165788e-01  max|w|=1.199363e-01  maxdiv=2.6719e-12  iters=15
[trace] step 2237  <u>=1.028447e-02  max|u|=1.803984e-01  max|v|=1.165788e-01  max|w|=1.199363e-01  maxdiv=2.6702e-12  iters=15
[trace] step 2238  <u>=1.028447e-02  max|u|=1.803984e-01  max|v|=1.165788e-01  max|w|=1.199363e-01  maxdiv=2.6684e-12  iters=15
[trace] step 2239  <u>=1.028447e-02  max|u|=1.803984e-01  max|v|=1.165788e-01  max|w|=1.199363e-01  maxdiv=2.6667e-12  iters=15
[trace] step 2240  <u>=1.028447e-02  max|u|=1.803984e-01  max|v|=1.165788e-01  max|w|=1.199363e-01  maxdiv=2.6650e-12  iters=15
[trace] step 2241  <u>=1.028447e-02  max|u|=1.803984e-01  max|v|=1.165788e-01  max|w|=1.199363e-01  maxdiv=2.6633e-12  iters=15
[trace] step 2242  <u>=1.028447e-02  max|u|=1.803984e-01  max|v|=1.165788e-01  max|w|=1.199363e-01  maxdiv=2.6616e-12  iters=15
[trace] step 2243  <u>=1.028447e-02  max|u|=1.803984e-01  max|v|=1.165788e-01  max|w|=1.199363e-01  maxdiv=2.6599e-12  iters=15
[trace] step 2244  <u>=1.028447e-02  max|u|=1.803984e-01  max|v|=1.165788e-01  max|w|=1.199363e-01  maxdiv=2.6582e-12  iters=15
[trace] step 2245  <u>=1.028447e-02  max|u|=1.803984e-01  max|v|=1.165788e-01  max|w|=1.199363e-01  maxdiv=2.6564e-12  iters=15
[trace] step 2246  <u>=1.028447e-02  max|u|=1.803984e-01  max|v|=1.165788e-01  max|w|=1.199363e-01  maxdiv=2.6547e-12  iters=15
[trace] step 2247  <u>=1.028447e-02  max|u|=1.803984e-01  max|v|=1.165788e-01  max|w|=1.199363e-01  maxdiv=2.6530e-12  iters=15
[trace] step 2248  <u>=1.028447e-02  max|u|=1.803984e-01  max|v|=1.165788e-01  max|w|=1.199363e-01  maxdiv=2.6513e-12  iters=15
[trace] step 2249  <u>=1.028447e-02  max|u|=1.803984e-01  max|v|=1.165788e-01  max|w|=1.199363e-01  maxdiv=2.6496e-12  iters=15
[trace] step 2250  <u>=1.028447e-02  max|u|=1.803984e-01  max|v|=1.165788e-01  max|w|=1.199363e-01  maxdiv=2.6479e-12  iters=15
[trace] step 2251  <u>=1.028447e-02  max|u|=1.803984e-01  max|v|=1.165788e-01  max|w|=1.199363e-01  maxdiv=2.6462e-12  iters=15
[trace] step 2252  <u>=1.028447e-02  max|u|=1.803984e-01  max|v|=1.165788e-01  max|w|=1.199363e-01  maxdiv=2.6445e-12  iters=15
[trace] step 2253  <u>=1.028447e-02  max|u|=1.803984e-01  max|v|=1.165788e-01  max|w|=1.199363e-01  maxdiv=2.6428e-12  iters=15
[trace] step 2254  <u>=1.028447e-02  max|u|=1.803984e-01  max|v|=1.165788e-01  max|w|=1.199363e-01  maxdiv=2.6411e-12  iters=15
[trace] step 2255  <u>=1.028447e-02  max|u|=1.803984e-01  max|v|=1.165788e-01  max|w|=1.199363e-01  maxdiv=2.6394e-12  iters=15
[trace] step 2256  <u>=1.028447e-02  max|u|=1.803984e-01  max|v|=1.165788e-01  max|w|=1.199363e-01  maxdiv=2.6377e-12  iters=15
[trace] step 2257  <u>=1.028447e-02  max|u|=1.803984e-01  max|v|=1.165788e-01  max|w|=1.199363e-01  maxdiv=2.6360e-12  iters=15
[trace] step 2258  <u>=1.028447e-02  max|u|=1.803984e-01  max|v|=1.165788e-01  max|w|=1.199363e-01  maxdiv=2.6343e-12  iters=15
[trace] step 2259  <u>=1.028447e-02  max|u|=1.803984e-01  max|v|=1.165788e-01  max|w|=1.199363e-01  maxdiv=2.6326e-12  iters=15
[trace] step 2260  <u>=1.028447e-02  max|u|=1.803984e-01  max|v|=1.165788e-01  max|w|=1.199363e-01  maxdiv=2.6309e-12  iters=15
[trace] step 2261  <u>=1.028447e-02  max|u|=1.803984e-01  max|v|=1.165788e-01  max|w|=1.199363e-01  maxdiv=2.6293e-12  iters=15
[trace] step 2262  <u>=1.028447e-02  max|u|=1.803984e-01  max|v|=1.165788e-01  max|w|=1.199363e-01  maxdiv=2.6276e-12  iters=15
[trace] step 2263  <u>=1.028447e-02  max|u|=1.803984e-01  max|v|=1.165788e-01  max|w|=1.199363e-01  maxdiv=2.6259e-12  iters=15
[trace] step 2264  <u>=1.028447e-02  max|u|=1.803984e-01  max|v|=1.165788e-01  max|w|=1.199363e-01  maxdiv=2.6242e-12  iters=15
[trace] step 2265  <u>=1.028447e-02  max|u|=1.803984e-01  max|v|=1.165788e-01  max|w|=1.199363e-01  maxdiv=2.6225e-12  iters=15
[trace] step 2266  <u>=1.028447e-02  max|u|=1.803984e-01  max|v|=1.165788e-01  max|w|=1.199363e-01  maxdiv=2.6208e-12  iters=15
[trace] step 2267  <u>=1.028447e-02  max|u|=1.803984e-01  max|v|=1.165788e-01  max|w|=1.199363e-01  maxdiv=2.6191e-12  iters=15
[trace] step 2268  <u>=1.028447e-02  max|u|=1.803984e-01  max|v|=1.165788e-01  max|w|=1.199363e-01  maxdiv=2.6175e-12  iters=15
[trace] step 2269  <u>=1.028447e-02  max|u|=1.803984e-01  max|v|=1.165788e-01  max|w|=1.199363e-01  maxdiv=2.6158e-12  iters=15
[trace] step 2270  <u>=1.028447e-02  max|u|=1.803984e-01  max|v|=1.165788e-01  max|w|=1.199363e-01  maxdiv=2.6141e-12  iters=15
[trace] step 2271  <u>=1.028447e-02  max|u|=1.803984e-01  max|v|=1.165788e-01  max|w|=1.199363e-01  maxdiv=2.6124e-12  iters=15
[trace] step 2272  <u>=1.028447e-02  max|u|=1.803984e-01  max|v|=1.165788e-01  max|w|=1.199363e-01  maxdiv=2.6107e-12  iters=15
[trace] step 2273  <u>=1.028447e-02  max|u|=1.803984e-01  max|v|=1.165788e-01  max|w|=1.199363e-01  maxdiv=2.6091e-12  iters=15
[trace] step 2274  <u>=1.028447e-02  max|u|=1.803984e-01  max|v|=1.165788e-01  max|w|=1.199363e-01  maxdiv=2.6074e-12  iters=15
[trace] step 2275  <u>=1.028447e-02  max|u|=1.803984e-01  max|v|=1.165788e-01  max|w|=1.199363e-01  maxdiv=2.6057e-12  iters=15
[trace] step 2276  <u>=1.028447e-02  max|u|=1.803984e-01  max|v|=1.165788e-01  max|w|=1.199363e-01  maxdiv=2.6040e-12  iters=15
[trace] step 2277  <u>=1.028447e-02  max|u|=1.803984e-01  max|v|=1.165788e-01  max|w|=1.199363e-01  maxdiv=2.6024e-12  iters=15
[trace] step 2278  <u>=1.028447e-02  max|u|=1.803984e-01  max|v|=1.165788e-01  max|w|=1.199363e-01  maxdiv=2.6007e-12  iters=15
[trace] step 2279  <u>=1.028447e-02  max|u|=1.803984e-01  max|v|=1.165788e-01  max|w|=1.199363e-01  maxdiv=2.5990e-12  iters=15
[trace] step 2280  <u>=1.028447e-02  max|u|=1.803984e-01  max|v|=1.165788e-01  max|w|=1.199363e-01  maxdiv=2.5974e-12  iters=15
[trace] step 2281  <u>=1.028447e-02  max|u|=1.803984e-01  max|v|=1.165788e-01  max|w|=1.199363e-01  maxdiv=2.5957e-12  iters=15
[trace] step 2282  <u>=1.028447e-02  max|u|=1.803984e-01  max|v|=1.165788e-01  max|w|=1.199363e-01  maxdiv=2.5940e-12  iters=15
[trace] step 2283  <u>=1.028447e-02  max|u|=1.803984e-01  max|v|=1.165788e-01  max|w|=1.199363e-01  maxdiv=2.5924e-12  iters=15
[trace] step 2284  <u>=1.028447e-02  max|u|=1.803984e-01  max|v|=1.165788e-01  max|w|=1.199363e-01  maxdiv=2.5907e-12  iters=15
[trace] step 2285  <u>=1.028447e-02  max|u|=1.803984e-01  max|v|=1.165788e-01  max|w|=1.199363e-01  maxdiv=2.5890e-12  iters=15
[trace] step 2286  <u>=1.028447e-02  max|u|=1.803984e-01  max|v|=1.165788e-01  max|w|=1.199363e-01  maxdiv=2.5874e-12  iters=15
[trace] step 2287  <u>=1.028447e-02  max|u|=1.803984e-01  max|v|=1.165788e-01  max|w|=1.199363e-01  maxdiv=2.5857e-12  iters=15
[trace] step 2288  <u>=1.028447e-02  max|u|=1.803984e-01  max|v|=1.165788e-01  max|w|=1.199363e-01  maxdiv=2.5841e-12  iters=15
[trace] step 2289  <u>=1.028447e-02  max|u|=1.803984e-01  max|v|=1.165788e-01  max|w|=1.199363e-01  maxdiv=2.5824e-12  iters=15
[trace] step 2290  <u>=1.028447e-02  max|u|=1.803984e-01  max|v|=1.165788e-01  max|w|=1.199363e-01  maxdiv=2.5807e-12  iters=15
[trace] step 2291  <u>=1.028447e-02  max|u|=1.803984e-01  max|v|=1.165788e-01  max|w|=1.199363e-01  maxdiv=2.5791e-12  iters=15
[trace] step 2292  <u>=1.028447e-02  max|u|=1.803984e-01  max|v|=1.165788e-01  max|w|=1.199363e-01  maxdiv=2.5774e-12  iters=15
[trace] step 2293  <u>=1.028447e-02  max|u|=1.803984e-01  max|v|=1.165788e-01  max|w|=1.199363e-01  maxdiv=2.5758e-12  iters=15
[trace] step 2294  <u>=1.028447e-02  max|u|=1.803984e-01  max|v|=1.165788e-01  max|w|=1.199363e-01  maxdiv=2.5741e-12  iters=15
[trace] step 2295  <u>=1.028447e-02  max|u|=1.803984e-01  max|v|=1.165788e-01  max|w|=1.199363e-01  maxdiv=2.5725e-12  iters=15
[trace] step 2296  <u>=1.028447e-02  max|u|=1.803984e-01  max|v|=1.165788e-01  max|w|=1.199363e-01  maxdiv=2.5708e-12  iters=15
[trace] step 2297  <u>=1.028447e-02  max|u|=1.803984e-01  max|v|=1.165788e-01  max|w|=1.199363e-01  maxdiv=2.5692e-12  iters=15
[trace] step 2298  <u>=1.028447e-02  max|u|=1.803984e-01  max|v|=1.165788e-01  max|w|=1.199363e-01  maxdiv=2.5675e-12  iters=15
[trace] step 2299  <u>=1.028447e-02  max|u|=1.803984e-01  max|v|=1.165788e-01  max|w|=1.199363e-01  maxdiv=2.5659e-12  iters=15
[trace] step 2300  <u>=1.028447e-02  max|u|=1.803984e-01  max|v|=1.165788e-01  max|w|=1.199363e-01  maxdiv=2.5642e-12  iters=15
[trace] step 2301  <u>=1.028447e-02  max|u|=1.803984e-01  max|v|=1.165788e-01  max|w|=1.199363e-01  maxdiv=2.5626e-12  iters=15
[trace] step 2302  <u>=1.028447e-02  max|u|=1.803984e-01  max|v|=1.165788e-01  max|w|=1.199363e-01  maxdiv=2.5610e-12  iters=15
[trace] step 2303  <u>=1.028447e-02  max|u|=1.803984e-01  max|v|=1.165788e-01  max|w|=1.199363e-01  maxdiv=2.5593e-12  iters=15
[trace] step 2304  <u>=1.028447e-02  max|u|=1.803984e-01  max|v|=1.165788e-01  max|w|=1.199363e-01  maxdiv=2.5577e-12  iters=15
[trace] step 2305  <u>=1.028447e-02  max|u|=1.803984e-01  max|v|=1.165788e-01  max|w|=1.199363e-01  maxdiv=2.5560e-12  iters=15
[trace] step 2306  <u>=1.028447e-02  max|u|=1.803984e-01  max|v|=1.165788e-01  max|w|=1.199363e-01  maxdiv=2.5544e-12  iters=15
[trace] step 2307  <u>=1.028447e-02  max|u|=1.803984e-01  max|v|=1.165788e-01  max|w|=1.199363e-01  maxdiv=2.5528e-12  iters=15
[trace] step 2308  <u>=1.028447e-02  max|u|=1.803984e-01  max|v|=1.165788e-01  max|w|=1.199363e-01  maxdiv=2.5511e-12  iters=15
[trace] step 2309  <u>=1.028447e-02  max|u|=1.803984e-01  max|v|=1.165788e-01  max|w|=1.199363e-01  maxdiv=2.5495e-12  iters=15
[trace] step 2310  <u>=1.028447e-02  max|u|=1.803984e-01  max|v|=1.165788e-01  max|w|=1.199363e-01  maxdiv=2.5478e-12  iters=15
[trace] step 2311  <u>=1.028447e-02  max|u|=1.803984e-01  max|v|=1.165788e-01  max|w|=1.199363e-01  maxdiv=2.5462e-12  iters=15
[trace] step 2312  <u>=1.028447e-02  max|u|=1.803984e-01  max|v|=1.165788e-01  max|w|=1.199363e-01  maxdiv=2.5446e-12  iters=15
[trace] step 2313  <u>=1.028447e-02  max|u|=1.803984e-01  max|v|=1.165788e-01  max|w|=1.199363e-01  maxdiv=2.5217e-12  iters=14
[trace] step 2314  <u>=1.028447e-02  max|u|=1.803984e-01  max|v|=1.165788e-01  max|w|=1.199363e-01  maxdiv=2.5201e-12  iters=14
[trace] step 2315  <u>=1.028447e-02  max|u|=1.803984e-01  max|v|=1.165788e-01  max|w|=1.199363e-01  maxdiv=2.5185e-12  iters=14
[trace] step 2316  <u>=1.028447e-02  max|u|=1.803984e-01  max|v|=1.165788e-01  max|w|=1.199363e-01  maxdiv=2.5169e-12  iters=14
[trace] step 2317  <u>=1.028447e-02  max|u|=1.803984e-01  max|v|=1.165788e-01  max|w|=1.199363e-01  maxdiv=2.5153e-12  iters=14
[trace] step 2318  <u>=1.028447e-02  max|u|=1.803984e-01  max|v|=1.165788e-01  max|w|=1.199363e-01  maxdiv=2.5137e-12  iters=14
[trace] step 2319  <u>=1.028447e-02  max|u|=1.803984e-01  max|v|=1.165788e-01  max|w|=1.199363e-01  maxdiv=2.5121e-12  iters=14
[trace] step 2320  <u>=1.028447e-02  max|u|=1.803984e-01  max|v|=1.165788e-01  max|w|=1.199363e-01  maxdiv=2.5105e-12  iters=14
[trace] step 2321  <u>=1.028447e-02  max|u|=1.803984e-01  max|v|=1.165788e-01  max|w|=1.199363e-01  maxdiv=2.5090e-12  iters=14
[trace] step 2322  <u>=1.028447e-02  max|u|=1.803984e-01  max|v|=1.165788e-01  max|w|=1.199363e-01  maxdiv=2.5074e-12  iters=14
[trace] step 2323  <u>=1.028447e-02  max|u|=1.803984e-01  max|v|=1.165788e-01  max|w|=1.199363e-01  maxdiv=2.5058e-12  iters=14
[trace] step 2324  <u>=1.028447e-02  max|u|=1.803984e-01  max|v|=1.165788e-01  max|w|=1.199363e-01  maxdiv=2.5042e-12  iters=14
[trace] step 2325  <u>=1.028447e-02  max|u|=1.803984e-01  max|v|=1.165788e-01  max|w|=1.199363e-01  maxdiv=2.5026e-12  iters=14
[trace] step 2326  <u>=1.028447e-02  max|u|=1.803984e-01  max|v|=1.165788e-01  max|w|=1.199363e-01  maxdiv=2.5011e-12  iters=14
[trace] step 2327  <u>=1.028447e-02  max|u|=1.803984e-01  max|v|=1.165788e-01  max|w|=1.199363e-01  maxdiv=2.4995e-12  iters=14
[trace] step 2328  <u>=1.028447e-02  max|u|=1.803984e-01  max|v|=1.165788e-01  max|w|=1.199363e-01  maxdiv=2.4979e-12  iters=14
[trace] step 2329  <u>=1.028447e-02  max|u|=1.803984e-01  max|v|=1.165788e-01  max|w|=1.199363e-01  maxdiv=2.4963e-12  iters=14
[trace] step 2330  <u>=1.028447e-02  max|u|=1.803984e-01  max|v|=1.165788e-01  max|w|=1.199363e-01  maxdiv=2.4948e-12  iters=14
[trace] step 2331  <u>=1.028447e-02  max|u|=1.803984e-01  max|v|=1.165788e-01  max|w|=1.199363e-01  maxdiv=2.4932e-12  iters=14
[trace] step 2332  <u>=1.028447e-02  max|u|=1.803984e-01  max|v|=1.165788e-01  max|w|=1.199363e-01  maxdiv=2.4916e-12  iters=14
[trace] step 2333  <u>=1.028447e-02  max|u|=1.803984e-01  max|v|=1.165788e-01  max|w|=1.199363e-01  maxdiv=2.4901e-12  iters=14
[trace] step 2334  <u>=1.028447e-02  max|u|=1.803984e-01  max|v|=1.165788e-01  max|w|=1.199363e-01  maxdiv=2.4885e-12  iters=14
[trace] step 2335  <u>=1.028447e-02  max|u|=1.803984e-01  max|v|=1.165788e-01  max|w|=1.199363e-01  maxdiv=2.4869e-12  iters=14
[trace] step 2336  <u>=1.028447e-02  max|u|=1.803984e-01  max|v|=1.165788e-01  max|w|=1.199363e-01  maxdiv=2.4854e-12  iters=14
[trace] step 2337  <u>=1.028447e-02  max|u|=1.803984e-01  max|v|=1.165788e-01  max|w|=1.199363e-01  maxdiv=2.4838e-12  iters=14
[trace] step 2338  <u>=1.028447e-02  max|u|=1.803984e-01  max|v|=1.165788e-01  max|w|=1.199363e-01  maxdiv=2.4822e-12  iters=14
[trace] step 2339  <u>=1.028447e-02  max|u|=1.803984e-01  max|v|=1.165788e-01  max|w|=1.199363e-01  maxdiv=2.4807e-12  iters=14
[trace] step 2340  <u>=1.028447e-02  max|u|=1.803984e-01  max|v|=1.165788e-01  max|w|=1.199363e-01  maxdiv=2.4791e-12  iters=14
[trace] step 2341  <u>=1.028447e-02  max|u|=1.803984e-01  max|v|=1.165788e-01  max|w|=1.199363e-01  maxdiv=2.4775e-12  iters=14
[trace] step 2342  <u>=1.028447e-02  max|u|=1.803984e-01  max|v|=1.165788e-01  max|w|=1.199363e-01  maxdiv=2.4760e-12  iters=14
[trace] step 2343  <u>=1.028447e-02  max|u|=1.803984e-01  max|v|=1.165788e-01  max|w|=1.199363e-01  maxdiv=2.4744e-12  iters=14
[trace] step 2344  <u>=1.028447e-02  max|u|=1.803984e-01  max|v|=1.165788e-01  max|w|=1.199363e-01  maxdiv=2.4729e-12  iters=14
[trace] step 2345  <u>=1.028447e-02  max|u|=1.803984e-01  max|v|=1.165788e-01  max|w|=1.199363e-01  maxdiv=2.4713e-12  iters=14
[trace] step 2346  <u>=1.028447e-02  max|u|=1.803984e-01  max|v|=1.165788e-01  max|w|=1.199363e-01  maxdiv=2.4698e-12  iters=14
[trace] step 2347  <u>=1.028447e-02  max|u|=1.803984e-01  max|v|=1.165788e-01  max|w|=1.199363e-01  maxdiv=2.4682e-12  iters=14
[trace] step 2348  <u>=1.028447e-02  max|u|=1.803984e-01  max|v|=1.165788e-01  max|w|=1.199363e-01  maxdiv=2.4667e-12  iters=14
[trace] step 2349  <u>=1.028447e-02  max|u|=1.803984e-01  max|v|=1.165788e-01  max|w|=1.199363e-01  maxdiv=2.4651e-12  iters=14
[trace] step 2350  <u>=1.028447e-02  max|u|=1.803984e-01  max|v|=1.165788e-01  max|w|=1.199363e-01  maxdiv=2.4636e-12  iters=14
[trace] step 2351  <u>=1.028447e-02  max|u|=1.803984e-01  max|v|=1.165788e-01  max|w|=1.199363e-01  maxdiv=2.4620e-12  iters=14
[trace] step 2352  <u>=1.028447e-02  max|u|=1.803984e-01  max|v|=1.165788e-01  max|w|=1.199363e-01  maxdiv=2.4605e-12  iters=14
[trace] step 2353  <u>=1.028447e-02  max|u|=1.803984e-01  max|v|=1.165788e-01  max|w|=1.199363e-01  maxdiv=2.4589e-12  iters=14
[trace] step 2354  <u>=1.028447e-02  max|u|=1.803984e-01  max|v|=1.165788e-01  max|w|=1.199363e-01  maxdiv=2.4574e-12  iters=14
[trace] step 2355  <u>=1.028447e-02  max|u|=1.803984e-01  max|v|=1.165788e-01  max|w|=1.199363e-01  maxdiv=2.4558e-12  iters=14
[trace] step 2356  <u>=1.028447e-02  max|u|=1.803984e-01  max|v|=1.165788e-01  max|w|=1.199363e-01  maxdiv=2.4543e-12  iters=14
[trace] step 2357  <u>=1.028447e-02  max|u|=1.803984e-01  max|v|=1.165788e-01  max|w|=1.199363e-01  maxdiv=2.4527e-12  iters=14
[trace] step 2358  <u>=1.028447e-02  max|u|=1.803984e-01  max|v|=1.165788e-01  max|w|=1.199363e-01  maxdiv=2.4512e-12  iters=14
[trace] step 2359  <u>=1.028447e-02  max|u|=1.803984e-01  max|v|=1.165788e-01  max|w|=1.199363e-01  maxdiv=2.4496e-12  iters=14
[trace] step 2360  <u>=1.028447e-02  max|u|=1.803984e-01  max|v|=1.165788e-01  max|w|=1.199363e-01  maxdiv=2.4481e-12  iters=14
[trace] step 2361  <u>=1.028447e-02  max|u|=1.803984e-01  max|v|=1.165788e-01  max|w|=1.199363e-01  maxdiv=2.4466e-12  iters=14
[trace] step 2362  <u>=1.028447e-02  max|u|=1.803984e-01  max|v|=1.165788e-01  max|w|=1.199363e-01  maxdiv=2.4450e-12  iters=14
[trace] step 2363  <u>=1.028447e-02  max|u|=1.803984e-01  max|v|=1.165788e-01  max|w|=1.199363e-01  maxdiv=2.4435e-12  iters=14
[trace] step 2364  <u>=1.028447e-02  max|u|=1.803984e-01  max|v|=1.165788e-01  max|w|=1.199363e-01  maxdiv=2.4420e-12  iters=14
[trace] step 2365  <u>=1.028447e-02  max|u|=1.803984e-01  max|v|=1.165788e-01  max|w|=1.199363e-01  maxdiv=2.4404e-12  iters=14
[trace] step 2366  <u>=1.028447e-02  max|u|=1.803984e-01  max|v|=1.165788e-01  max|w|=1.199363e-01  maxdiv=2.4389e-12  iters=14
[trace] step 2367  <u>=1.028447e-02  max|u|=1.803984e-01  max|v|=1.165788e-01  max|w|=1.199363e-01  maxdiv=2.4374e-12  iters=14
[trace] step 2368  <u>=1.028447e-02  max|u|=1.803984e-01  max|v|=1.165788e-01  max|w|=1.199363e-01  maxdiv=2.4358e-12  iters=14
[trace] step 2369  <u>=1.028447e-02  max|u|=1.803984e-01  max|v|=1.165788e-01  max|w|=1.199363e-01  maxdiv=2.4343e-12  iters=14
[trace] step 2370  <u>=1.028447e-02  max|u|=1.803984e-01  max|v|=1.165788e-01  max|w|=1.199363e-01  maxdiv=2.4328e-12  iters=14
[trace] step 2371  <u>=1.028447e-02  max|u|=1.803984e-01  max|v|=1.165788e-01  max|w|=1.199363e-01  maxdiv=2.4312e-12  iters=14
[trace] step 2372  <u>=1.028447e-02  max|u|=1.803984e-01  max|v|=1.165788e-01  max|w|=1.199363e-01  maxdiv=2.4297e-12  iters=14
[trace] step 2373  <u>=1.028447e-02  max|u|=1.803984e-01  max|v|=1.165788e-01  max|w|=1.199363e-01  maxdiv=2.4282e-12  iters=14
[trace] step 2374  <u>=1.028447e-02  max|u|=1.803984e-01  max|v|=1.165788e-01  max|w|=1.199363e-01  maxdiv=2.4267e-12  iters=14
[trace] step 2375  <u>=1.028447e-02  max|u|=1.803984e-01  max|v|=1.165788e-01  max|w|=1.199363e-01  maxdiv=2.4251e-12  iters=14
[trace] step 2376  <u>=1.028447e-02  max|u|=1.803984e-01  max|v|=1.165788e-01  max|w|=1.199363e-01  maxdiv=2.4236e-12  iters=14
[trace] step 2377  <u>=1.028447e-02  max|u|=1.803984e-01  max|v|=1.165788e-01  max|w|=1.199363e-01  maxdiv=2.4221e-12  iters=14
[trace] step 2378  <u>=1.028447e-02  max|u|=1.803984e-01  max|v|=1.165788e-01  max|w|=1.199363e-01  maxdiv=2.4206e-12  iters=14
[trace] step 2379  <u>=1.028447e-02  max|u|=1.803984e-01  max|v|=1.165788e-01  max|w|=1.199363e-01  maxdiv=2.4190e-12  iters=14
[trace] step 2380  <u>=1.028447e-02  max|u|=1.803984e-01  max|v|=1.165788e-01  max|w|=1.199363e-01  maxdiv=2.4175e-12  iters=14
[march] 2380 steps (converged) 47251 pressure iters in 1479.5s   k/R^2 = 0.00401737
[out] /gpfs/work4/0/prjs1022/peclet/peclet-examples/benchmarks/porous-scaling/snellius/results/snellius-h100/tol_R16_stag.json
