[cfg] global 256x256x256 = 16.8M cells  ranks=1  backend=Cuda  grid=collocated  IBM=cutcell  face_interp=9  bottom=auto  spheres=587 R=16.0 cells  phi=0.6003  levels=6  pressure=pcg(maxit=300,rtol=1e-08,warmstart=0)  steps=0+1 then march(tol=1e-08,max=3000)
  rank 0: block 256x256x256 at [0, 0, 0]  gcn136.local.snellius.surf.nl 0000:06:00.0
[sdf] built in 0.6s  voxel solid fraction=0.6002 (packing 0.6003)
[run] warmup 0 steps...
[run] step 1/1
[perf] 469.5 ms/step  35.7 Mcell/s (35.7/rank)  pressure iters/step 22.0
[phases, rank-max ms/step] step=469.4  predictor=1.9  momentum=247.2  projection=219.8  pressure_allreduce=0.2  allreduce_count=116
[trace] step    1  <u>=9.463018e-03  max|u|=1.160518e-01  max|v|=6.859793e-02  max|w|=6.717206e-02  maxdiv=1.1896e-03  iters=22
[trace] step    2  <u>=1.024848e-02  max|u|=1.433807e-01  max|v|=7.613108e-02  max|w|=8.690446e-02  maxdiv=2.7933e-06  iters=21
[trace] step    3  <u>=1.050560e-02  max|u|=1.587039e-01  max|v|=9.168991e-02  max|w|=1.001919e-01  maxdiv=2.6916e-06  iters=21
[trace] step    4  <u>=1.055553e-02  max|u|=1.670052e-01  max|v|=1.018797e-01  max|w|=1.083738e-01  maxdiv=2.4803e-06  iters=21
[trace] step    5  <u>=1.053010e-02  max|u|=1.723578e-01  max|v|=1.082506e-01  max|w|=1.133492e-01  maxdiv=2.2335e-06  iters=21
[trace] step    6  <u>=1.048429e-02  max|u|=1.759938e-01  max|v|=1.121116e-01  max|w|=1.163566e-01  maxdiv=1.9669e-06  iters=21
[trace] step    7  <u>=1.043930e-02  max|u|=1.780569e-01  max|v|=1.143895e-01  max|w|=1.181737e-01  maxdiv=1.6321e-06  iters=21
[trace] step    8  <u>=1.040189e-02  max|u|=1.792052e-01  max|v|=1.156591e-01  max|w|=1.192781e-01  maxdiv=1.5325e-06  iters=21
[trace] step    9  <u>=1.037298e-02  max|u|=1.798289e-01  max|v|=1.163383e-01  max|w|=1.199579e-01  maxdiv=1.0812e-06  iters=21
[trace] step   10  <u>=1.035148e-02  max|u|=1.801566e-01  max|v|=1.166829e-01  max|w|=1.203847e-01  maxdiv=6.3796e-07  iters=21
[trace] step   11  <u>=1.033582e-02  max|u|=1.803204e-01  max|v|=1.168440e-01  max|w|=1.206598e-01  maxdiv=3.8995e-07  iters=21
[trace] step   12  <u>=1.032452e-02  max|u|=1.803953e-01  max|v|=1.169086e-01  max|w|=1.208426e-01  maxdiv=2.4943e-07  iters=21
[trace] step   13  <u>=1.031640e-02  max|u|=1.804238e-01  max|v|=1.169251e-01  max|w|=1.209680e-01  maxdiv=1.7955e-07  iters=21
[trace] step   14  <u>=1.031055e-02  max|u|=1.804293e-01  max|v|=1.169195e-01  max|w|=1.210567e-01  maxdiv=1.3918e-07  iters=21
[trace] step   15  <u>=1.030631e-02  max|u|=1.804246e-01  max|v|=1.169054e-01  max|w|=1.211212e-01  maxdiv=2.4800e-09  iters=15
[trace] step   16  <u>=1.030322e-02  max|u|=1.804163e-01  max|v|=1.168896e-01  max|w|=1.211692e-01  maxdiv=2.3365e-09  iters=15
[trace] step   17  <u>=1.030093e-02  max|u|=1.804077e-01  max|v|=1.168751e-01  max|w|=1.212056e-01  maxdiv=2.2248e-09  iters=15
[trace] step   18  <u>=1.029922e-02  max|u|=1.804003e-01  max|v|=1.168631e-01  max|w|=1.212337e-01  maxdiv=2.1366e-09  iters=15
[trace] step   19  <u>=1.029793e-02  max|u|=1.803947e-01  max|v|=1.168538e-01  max|w|=1.212557e-01  maxdiv=2.0662e-09  iters=15
[trace] step   20  <u>=1.029694e-02  max|u|=1.803908e-01  max|v|=1.168471e-01  max|w|=1.212731e-01  maxdiv=2.0094e-09  iters=15
[trace] step   21  <u>=1.029617e-02  max|u|=1.803884e-01  max|v|=1.168425e-01  max|w|=1.212870e-01  maxdiv=1.9632e-09  iters=15
[trace] step   22  <u>=1.029556e-02  max|u|=1.803874e-01  max|v|=1.168397e-01  max|w|=1.212984e-01  maxdiv=1.9254e-09  iters=15
[trace] step   23  <u>=1.029507e-02  max|u|=1.803873e-01  max|v|=1.168382e-01  max|w|=1.213078e-01  maxdiv=1.8942e-09  iters=15
[trace] step   24  <u>=1.029467e-02  max|u|=1.803881e-01  max|v|=1.168379e-01  max|w|=1.213156e-01  maxdiv=1.8772e-09  iters=15
[trace] step   25  <u>=1.029435e-02  max|u|=1.803894e-01  max|v|=1.168384e-01  max|w|=1.213222e-01  maxdiv=1.8759e-09  iters=15
[trace] step   26  <u>=1.029408e-02  max|u|=1.803911e-01  max|v|=1.168395e-01  max|w|=1.213278e-01  maxdiv=1.8749e-09  iters=15
[trace] step   27  <u>=1.029386e-02  max|u|=1.803931e-01  max|v|=1.168410e-01  max|w|=1.213328e-01  maxdiv=1.8740e-09  iters=15
[trace] step   28  <u>=1.029367e-02  max|u|=1.803953e-01  max|v|=1.168428e-01  max|w|=1.213371e-01  maxdiv=1.8732e-09  iters=15
[trace] step   29  <u>=1.029351e-02  max|u|=1.803975e-01  max|v|=1.168449e-01  max|w|=1.213409e-01  maxdiv=1.8725e-09  iters=15
[trace] step   30  <u>=1.029337e-02  max|u|=1.803998e-01  max|v|=1.168471e-01  max|w|=1.213444e-01  maxdiv=1.8720e-09  iters=15
[trace] step   31  <u>=1.029325e-02  max|u|=1.804020e-01  max|v|=1.168493e-01  max|w|=1.213475e-01  maxdiv=1.8715e-09  iters=15
[trace] step   32  <u>=1.029315e-02  max|u|=1.804043e-01  max|v|=1.168515e-01  max|w|=1.213504e-01  maxdiv=1.8711e-09  iters=15
[trace] step   33  <u>=1.029305e-02  max|u|=1.804064e-01  max|v|=1.168538e-01  max|w|=1.213530e-01  maxdiv=1.8708e-09  iters=15
[trace] step   34  <u>=1.029297e-02  max|u|=1.804086e-01  max|v|=1.168560e-01  max|w|=1.213555e-01  maxdiv=1.8705e-09  iters=15
[trace] step   35  <u>=1.029290e-02  max|u|=1.804106e-01  max|v|=1.168582e-01  max|w|=1.213578e-01  maxdiv=1.8702e-09  iters=15
[trace] step   36  <u>=1.029284e-02  max|u|=1.804125e-01  max|v|=1.168604e-01  max|w|=1.213599e-01  maxdiv=1.8700e-09  iters=15
[trace] step   37  <u>=1.029278e-02  max|u|=1.804144e-01  max|v|=1.168624e-01  max|w|=1.213619e-01  maxdiv=1.8699e-09  iters=14
[trace] step   38  <u>=1.029273e-02  max|u|=1.804162e-01  max|v|=1.168644e-01  max|w|=1.213638e-01  maxdiv=1.8697e-09  iters=14
[trace] step   39  <u>=1.029268e-02  max|u|=1.804179e-01  max|v|=1.168664e-01  max|w|=1.213657e-01  maxdiv=1.8695e-09  iters=14
[trace] step   40  <u>=1.029264e-02  max|u|=1.804196e-01  max|v|=1.168683e-01  max|w|=1.213674e-01  maxdiv=1.8694e-09  iters=14
[trace] step   41  <u>=1.029261e-02  max|u|=1.804212e-01  max|v|=1.168701e-01  max|w|=1.213690e-01  maxdiv=1.8692e-09  iters=14
[trace] step   42  <u>=1.029257e-02  max|u|=1.804227e-01  max|v|=1.168718e-01  max|w|=1.213706e-01  maxdiv=1.8691e-09  iters=14
[trace] step   43  <u>=1.029254e-02  max|u|=1.804241e-01  max|v|=1.168735e-01  max|w|=1.213721e-01  maxdiv=1.8690e-09  iters=14
[trace] step   44  <u>=1.029251e-02  max|u|=1.804254e-01  max|v|=1.168751e-01  max|w|=1.213736e-01  maxdiv=1.8689e-09  iters=14
[trace] step   45  <u>=1.029248e-02  max|u|=1.804267e-01  max|v|=1.168767e-01  max|w|=1.213750e-01  maxdiv=1.8688e-09  iters=14
[trace] step   46  <u>=1.029246e-02  max|u|=1.804280e-01  max|v|=1.168782e-01  max|w|=1.213763e-01  maxdiv=1.8687e-09  iters=14
[trace] step   47  <u>=1.029244e-02  max|u|=1.804292e-01  max|v|=1.168797e-01  max|w|=1.213776e-01  maxdiv=1.8687e-09  iters=14
[trace] step   48  <u>=1.029242e-02  max|u|=1.804303e-01  max|v|=1.168811e-01  max|w|=1.213789e-01  maxdiv=1.8686e-09  iters=14
[trace] step   49  <u>=1.029240e-02  max|u|=1.804314e-01  max|v|=1.168824e-01  max|w|=1.213801e-01  maxdiv=1.8685e-09  iters=14
[trace] step   50  <u>=1.029238e-02  max|u|=1.804324e-01  max|v|=1.168837e-01  max|w|=1.213813e-01  maxdiv=1.8685e-09  iters=14
[trace] step   51  <u>=1.029236e-02  max|u|=1.804334e-01  max|v|=1.168850e-01  max|w|=1.213824e-01  maxdiv=1.8684e-09  iters=14
[trace] step   52  <u>=1.029235e-02  max|u|=1.804343e-01  max|v|=1.168862e-01  max|w|=1.213835e-01  maxdiv=1.8684e-09  iters=14
[trace] step   53  <u>=1.029233e-02  max|u|=1.804352e-01  max|v|=1.168873e-01  max|w|=1.213846e-01  maxdiv=1.8683e-09  iters=14
[trace] step   54  <u>=1.029232e-02  max|u|=1.804361e-01  max|v|=1.168885e-01  max|w|=1.213856e-01  maxdiv=1.8683e-09  iters=14
[trace] step   55  <u>=1.029230e-02  max|u|=1.804369e-01  max|v|=1.168896e-01  max|w|=1.213866e-01  maxdiv=1.8683e-09  iters=14
[trace] step   56  <u>=1.029229e-02  max|u|=1.804377e-01  max|v|=1.168906e-01  max|w|=1.213876e-01  maxdiv=1.8682e-09  iters=14
[trace] step   57  <u>=1.029228e-02  max|u|=1.804384e-01  max|v|=1.168916e-01  max|w|=1.213885e-01  maxdiv=1.8682e-09  iters=14
[trace] step   58  <u>=1.029227e-02  max|u|=1.804391e-01  max|v|=1.168926e-01  max|w|=1.213894e-01  maxdiv=1.8681e-09  iters=15
[trace] step   59  <u>=1.029226e-02  max|u|=1.804398e-01  max|v|=1.168936e-01  max|w|=1.213903e-01  maxdiv=1.8680e-09  iters=15
[trace] step   60  <u>=1.029225e-02  max|u|=1.804405e-01  max|v|=1.168945e-01  max|w|=1.213912e-01  maxdiv=1.8680e-09  iters=15
[trace] step   61  <u>=1.029224e-02  max|u|=1.804411e-01  max|v|=1.168954e-01  max|w|=1.213920e-01  maxdiv=1.8680e-09  iters=15
[trace] step   62  <u>=1.029223e-02  max|u|=1.804417e-01  max|v|=1.168962e-01  max|w|=1.213929e-01  maxdiv=1.8680e-09  iters=15
[trace] step   63  <u>=1.029223e-02  max|u|=1.804423e-01  max|v|=1.168970e-01  max|w|=1.213937e-01  maxdiv=1.8680e-09  iters=15
[trace] step   64  <u>=1.029222e-02  max|u|=1.804428e-01  max|v|=1.168978e-01  max|w|=1.213945e-01  maxdiv=1.8679e-09  iters=15
[trace] step   65  <u>=1.029221e-02  max|u|=1.804434e-01  max|v|=1.168986e-01  max|w|=1.213952e-01  maxdiv=1.8679e-09  iters=15
[trace] step   66  <u>=1.029220e-02  max|u|=1.804439e-01  max|v|=1.168994e-01  max|w|=1.213960e-01  maxdiv=1.8679e-09  iters=15
[trace] step   67  <u>=1.029220e-02  max|u|=1.804444e-01  max|v|=1.169001e-01  max|w|=1.213967e-01  maxdiv=1.8679e-09  iters=15
[trace] step   68  <u>=1.029219e-02  max|u|=1.804449e-01  max|v|=1.169008e-01  max|w|=1.213974e-01  maxdiv=1.8679e-09  iters=15
[trace] step   69  <u>=1.029218e-02  max|u|=1.804453e-01  max|v|=1.169015e-01  max|w|=1.213981e-01  maxdiv=1.8679e-09  iters=15
[trace] step   70  <u>=1.029218e-02  max|u|=1.804458e-01  max|v|=1.169022e-01  max|w|=1.213987e-01  maxdiv=1.8679e-09  iters=15
[trace] step   71  <u>=1.029217e-02  max|u|=1.804462e-01  max|v|=1.169028e-01  max|w|=1.213994e-01  maxdiv=1.8678e-09  iters=15
[trace] step   72  <u>=1.029217e-02  max|u|=1.804466e-01  max|v|=1.169034e-01  max|w|=1.214000e-01  maxdiv=1.8678e-09  iters=15
[trace] step   73  <u>=1.029216e-02  max|u|=1.804470e-01  max|v|=1.169040e-01  max|w|=1.214006e-01  maxdiv=1.8678e-09  iters=15
[trace] step   74  <u>=1.029216e-02  max|u|=1.804474e-01  max|v|=1.169046e-01  max|w|=1.214012e-01  maxdiv=1.8678e-09  iters=15
[trace] step   75  <u>=1.029215e-02  max|u|=1.804477e-01  max|v|=1.169052e-01  max|w|=1.214018e-01  maxdiv=1.8678e-09  iters=15
[trace] step   76  <u>=1.029215e-02  max|u|=1.804481e-01  max|v|=1.169057e-01  max|w|=1.214024e-01  maxdiv=1.8678e-09  iters=15
[trace] step   77  <u>=1.029215e-02  max|u|=1.804484e-01  max|v|=1.169063e-01  max|w|=1.214030e-01  maxdiv=1.8678e-09  iters=15
[trace] step   78  <u>=1.029214e-02  max|u|=1.804487e-01  max|v|=1.169068e-01  max|w|=1.214035e-01  maxdiv=1.8678e-09  iters=15
[trace] step   79  <u>=1.029214e-02  max|u|=1.804490e-01  max|v|=1.169073e-01  max|w|=1.214040e-01  maxdiv=1.8678e-09  iters=15
[trace] step   80  <u>=1.029213e-02  max|u|=1.804493e-01  max|v|=1.169078e-01  max|w|=1.214046e-01  maxdiv=1.8678e-09  iters=15
[trace] step   81  <u>=1.029213e-02  max|u|=1.804496e-01  max|v|=1.169083e-01  max|w|=1.214051e-01  maxdiv=1.8678e-09  iters=15
[trace] step   82  <u>=1.029213e-02  max|u|=1.804499e-01  max|v|=1.169088e-01  max|w|=1.214056e-01  maxdiv=1.8678e-09  iters=15
[trace] step   83  <u>=1.029212e-02  max|u|=1.804502e-01  max|v|=1.169092e-01  max|w|=1.214061e-01  maxdiv=1.8678e-09  iters=15
[trace] step   84  <u>=1.029212e-02  max|u|=1.804504e-01  max|v|=1.169096e-01  max|w|=1.214065e-01  maxdiv=1.8678e-09  iters=15
[trace] step   85  <u>=1.029212e-02  max|u|=1.804507e-01  max|v|=1.169101e-01  max|w|=1.214070e-01  maxdiv=1.8677e-09  iters=15
[trace] step   86  <u>=1.029212e-02  max|u|=1.804509e-01  max|v|=1.169105e-01  max|w|=1.214075e-01  maxdiv=1.8677e-09  iters=15
[trace] step   87  <u>=1.029211e-02  max|u|=1.804512e-01  max|v|=1.169109e-01  max|w|=1.214079e-01  maxdiv=1.8677e-09  iters=15
[trace] step   88  <u>=1.029211e-02  max|u|=1.804514e-01  max|v|=1.169113e-01  max|w|=1.214083e-01  maxdiv=1.8677e-09  iters=15
[trace] step   89  <u>=1.029211e-02  max|u|=1.804516e-01  max|v|=1.169117e-01  max|w|=1.214088e-01  maxdiv=1.8677e-09  iters=15
[trace] step   90  <u>=1.029210e-02  max|u|=1.804518e-01  max|v|=1.169121e-01  max|w|=1.214092e-01  maxdiv=1.8677e-09  iters=15
[trace] step   91  <u>=1.029210e-02  max|u|=1.804520e-01  max|v|=1.169124e-01  max|w|=1.214096e-01  maxdiv=1.8677e-09  iters=15
[trace] step   92  <u>=1.029210e-02  max|u|=1.804522e-01  max|v|=1.169128e-01  max|w|=1.214100e-01  maxdiv=1.8677e-09  iters=15
[trace] step   93  <u>=1.029210e-02  max|u|=1.804524e-01  max|v|=1.169131e-01  max|w|=1.214104e-01  maxdiv=1.8677e-09  iters=15
[trace] step   94  <u>=1.029210e-02  max|u|=1.804526e-01  max|v|=1.169135e-01  max|w|=1.214107e-01  maxdiv=1.8677e-09  iters=15
[trace] step   95  <u>=1.029209e-02  max|u|=1.804528e-01  max|v|=1.169138e-01  max|w|=1.214111e-01  maxdiv=1.8677e-09  iters=15
[trace] step   96  <u>=1.029209e-02  max|u|=1.804530e-01  max|v|=1.169141e-01  max|w|=1.214115e-01  maxdiv=1.8677e-09  iters=15
[trace] step   97  <u>=1.029209e-02  max|u|=1.804531e-01  max|v|=1.169145e-01  max|w|=1.214118e-01  maxdiv=1.8677e-09  iters=15
[trace] step   98  <u>=1.029209e-02  max|u|=1.804533e-01  max|v|=1.169148e-01  max|w|=1.214122e-01  maxdiv=1.8677e-09  iters=15
[trace] step   99  <u>=1.029209e-02  max|u|=1.804534e-01  max|v|=1.169151e-01  max|w|=1.214125e-01  maxdiv=1.8677e-09  iters=15
[trace] step  100  <u>=1.029208e-02  max|u|=1.804536e-01  max|v|=1.169154e-01  max|w|=1.214128e-01  maxdiv=1.8677e-09  iters=15
[trace] step  101  <u>=1.029208e-02  max|u|=1.804537e-01  max|v|=1.169157e-01  max|w|=1.214132e-01  maxdiv=1.8677e-09  iters=15
[trace] step  102  <u>=1.029208e-02  max|u|=1.804539e-01  max|v|=1.169159e-01  max|w|=1.214135e-01  maxdiv=1.8677e-09  iters=15
[trace] step  103  <u>=1.029208e-02  max|u|=1.804540e-01  max|v|=1.169162e-01  max|w|=1.214138e-01  maxdiv=1.8677e-09  iters=15
[trace] step  104  <u>=1.029208e-02  max|u|=1.804542e-01  max|v|=1.169165e-01  max|w|=1.214141e-01  maxdiv=1.8677e-09  iters=15
[trace] step  105  <u>=1.029208e-02  max|u|=1.804543e-01  max|v|=1.169168e-01  max|w|=1.214144e-01  maxdiv=1.8677e-09  iters=15
[trace] step  106  <u>=1.029207e-02  max|u|=1.804544e-01  max|v|=1.169170e-01  max|w|=1.214147e-01  maxdiv=1.8677e-09  iters=15
[trace] step  107  <u>=1.029207e-02  max|u|=1.804545e-01  max|v|=1.169173e-01  max|w|=1.214150e-01  maxdiv=1.8677e-09  iters=15
[trace] step  108  <u>=1.029207e-02  max|u|=1.804547e-01  max|v|=1.169175e-01  max|w|=1.214152e-01  maxdiv=1.8677e-09  iters=15
[trace] step  109  <u>=1.029207e-02  max|u|=1.804548e-01  max|v|=1.169178e-01  max|w|=1.214155e-01  maxdiv=1.8677e-09  iters=15
[trace] step  110  <u>=1.029207e-02  max|u|=1.804549e-01  max|v|=1.169180e-01  max|w|=1.214158e-01  maxdiv=1.8677e-09  iters=15
[trace] step  111  <u>=1.029207e-02  max|u|=1.804550e-01  max|v|=1.169182e-01  max|w|=1.214161e-01  maxdiv=1.8677e-09  iters=15
[trace] step  112  <u>=1.029207e-02  max|u|=1.804551e-01  max|v|=1.169184e-01  max|w|=1.214163e-01  maxdiv=1.8677e-09  iters=15
[trace] step  113  <u>=1.029206e-02  max|u|=1.804552e-01  max|v|=1.169187e-01  max|w|=1.214166e-01  maxdiv=1.8677e-09  iters=15
[trace] step  114  <u>=1.029206e-02  max|u|=1.804553e-01  max|v|=1.169189e-01  max|w|=1.214168e-01  maxdiv=1.8677e-09  iters=15
[trace] step  115  <u>=1.029206e-02  max|u|=1.804554e-01  max|v|=1.169191e-01  max|w|=1.214171e-01  maxdiv=1.8677e-09  iters=15
[trace] step  116  <u>=1.029206e-02  max|u|=1.804555e-01  max|v|=1.169193e-01  max|w|=1.214173e-01  maxdiv=1.8677e-09  iters=15
[trace] step  117  <u>=1.029206e-02  max|u|=1.804556e-01  max|v|=1.169195e-01  max|w|=1.214175e-01  maxdiv=1.8677e-09  iters=15
[trace] step  118  <u>=1.029206e-02  max|u|=1.804557e-01  max|v|=1.169197e-01  max|w|=1.214177e-01  maxdiv=1.8677e-09  iters=15
[trace] step  119  <u>=1.029206e-02  max|u|=1.804557e-01  max|v|=1.169199e-01  max|w|=1.214180e-01  maxdiv=1.8677e-09  iters=15
[trace] step  120  <u>=1.029206e-02  max|u|=1.804558e-01  max|v|=1.169201e-01  max|w|=1.214182e-01  maxdiv=1.8677e-09  iters=15
[trace] step  121  <u>=1.029206e-02  max|u|=1.804559e-01  max|v|=1.169203e-01  max|w|=1.214184e-01  maxdiv=1.8677e-09  iters=15
[trace] step  122  <u>=1.029205e-02  max|u|=1.804560e-01  max|v|=1.169205e-01  max|w|=1.214186e-01  maxdiv=1.8677e-09  iters=15
[trace] step  123  <u>=1.029205e-02  max|u|=1.804561e-01  max|v|=1.169207e-01  max|w|=1.214188e-01  maxdiv=1.8677e-09  iters=15
[trace] step  124  <u>=1.029205e-02  max|u|=1.804561e-01  max|v|=1.169208e-01  max|w|=1.214190e-01  maxdiv=1.8677e-09  iters=15
[trace] step  125  <u>=1.029205e-02  max|u|=1.804562e-01  max|v|=1.169210e-01  max|w|=1.214192e-01  maxdiv=1.8677e-09  iters=15
[trace] step  126  <u>=1.029205e-02  max|u|=1.804563e-01  max|v|=1.169212e-01  max|w|=1.214194e-01  maxdiv=1.8677e-09  iters=15
[trace] step  127  <u>=1.029205e-02  max|u|=1.804563e-01  max|v|=1.169214e-01  max|w|=1.214196e-01  maxdiv=1.8677e-09  iters=15
[trace] step  128  <u>=1.029205e-02  max|u|=1.804564e-01  max|v|=1.169215e-01  max|w|=1.214198e-01  maxdiv=1.8677e-09  iters=15
[trace] step  129  <u>=1.029205e-02  max|u|=1.804565e-01  max|v|=1.169217e-01  max|w|=1.214200e-01  maxdiv=1.8677e-09  iters=15
[trace] step  130  <u>=1.029205e-02  max|u|=1.804565e-01  max|v|=1.169219e-01  max|w|=1.214201e-01  maxdiv=1.8677e-09  iters=15
[trace] step  131  <u>=1.029205e-02  max|u|=1.804566e-01  max|v|=1.169220e-01  max|w|=1.214203e-01  maxdiv=1.8677e-09  iters=15
[trace] step  132  <u>=1.029205e-02  max|u|=1.804567e-01  max|v|=1.169222e-01  max|w|=1.214205e-01  maxdiv=1.8677e-09  iters=15
[trace] step  133  <u>=1.029204e-02  max|u|=1.804567e-01  max|v|=1.169223e-01  max|w|=1.214207e-01  maxdiv=1.8677e-09  iters=15
[trace] step  134  <u>=1.029204e-02  max|u|=1.804568e-01  max|v|=1.169225e-01  max|w|=1.214208e-01  maxdiv=1.8677e-09  iters=15
[trace] step  135  <u>=1.029204e-02  max|u|=1.804568e-01  max|v|=1.169226e-01  max|w|=1.214210e-01  maxdiv=1.8677e-09  iters=15
[trace] step  136  <u>=1.029204e-02  max|u|=1.804569e-01  max|v|=1.169228e-01  max|w|=1.214211e-01  maxdiv=1.8677e-09  iters=15
[trace] step  137  <u>=1.029204e-02  max|u|=1.804569e-01  max|v|=1.169229e-01  max|w|=1.214213e-01  maxdiv=1.8677e-09  iters=15
[trace] step  138  <u>=1.029204e-02  max|u|=1.804570e-01  max|v|=1.169231e-01  max|w|=1.214215e-01  maxdiv=1.8677e-09  iters=15
[trace] step  139  <u>=1.029204e-02  max|u|=1.804570e-01  max|v|=1.169232e-01  max|w|=1.214216e-01  maxdiv=1.8677e-09  iters=15
[trace] step  140  <u>=1.029204e-02  max|u|=1.804571e-01  max|v|=1.169233e-01  max|w|=1.214217e-01  maxdiv=1.8677e-09  iters=15
[trace] step  141  <u>=1.029204e-02  max|u|=1.804571e-01  max|v|=1.169235e-01  max|w|=1.214219e-01  maxdiv=1.8677e-09  iters=15
[trace] step  142  <u>=1.029204e-02  max|u|=1.804572e-01  max|v|=1.169236e-01  max|w|=1.214220e-01  maxdiv=1.8677e-09  iters=15
[trace] step  143  <u>=1.029204e-02  max|u|=1.804572e-01  max|v|=1.169237e-01  max|w|=1.214222e-01  maxdiv=1.8677e-09  iters=15
[trace] step  144  <u>=1.029204e-02  max|u|=1.804573e-01  max|v|=1.169239e-01  max|w|=1.214223e-01  maxdiv=1.8677e-09  iters=15
[trace] step  145  <u>=1.029204e-02  max|u|=1.804573e-01  max|v|=1.169240e-01  max|w|=1.214224e-01  maxdiv=1.8678e-09  iters=14
[trace] step  146  <u>=1.029204e-02  max|u|=1.804573e-01  max|v|=1.169241e-01  max|w|=1.214226e-01  maxdiv=1.8678e-09  iters=14
[trace] step  147  <u>=1.029204e-02  max|u|=1.804574e-01  max|v|=1.169242e-01  max|w|=1.214227e-01  maxdiv=1.8678e-09  iters=14
[trace] step  148  <u>=1.029203e-02  max|u|=1.804574e-01  max|v|=1.169244e-01  max|w|=1.214228e-01  maxdiv=1.8678e-09  iters=14
[trace] step  149  <u>=1.029203e-02  max|u|=1.804575e-01  max|v|=1.169245e-01  max|w|=1.214229e-01  maxdiv=1.8678e-09  iters=14
[trace] step  150  <u>=1.029203e-02  max|u|=1.804575e-01  max|v|=1.169246e-01  max|w|=1.214231e-01  maxdiv=1.8678e-09  iters=14
[trace] step  151  <u>=1.029203e-02  max|u|=1.804575e-01  max|v|=1.169247e-01  max|w|=1.214232e-01  maxdiv=1.8678e-09  iters=14
[trace] step  152  <u>=1.029203e-02  max|u|=1.804576e-01  max|v|=1.169248e-01  max|w|=1.214233e-01  maxdiv=1.8678e-09  iters=14
[trace] step  153  <u>=1.029203e-02  max|u|=1.804576e-01  max|v|=1.169249e-01  max|w|=1.214234e-01  maxdiv=1.8678e-09  iters=14
[trace] step  154  <u>=1.029203e-02  max|u|=1.804576e-01  max|v|=1.169251e-01  max|w|=1.214235e-01  maxdiv=1.8678e-09  iters=14
[trace] step  155  <u>=1.029203e-02  max|u|=1.804577e-01  max|v|=1.169252e-01  max|w|=1.214236e-01  maxdiv=1.8678e-09  iters=14
[trace] step  156  <u>=1.029203e-02  max|u|=1.804577e-01  max|v|=1.169253e-01  max|w|=1.214238e-01  maxdiv=1.8678e-09  iters=14
[trace] step  157  <u>=1.029203e-02  max|u|=1.804577e-01  max|v|=1.169254e-01  max|w|=1.214239e-01  maxdiv=1.8678e-09  iters=14
[trace] step  158  <u>=1.029203e-02  max|u|=1.804578e-01  max|v|=1.169255e-01  max|w|=1.214240e-01  maxdiv=1.8678e-09  iters=14
[trace] step  159  <u>=1.029203e-02  max|u|=1.804578e-01  max|v|=1.169256e-01  max|w|=1.214241e-01  maxdiv=1.8678e-09  iters=14
[trace] step  160  <u>=1.029203e-02  max|u|=1.804578e-01  max|v|=1.169257e-01  max|w|=1.214242e-01  maxdiv=1.8678e-09  iters=14
[trace] step  161  <u>=1.029203e-02  max|u|=1.804579e-01  max|v|=1.169258e-01  max|w|=1.214243e-01  maxdiv=1.8678e-09  iters=14
[trace] step  162  <u>=1.029203e-02  max|u|=1.804579e-01  max|v|=1.169259e-01  max|w|=1.214244e-01  maxdiv=1.8678e-09  iters=14
[trace] step  163  <u>=1.029203e-02  max|u|=1.804579e-01  max|v|=1.169260e-01  max|w|=1.214245e-01  maxdiv=1.8678e-09  iters=14
[trace] step  164  <u>=1.029203e-02  max|u|=1.804579e-01  max|v|=1.169261e-01  max|w|=1.214245e-01  maxdiv=1.8678e-09  iters=14
[trace] step  165  <u>=1.029203e-02  max|u|=1.804580e-01  max|v|=1.169262e-01  max|w|=1.214246e-01  maxdiv=1.8678e-09  iters=14
[trace] step  166  <u>=1.029203e-02  max|u|=1.804580e-01  max|v|=1.169263e-01  max|w|=1.214247e-01  maxdiv=1.8678e-09  iters=14
[trace] step  167  <u>=1.029203e-02  max|u|=1.804580e-01  max|v|=1.169264e-01  max|w|=1.214248e-01  maxdiv=1.8678e-09  iters=14
[trace] step  168  <u>=1.029203e-02  max|u|=1.804580e-01  max|v|=1.169265e-01  max|w|=1.214249e-01  maxdiv=1.8678e-09  iters=14
[trace] step  169  <u>=1.029202e-02  max|u|=1.804581e-01  max|v|=1.169265e-01  max|w|=1.214250e-01  maxdiv=1.8678e-09  iters=14
[trace] step  170  <u>=1.029202e-02  max|u|=1.804581e-01  max|v|=1.169266e-01  max|w|=1.214251e-01  maxdiv=1.8678e-09  iters=14
[trace] step  171  <u>=1.029202e-02  max|u|=1.804581e-01  max|v|=1.169267e-01  max|w|=1.214252e-01  maxdiv=1.8678e-09  iters=14
[trace] step  172  <u>=1.029202e-02  max|u|=1.804581e-01  max|v|=1.169268e-01  max|w|=1.214252e-01  maxdiv=1.8678e-09  iters=14
[trace] step  173  <u>=1.029202e-02  max|u|=1.804581e-01  max|v|=1.169269e-01  max|w|=1.214253e-01  maxdiv=1.8678e-09  iters=14
[trace] step  174  <u>=1.029202e-02  max|u|=1.804582e-01  max|v|=1.169270e-01  max|w|=1.214254e-01  maxdiv=1.8678e-09  iters=14
[trace] step  175  <u>=1.029202e-02  max|u|=1.804582e-01  max|v|=1.169271e-01  max|w|=1.214255e-01  maxdiv=1.8678e-09  iters=14
[trace] step  176  <u>=1.029202e-02  max|u|=1.804582e-01  max|v|=1.169271e-01  max|w|=1.214255e-01  maxdiv=1.8678e-09  iters=14
[trace] step  177  <u>=1.029202e-02  max|u|=1.804582e-01  max|v|=1.169272e-01  max|w|=1.214256e-01  maxdiv=1.8678e-09  iters=14
[trace] step  178  <u>=1.029202e-02  max|u|=1.804583e-01  max|v|=1.169273e-01  max|w|=1.214257e-01  maxdiv=1.8678e-09  iters=14
[trace] step  179  <u>=1.029202e-02  max|u|=1.804583e-01  max|v|=1.169274e-01  max|w|=1.214258e-01  maxdiv=1.8678e-09  iters=14
[trace] step  180  <u>=1.029202e-02  max|u|=1.804583e-01  max|v|=1.169275e-01  max|w|=1.214258e-01  maxdiv=1.8678e-09  iters=14
[trace] step  181  <u>=1.029202e-02  max|u|=1.804583e-01  max|v|=1.169275e-01  max|w|=1.214259e-01  maxdiv=1.8678e-09  iters=14
[trace] step  182  <u>=1.029202e-02  max|u|=1.804583e-01  max|v|=1.169276e-01  max|w|=1.214260e-01  maxdiv=1.8678e-09  iters=14
[trace] step  183  <u>=1.029202e-02  max|u|=1.804583e-01  max|v|=1.169277e-01  max|w|=1.214260e-01  maxdiv=1.8678e-09  iters=14
[trace] step  184  <u>=1.029202e-02  max|u|=1.804584e-01  max|v|=1.169278e-01  max|w|=1.214261e-01  maxdiv=1.8678e-09  iters=14
[trace] step  185  <u>=1.029202e-02  max|u|=1.804584e-01  max|v|=1.169278e-01  max|w|=1.214262e-01  maxdiv=1.8678e-09  iters=14
[trace] step  186  <u>=1.029202e-02  max|u|=1.804584e-01  max|v|=1.169279e-01  max|w|=1.214262e-01  maxdiv=1.8678e-09  iters=14
[trace] step  187  <u>=1.029202e-02  max|u|=1.804584e-01  max|v|=1.169280e-01  max|w|=1.214263e-01  maxdiv=1.8678e-09  iters=14
[trace] step  188  <u>=1.029202e-02  max|u|=1.804584e-01  max|v|=1.169281e-01  max|w|=1.214263e-01  maxdiv=1.8678e-09  iters=14
[trace] step  189  <u>=1.029202e-02  max|u|=1.804584e-01  max|v|=1.169281e-01  max|w|=1.214264e-01  maxdiv=1.8678e-09  iters=14
[trace] step  190  <u>=1.029202e-02  max|u|=1.804585e-01  max|v|=1.169282e-01  max|w|=1.214265e-01  maxdiv=1.8678e-09  iters=14
[trace] step  191  <u>=1.029202e-02  max|u|=1.804585e-01  max|v|=1.169283e-01  max|w|=1.214265e-01  maxdiv=1.8678e-09  iters=14
[trace] step  192  <u>=1.029202e-02  max|u|=1.804585e-01  max|v|=1.169283e-01  max|w|=1.214266e-01  maxdiv=1.8678e-09  iters=14
[trace] step  193  <u>=1.029202e-02  max|u|=1.804585e-01  max|v|=1.169284e-01  max|w|=1.214266e-01  maxdiv=1.8678e-09  iters=14
[trace] step  194  <u>=1.029202e-02  max|u|=1.804585e-01  max|v|=1.169285e-01  max|w|=1.214267e-01  maxdiv=1.8678e-09  iters=14
[trace] step  195  <u>=1.029202e-02  max|u|=1.804585e-01  max|v|=1.169285e-01  max|w|=1.214267e-01  maxdiv=1.8678e-09  iters=14
[trace] step  196  <u>=1.029202e-02  max|u|=1.804585e-01  max|v|=1.169286e-01  max|w|=1.214268e-01  maxdiv=1.8678e-09  iters=14
[trace] step  197  <u>=1.029202e-02  max|u|=1.804586e-01  max|v|=1.169287e-01  max|w|=1.214268e-01  maxdiv=1.8678e-09  iters=14
[trace] step  198  <u>=1.029201e-02  max|u|=1.804586e-01  max|v|=1.169287e-01  max|w|=1.214269e-01  maxdiv=1.8678e-09  iters=14
[trace] step  199  <u>=1.029201e-02  max|u|=1.804586e-01  max|v|=1.169288e-01  max|w|=1.214269e-01  maxdiv=1.8678e-09  iters=14
[trace] step  200  <u>=1.029201e-02  max|u|=1.804586e-01  max|v|=1.169288e-01  max|w|=1.214270e-01  maxdiv=1.8678e-09  iters=14
[trace] step  201  <u>=1.029201e-02  max|u|=1.804586e-01  max|v|=1.169289e-01  max|w|=1.214270e-01  maxdiv=1.8678e-09  iters=14
[trace] step  202  <u>=1.029201e-02  max|u|=1.804586e-01  max|v|=1.169290e-01  max|w|=1.214271e-01  maxdiv=1.8678e-09  iters=14
[trace] step  203  <u>=1.029201e-02  max|u|=1.804586e-01  max|v|=1.169290e-01  max|w|=1.214271e-01  maxdiv=1.8678e-09  iters=14
[trace] step  204  <u>=1.029201e-02  max|u|=1.804586e-01  max|v|=1.169291e-01  max|w|=1.214272e-01  maxdiv=1.8678e-09  iters=14
[trace] step  205  <u>=1.029201e-02  max|u|=1.804587e-01  max|v|=1.169291e-01  max|w|=1.214272e-01  maxdiv=1.8678e-09  iters=14
[trace] step  206  <u>=1.029201e-02  max|u|=1.804587e-01  max|v|=1.169292e-01  max|w|=1.214273e-01  maxdiv=1.8678e-09  iters=14
[trace] step  207  <u>=1.029201e-02  max|u|=1.804587e-01  max|v|=1.169293e-01  max|w|=1.214273e-01  maxdiv=1.8678e-09  iters=14
[trace] step  208  <u>=1.029201e-02  max|u|=1.804587e-01  max|v|=1.169293e-01  max|w|=1.214274e-01  maxdiv=1.8678e-09  iters=14
[trace] step  209  <u>=1.029201e-02  max|u|=1.804587e-01  max|v|=1.169294e-01  max|w|=1.214274e-01  maxdiv=1.8678e-09  iters=14
[trace] step  210  <u>=1.029201e-02  max|u|=1.804587e-01  max|v|=1.169294e-01  max|w|=1.214274e-01  maxdiv=1.8678e-09  iters=14
[trace] step  211  <u>=1.029201e-02  max|u|=1.804587e-01  max|v|=1.169295e-01  max|w|=1.214275e-01  maxdiv=1.8678e-09  iters=14
[trace] step  212  <u>=1.029201e-02  max|u|=1.804587e-01  max|v|=1.169295e-01  max|w|=1.214275e-01  maxdiv=1.8678e-09  iters=14
[trace] step  213  <u>=1.029201e-02  max|u|=1.804587e-01  max|v|=1.169296e-01  max|w|=1.214276e-01  maxdiv=1.8678e-09  iters=14
[trace] step  214  <u>=1.029201e-02  max|u|=1.804588e-01  max|v|=1.169296e-01  max|w|=1.214276e-01  maxdiv=1.8678e-09  iters=14
[trace] step  215  <u>=1.029201e-02  max|u|=1.804588e-01  max|v|=1.169297e-01  max|w|=1.214276e-01  maxdiv=1.8678e-09  iters=14
[trace] step  216  <u>=1.029201e-02  max|u|=1.804588e-01  max|v|=1.169297e-01  max|w|=1.214277e-01  maxdiv=1.8678e-09  iters=14
[trace] step  217  <u>=1.029201e-02  max|u|=1.804588e-01  max|v|=1.169298e-01  max|w|=1.214277e-01  maxdiv=1.8678e-09  iters=14
[trace] step  218  <u>=1.029201e-02  max|u|=1.804588e-01  max|v|=1.169298e-01  max|w|=1.214277e-01  maxdiv=1.8678e-09  iters=14
[trace] step  219  <u>=1.029201e-02  max|u|=1.804588e-01  max|v|=1.169299e-01  max|w|=1.214278e-01  maxdiv=1.8678e-09  iters=14
[trace] step  220  <u>=1.029201e-02  max|u|=1.804588e-01  max|v|=1.169299e-01  max|w|=1.214278e-01  maxdiv=1.8678e-09  iters=14
[trace] step  221  <u>=1.029201e-02  max|u|=1.804588e-01  max|v|=1.169300e-01  max|w|=1.214278e-01  maxdiv=1.8678e-09  iters=14
[trace] step  222  <u>=1.029201e-02  max|u|=1.804588e-01  max|v|=1.169300e-01  max|w|=1.214279e-01  maxdiv=1.8678e-09  iters=14
[trace] step  223  <u>=1.029201e-02  max|u|=1.804588e-01  max|v|=1.169301e-01  max|w|=1.214279e-01  maxdiv=1.8678e-09  iters=14
[trace] step  224  <u>=1.029201e-02  max|u|=1.804589e-01  max|v|=1.169301e-01  max|w|=1.214280e-01  maxdiv=1.8678e-09  iters=14
[trace] step  225  <u>=1.029201e-02  max|u|=1.804589e-01  max|v|=1.169302e-01  max|w|=1.214280e-01  maxdiv=1.8678e-09  iters=14
[trace] step  226  <u>=1.029201e-02  max|u|=1.804589e-01  max|v|=1.169302e-01  max|w|=1.214280e-01  maxdiv=1.8678e-09  iters=14
[trace] step  227  <u>=1.029201e-02  max|u|=1.804589e-01  max|v|=1.169303e-01  max|w|=1.214280e-01  maxdiv=1.8678e-09  iters=14
[trace] step  228  <u>=1.029201e-02  max|u|=1.804589e-01  max|v|=1.169303e-01  max|w|=1.214281e-01  maxdiv=1.8678e-09  iters=14
[trace] step  229  <u>=1.029201e-02  max|u|=1.804589e-01  max|v|=1.169304e-01  max|w|=1.214281e-01  maxdiv=1.8678e-09  iters=14
[trace] step  230  <u>=1.029201e-02  max|u|=1.804589e-01  max|v|=1.169304e-01  max|w|=1.214281e-01  maxdiv=1.8678e-09  iters=14
[trace] step  231  <u>=1.029201e-02  max|u|=1.804589e-01  max|v|=1.169305e-01  max|w|=1.214282e-01  maxdiv=1.8678e-09  iters=14
[trace] step  232  <u>=1.029201e-02  max|u|=1.804589e-01  max|v|=1.169305e-01  max|w|=1.214282e-01  maxdiv=1.8678e-09  iters=14
[trace] step  233  <u>=1.029201e-02  max|u|=1.804589e-01  max|v|=1.169305e-01  max|w|=1.214282e-01  maxdiv=1.8678e-09  iters=14
[trace] step  234  <u>=1.029201e-02  max|u|=1.804589e-01  max|v|=1.169306e-01  max|w|=1.214283e-01  maxdiv=1.8678e-09  iters=14
[trace] step  235  <u>=1.029201e-02  max|u|=1.804589e-01  max|v|=1.169306e-01  max|w|=1.214283e-01  maxdiv=1.8678e-09  iters=14
[trace] step  236  <u>=1.029201e-02  max|u|=1.804589e-01  max|v|=1.169307e-01  max|w|=1.214283e-01  maxdiv=1.8678e-09  iters=14
[trace] step  237  <u>=1.029201e-02  max|u|=1.804590e-01  max|v|=1.169307e-01  max|w|=1.214283e-01  maxdiv=1.8678e-09  iters=14
[trace] step  238  <u>=1.029201e-02  max|u|=1.804590e-01  max|v|=1.169307e-01  max|w|=1.214284e-01  maxdiv=1.8678e-09  iters=14
[trace] step  239  <u>=1.029201e-02  max|u|=1.804590e-01  max|v|=1.169308e-01  max|w|=1.214284e-01  maxdiv=1.8678e-09  iters=14
[trace] step  240  <u>=1.029201e-02  max|u|=1.804590e-01  max|v|=1.169308e-01  max|w|=1.214284e-01  maxdiv=1.8679e-09  iters=14
[trace] step  241  <u>=1.029201e-02  max|u|=1.804590e-01  max|v|=1.169309e-01  max|w|=1.214284e-01  maxdiv=1.8679e-09  iters=14
[trace] step  242  <u>=1.029201e-02  max|u|=1.804590e-01  max|v|=1.169309e-01  max|w|=1.214285e-01  maxdiv=1.8679e-09  iters=14
[trace] step  243  <u>=1.029200e-02  max|u|=1.804590e-01  max|v|=1.169309e-01  max|w|=1.214285e-01  maxdiv=1.8679e-09  iters=14
[trace] step  244  <u>=1.029200e-02  max|u|=1.804590e-01  max|v|=1.169310e-01  max|w|=1.214285e-01  maxdiv=1.8679e-09  iters=14
[trace] step  245  <u>=1.029200e-02  max|u|=1.804590e-01  max|v|=1.169310e-01  max|w|=1.214285e-01  maxdiv=1.8679e-09  iters=14
[trace] step  246  <u>=1.029200e-02  max|u|=1.804590e-01  max|v|=1.169311e-01  max|w|=1.214286e-01  maxdiv=1.8679e-09  iters=14
[trace] step  247  <u>=1.029200e-02  max|u|=1.804590e-01  max|v|=1.169311e-01  max|w|=1.214286e-01  maxdiv=1.8679e-09  iters=14
[trace] step  248  <u>=1.029200e-02  max|u|=1.804590e-01  max|v|=1.169311e-01  max|w|=1.214286e-01  maxdiv=1.8679e-09  iters=14
[trace] step  249  <u>=1.029200e-02  max|u|=1.804590e-01  max|v|=1.169312e-01  max|w|=1.214286e-01  maxdiv=1.8679e-09  iters=14
[trace] step  250  <u>=1.029200e-02  max|u|=1.804590e-01  max|v|=1.169312e-01  max|w|=1.214286e-01  maxdiv=1.8679e-09  iters=14
[trace] step  251  <u>=1.029200e-02  max|u|=1.804590e-01  max|v|=1.169312e-01  max|w|=1.214287e-01  maxdiv=1.8679e-09  iters=14
[trace] step  252  <u>=1.029200e-02  max|u|=1.804591e-01  max|v|=1.169313e-01  max|w|=1.214287e-01  maxdiv=1.8679e-09  iters=14
[trace] step  253  <u>=1.029200e-02  max|u|=1.804591e-01  max|v|=1.169313e-01  max|w|=1.214287e-01  maxdiv=1.8679e-09  iters=14
[trace] step  254  <u>=1.029200e-02  max|u|=1.804591e-01  max|v|=1.169313e-01  max|w|=1.214287e-01  maxdiv=1.8679e-09  iters=14
[trace] step  255  <u>=1.029200e-02  max|u|=1.804591e-01  max|v|=1.169314e-01  max|w|=1.214287e-01  maxdiv=1.8679e-09  iters=14
[trace] step  256  <u>=1.029200e-02  max|u|=1.804591e-01  max|v|=1.169314e-01  max|w|=1.214288e-01  maxdiv=1.8679e-09  iters=14
[trace] step  257  <u>=1.029200e-02  max|u|=1.804591e-01  max|v|=1.169314e-01  max|w|=1.214288e-01  maxdiv=1.8679e-09  iters=14
[trace] step  258  <u>=1.029200e-02  max|u|=1.804591e-01  max|v|=1.169315e-01  max|w|=1.214288e-01  maxdiv=1.8679e-09  iters=14
[trace] step  259  <u>=1.029200e-02  max|u|=1.804591e-01  max|v|=1.169315e-01  max|w|=1.214288e-01  maxdiv=1.8679e-09  iters=14
[trace] step  260  <u>=1.029200e-02  max|u|=1.804591e-01  max|v|=1.169315e-01  max|w|=1.214288e-01  maxdiv=1.8679e-09  iters=14
[trace] step  261  <u>=1.029200e-02  max|u|=1.804591e-01  max|v|=1.169316e-01  max|w|=1.214289e-01  maxdiv=1.8679e-09  iters=14
[trace] step  262  <u>=1.029200e-02  max|u|=1.804591e-01  max|v|=1.169316e-01  max|w|=1.214289e-01  maxdiv=1.8679e-09  iters=14
[trace] step  263  <u>=1.029200e-02  max|u|=1.804591e-01  max|v|=1.169316e-01  max|w|=1.214289e-01  maxdiv=1.8679e-09  iters=14
[trace] step  264  <u>=1.029200e-02  max|u|=1.804591e-01  max|v|=1.169317e-01  max|w|=1.214289e-01  maxdiv=1.8679e-09  iters=14
[trace] step  265  <u>=1.029200e-02  max|u|=1.804591e-01  max|v|=1.169317e-01  max|w|=1.214289e-01  maxdiv=1.8679e-09  iters=14
[trace] step  266  <u>=1.029200e-02  max|u|=1.804591e-01  max|v|=1.169317e-01  max|w|=1.214290e-01  maxdiv=1.8679e-09  iters=14
[trace] step  267  <u>=1.029200e-02  max|u|=1.804591e-01  max|v|=1.169318e-01  max|w|=1.214290e-01  maxdiv=1.8679e-09  iters=14
[trace] step  268  <u>=1.029200e-02  max|u|=1.804591e-01  max|v|=1.169318e-01  max|w|=1.214290e-01  maxdiv=1.8679e-09  iters=14
[trace] step  269  <u>=1.029200e-02  max|u|=1.804591e-01  max|v|=1.169318e-01  max|w|=1.214290e-01  maxdiv=1.8679e-09  iters=14
[trace] step  270  <u>=1.029200e-02  max|u|=1.804591e-01  max|v|=1.169318e-01  max|w|=1.214290e-01  maxdiv=1.8679e-09  iters=14
[trace] step  271  <u>=1.029200e-02  max|u|=1.804592e-01  max|v|=1.169319e-01  max|w|=1.214290e-01  maxdiv=1.8679e-09  iters=14
[trace] step  272  <u>=1.029200e-02  max|u|=1.804592e-01  max|v|=1.169319e-01  max|w|=1.214291e-01  maxdiv=1.8679e-09  iters=14
[trace] step  273  <u>=1.029200e-02  max|u|=1.804592e-01  max|v|=1.169319e-01  max|w|=1.214291e-01  maxdiv=1.8679e-09  iters=14
[trace] step  274  <u>=1.029200e-02  max|u|=1.804592e-01  max|v|=1.169320e-01  max|w|=1.214291e-01  maxdiv=1.8679e-09  iters=14
[trace] step  275  <u>=1.029200e-02  max|u|=1.804592e-01  max|v|=1.169320e-01  max|w|=1.214291e-01  maxdiv=1.8679e-09  iters=14
[trace] step  276  <u>=1.029200e-02  max|u|=1.804592e-01  max|v|=1.169320e-01  max|w|=1.214291e-01  maxdiv=1.8679e-09  iters=14
[trace] step  277  <u>=1.029200e-02  max|u|=1.804592e-01  max|v|=1.169320e-01  max|w|=1.214291e-01  maxdiv=1.8679e-09  iters=14
[trace] step  278  <u>=1.029200e-02  max|u|=1.804592e-01  max|v|=1.169321e-01  max|w|=1.214291e-01  maxdiv=1.8679e-09  iters=14
[trace] step  279  <u>=1.029200e-02  max|u|=1.804592e-01  max|v|=1.169321e-01  max|w|=1.214292e-01  maxdiv=1.8679e-09  iters=14
[trace] step  280  <u>=1.029200e-02  max|u|=1.804592e-01  max|v|=1.169321e-01  max|w|=1.214292e-01  maxdiv=1.8679e-09  iters=14
[trace] step  281  <u>=1.029200e-02  max|u|=1.804592e-01  max|v|=1.169321e-01  max|w|=1.214292e-01  maxdiv=1.8679e-09  iters=14
[trace] step  282  <u>=1.029200e-02  max|u|=1.804592e-01  max|v|=1.169322e-01  max|w|=1.214292e-01  maxdiv=1.8679e-09  iters=14
[trace] step  283  <u>=1.029200e-02  max|u|=1.804592e-01  max|v|=1.169322e-01  max|w|=1.214292e-01  maxdiv=1.8679e-09  iters=14
[trace] step  284  <u>=1.029200e-02  max|u|=1.804592e-01  max|v|=1.169322e-01  max|w|=1.214292e-01  maxdiv=1.8679e-09  iters=14
[trace] step  285  <u>=1.029200e-02  max|u|=1.804592e-01  max|v|=1.169322e-01  max|w|=1.214292e-01  maxdiv=1.8679e-09  iters=14
[trace] step  286  <u>=1.029200e-02  max|u|=1.804592e-01  max|v|=1.169323e-01  max|w|=1.214293e-01  maxdiv=1.8679e-09  iters=14
[trace] step  287  <u>=1.029200e-02  max|u|=1.804592e-01  max|v|=1.169323e-01  max|w|=1.214293e-01  maxdiv=1.8679e-09  iters=14
[trace] step  288  <u>=1.029200e-02  max|u|=1.804592e-01  max|v|=1.169323e-01  max|w|=1.214293e-01  maxdiv=1.8679e-09  iters=14
[trace] step  289  <u>=1.029200e-02  max|u|=1.804592e-01  max|v|=1.169323e-01  max|w|=1.214293e-01  maxdiv=1.8679e-09  iters=14
[trace] step  290  <u>=1.029200e-02  max|u|=1.804592e-01  max|v|=1.169324e-01  max|w|=1.214293e-01  maxdiv=1.8679e-09  iters=14
[trace] step  291  <u>=1.029200e-02  max|u|=1.804592e-01  max|v|=1.169324e-01  max|w|=1.214293e-01  maxdiv=1.8679e-09  iters=14
[trace] step  292  <u>=1.029200e-02  max|u|=1.804592e-01  max|v|=1.169324e-01  max|w|=1.214293e-01  maxdiv=1.8679e-09  iters=14
[trace] step  293  <u>=1.029200e-02  max|u|=1.804592e-01  max|v|=1.169324e-01  max|w|=1.214293e-01  maxdiv=1.8679e-09  iters=14
[trace] step  294  <u>=1.029200e-02  max|u|=1.804592e-01  max|v|=1.169325e-01  max|w|=1.214294e-01  maxdiv=1.8679e-09  iters=14
[trace] step  295  <u>=1.029200e-02  max|u|=1.804592e-01  max|v|=1.169325e-01  max|w|=1.214294e-01  maxdiv=1.8679e-09  iters=14
[trace] step  296  <u>=1.029200e-02  max|u|=1.804593e-01  max|v|=1.169325e-01  max|w|=1.214294e-01  maxdiv=1.8679e-09  iters=14
[trace] step  297  <u>=1.029200e-02  max|u|=1.804593e-01  max|v|=1.169325e-01  max|w|=1.214294e-01  maxdiv=1.8679e-09  iters=14
[trace] step  298  <u>=1.029200e-02  max|u|=1.804593e-01  max|v|=1.169325e-01  max|w|=1.214294e-01  maxdiv=1.8679e-09  iters=14
[trace] step  299  <u>=1.029200e-02  max|u|=1.804593e-01  max|v|=1.169326e-01  max|w|=1.214294e-01  maxdiv=1.8679e-09  iters=14
[trace] step  300  <u>=1.029200e-02  max|u|=1.804593e-01  max|v|=1.169326e-01  max|w|=1.214294e-01  maxdiv=1.8679e-09  iters=14
[trace] step  301  <u>=1.029200e-02  max|u|=1.804593e-01  max|v|=1.169326e-01  max|w|=1.214294e-01  maxdiv=1.8679e-09  iters=14
[trace] step  302  <u>=1.029200e-02  max|u|=1.804593e-01  max|v|=1.169326e-01  max|w|=1.214294e-01  maxdiv=1.8679e-09  iters=14
[trace] step  303  <u>=1.029200e-02  max|u|=1.804593e-01  max|v|=1.169327e-01  max|w|=1.214295e-01  maxdiv=1.8679e-09  iters=14
[trace] step  304  <u>=1.029200e-02  max|u|=1.804593e-01  max|v|=1.169327e-01  max|w|=1.214295e-01  maxdiv=1.8679e-09  iters=14
[trace] step  305  <u>=1.029200e-02  max|u|=1.804593e-01  max|v|=1.169327e-01  max|w|=1.214295e-01  maxdiv=1.8679e-09  iters=14
[trace] step  306  <u>=1.029200e-02  max|u|=1.804593e-01  max|v|=1.169327e-01  max|w|=1.214295e-01  maxdiv=1.8679e-09  iters=14
[trace] step  307  <u>=1.029200e-02  max|u|=1.804593e-01  max|v|=1.169327e-01  max|w|=1.214295e-01  maxdiv=1.8679e-09  iters=14
[trace] step  308  <u>=1.029200e-02  max|u|=1.804593e-01  max|v|=1.169328e-01  max|w|=1.214295e-01  maxdiv=1.8679e-09  iters=14
[trace] step  309  <u>=1.029200e-02  max|u|=1.804593e-01  max|v|=1.169328e-01  max|w|=1.214295e-01  maxdiv=1.8679e-09  iters=14
[trace] step  310  <u>=1.029200e-02  max|u|=1.804593e-01  max|v|=1.169328e-01  max|w|=1.214295e-01  maxdiv=1.8679e-09  iters=14
[trace] step  311  <u>=1.029200e-02  max|u|=1.804593e-01  max|v|=1.169328e-01  max|w|=1.214295e-01  maxdiv=1.8679e-09  iters=14
[trace] step  312  <u>=1.029199e-02  max|u|=1.804593e-01  max|v|=1.169328e-01  max|w|=1.214295e-01  maxdiv=1.8679e-09  iters=14
[trace] step  313  <u>=1.029199e-02  max|u|=1.804593e-01  max|v|=1.169328e-01  max|w|=1.214296e-01  maxdiv=1.8679e-09  iters=14
[trace] step  314  <u>=1.029199e-02  max|u|=1.804593e-01  max|v|=1.169329e-01  max|w|=1.214296e-01  maxdiv=1.8679e-09  iters=14
[trace] step  315  <u>=1.029199e-02  max|u|=1.804593e-01  max|v|=1.169329e-01  max|w|=1.214296e-01  maxdiv=1.8679e-09  iters=14
[trace] step  316  <u>=1.029199e-02  max|u|=1.804593e-01  max|v|=1.169329e-01  max|w|=1.214296e-01  maxdiv=1.8679e-09  iters=14
[trace] step  317  <u>=1.029199e-02  max|u|=1.804593e-01  max|v|=1.169329e-01  max|w|=1.214296e-01  maxdiv=1.8679e-09  iters=14
[trace] step  318  <u>=1.029199e-02  max|u|=1.804593e-01  max|v|=1.169329e-01  max|w|=1.214296e-01  maxdiv=1.8679e-09  iters=14
[trace] step  319  <u>=1.029199e-02  max|u|=1.804593e-01  max|v|=1.169330e-01  max|w|=1.214296e-01  maxdiv=1.8679e-09  iters=14
[trace] step  320  <u>=1.029199e-02  max|u|=1.804593e-01  max|v|=1.169330e-01  max|w|=1.214296e-01  maxdiv=1.8679e-09  iters=14
[trace] step  321  <u>=1.029199e-02  max|u|=1.804593e-01  max|v|=1.169330e-01  max|w|=1.214296e-01  maxdiv=1.8679e-09  iters=14
[trace] step  322  <u>=1.029199e-02  max|u|=1.804593e-01  max|v|=1.169330e-01  max|w|=1.214296e-01  maxdiv=1.8679e-09  iters=14
[trace] step  323  <u>=1.029199e-02  max|u|=1.804593e-01  max|v|=1.169330e-01  max|w|=1.214296e-01  maxdiv=1.8679e-09  iters=14
[trace] step  324  <u>=1.029199e-02  max|u|=1.804593e-01  max|v|=1.169330e-01  max|w|=1.214296e-01  maxdiv=1.8679e-09  iters=14
[trace] step  325  <u>=1.029199e-02  max|u|=1.804593e-01  max|v|=1.169331e-01  max|w|=1.214297e-01  maxdiv=1.8679e-09  iters=14
[trace] step  326  <u>=1.029199e-02  max|u|=1.804593e-01  max|v|=1.169331e-01  max|w|=1.214297e-01  maxdiv=1.8679e-09  iters=14
[trace] step  327  <u>=1.029199e-02  max|u|=1.804593e-01  max|v|=1.169331e-01  max|w|=1.214297e-01  maxdiv=1.8679e-09  iters=14
[trace] step  328  <u>=1.029199e-02  max|u|=1.804594e-01  max|v|=1.169331e-01  max|w|=1.214297e-01  maxdiv=1.8679e-09  iters=14
[trace] step  329  <u>=1.029199e-02  max|u|=1.804594e-01  max|v|=1.169331e-01  max|w|=1.214297e-01  maxdiv=1.8679e-09  iters=14
[trace] step  330  <u>=1.029199e-02  max|u|=1.804594e-01  max|v|=1.169331e-01  max|w|=1.214297e-01  maxdiv=1.8679e-09  iters=14
[trace] step  331  <u>=1.029199e-02  max|u|=1.804594e-01  max|v|=1.169332e-01  max|w|=1.214297e-01  maxdiv=1.8679e-09  iters=14
[trace] step  332  <u>=1.029199e-02  max|u|=1.804594e-01  max|v|=1.169332e-01  max|w|=1.214297e-01  maxdiv=1.8679e-09  iters=14
[trace] step  333  <u>=1.029199e-02  max|u|=1.804594e-01  max|v|=1.169332e-01  max|w|=1.214297e-01  maxdiv=1.8679e-09  iters=14
[trace] step  334  <u>=1.029199e-02  max|u|=1.804594e-01  max|v|=1.169332e-01  max|w|=1.214297e-01  maxdiv=1.8679e-09  iters=14
[trace] step  335  <u>=1.029199e-02  max|u|=1.804594e-01  max|v|=1.169332e-01  max|w|=1.214297e-01  maxdiv=1.8679e-09  iters=14
[trace] step  336  <u>=1.029199e-02  max|u|=1.804594e-01  max|v|=1.169332e-01  max|w|=1.214297e-01  maxdiv=1.8679e-09  iters=14
[trace] step  337  <u>=1.029199e-02  max|u|=1.804594e-01  max|v|=1.169332e-01  max|w|=1.214297e-01  maxdiv=1.8679e-09  iters=14
[trace] step  338  <u>=1.029199e-02  max|u|=1.804594e-01  max|v|=1.169333e-01  max|w|=1.214298e-01  maxdiv=1.8679e-09  iters=14
[trace] step  339  <u>=1.029199e-02  max|u|=1.804594e-01  max|v|=1.169333e-01  max|w|=1.214298e-01  maxdiv=1.8679e-09  iters=14
[trace] step  340  <u>=1.029199e-02  max|u|=1.804594e-01  max|v|=1.169333e-01  max|w|=1.214298e-01  maxdiv=1.8679e-09  iters=14
[trace] step  341  <u>=1.029199e-02  max|u|=1.804594e-01  max|v|=1.169333e-01  max|w|=1.214298e-01  maxdiv=1.8679e-09  iters=14
[trace] step  342  <u>=1.029199e-02  max|u|=1.804594e-01  max|v|=1.169333e-01  max|w|=1.214298e-01  maxdiv=1.8679e-09  iters=14
[trace] step  343  <u>=1.029199e-02  max|u|=1.804594e-01  max|v|=1.169333e-01  max|w|=1.214298e-01  maxdiv=1.8679e-09  iters=14
[trace] step  344  <u>=1.029199e-02  max|u|=1.804594e-01  max|v|=1.169333e-01  max|w|=1.214298e-01  maxdiv=1.8679e-09  iters=14
[trace] step  345  <u>=1.029199e-02  max|u|=1.804594e-01  max|v|=1.169334e-01  max|w|=1.214298e-01  maxdiv=1.8679e-09  iters=14
[trace] step  346  <u>=1.029199e-02  max|u|=1.804594e-01  max|v|=1.169334e-01  max|w|=1.214298e-01  maxdiv=1.8679e-09  iters=14
[trace] step  347  <u>=1.029199e-02  max|u|=1.804594e-01  max|v|=1.169334e-01  max|w|=1.214298e-01  maxdiv=1.8679e-09  iters=14
[trace] step  348  <u>=1.029199e-02  max|u|=1.804594e-01  max|v|=1.169334e-01  max|w|=1.214298e-01  maxdiv=1.8679e-09  iters=14
[trace] step  349  <u>=1.029199e-02  max|u|=1.804594e-01  max|v|=1.169334e-01  max|w|=1.214298e-01  maxdiv=1.8679e-09  iters=14
[trace] step  350  <u>=1.029199e-02  max|u|=1.804594e-01  max|v|=1.169334e-01  max|w|=1.214298e-01  maxdiv=1.8679e-09  iters=14
[trace] step  351  <u>=1.029199e-02  max|u|=1.804594e-01  max|v|=1.169334e-01  max|w|=1.214298e-01  maxdiv=1.8679e-09  iters=14
[trace] step  352  <u>=1.029199e-02  max|u|=1.804594e-01  max|v|=1.169334e-01  max|w|=1.214298e-01  maxdiv=1.8679e-09  iters=14
[trace] step  353  <u>=1.029199e-02  max|u|=1.804594e-01  max|v|=1.169335e-01  max|w|=1.214299e-01  maxdiv=1.8679e-09  iters=14
[trace] step  354  <u>=1.029199e-02  max|u|=1.804594e-01  max|v|=1.169335e-01  max|w|=1.214299e-01  maxdiv=1.8679e-09  iters=14
[trace] step  355  <u>=1.029199e-02  max|u|=1.804594e-01  max|v|=1.169335e-01  max|w|=1.214299e-01  maxdiv=1.8679e-09  iters=14
[trace] step  356  <u>=1.029199e-02  max|u|=1.804594e-01  max|v|=1.169335e-01  max|w|=1.214299e-01  maxdiv=1.8679e-09  iters=14
[trace] step  357  <u>=1.029199e-02  max|u|=1.804594e-01  max|v|=1.169335e-01  max|w|=1.214299e-01  maxdiv=1.8679e-09  iters=14
[trace] step  358  <u>=1.029199e-02  max|u|=1.804594e-01  max|v|=1.169335e-01  max|w|=1.214299e-01  maxdiv=1.8679e-09  iters=14
[trace] step  359  <u>=1.029199e-02  max|u|=1.804594e-01  max|v|=1.169335e-01  max|w|=1.214299e-01  maxdiv=1.8679e-09  iters=14
[trace] step  360  <u>=1.029199e-02  max|u|=1.804594e-01  max|v|=1.169335e-01  max|w|=1.214299e-01  maxdiv=1.8679e-09  iters=14
[trace] step  361  <u>=1.029199e-02  max|u|=1.804594e-01  max|v|=1.169336e-01  max|w|=1.214299e-01  maxdiv=1.8679e-09  iters=14
[trace] step  362  <u>=1.029199e-02  max|u|=1.804594e-01  max|v|=1.169336e-01  max|w|=1.214299e-01  maxdiv=1.8679e-09  iters=14
[trace] step  363  <u>=1.029199e-02  max|u|=1.804594e-01  max|v|=1.169336e-01  max|w|=1.214299e-01  maxdiv=1.8679e-09  iters=14
[trace] step  364  <u>=1.029199e-02  max|u|=1.804594e-01  max|v|=1.169336e-01  max|w|=1.214299e-01  maxdiv=1.8679e-09  iters=14
[trace] step  365  <u>=1.029199e-02  max|u|=1.804594e-01  max|v|=1.169336e-01  max|w|=1.214299e-01  maxdiv=1.8679e-09  iters=14
[trace] step  366  <u>=1.029199e-02  max|u|=1.804594e-01  max|v|=1.169336e-01  max|w|=1.214299e-01  maxdiv=1.8679e-09  iters=14
[trace] step  367  <u>=1.029199e-02  max|u|=1.804594e-01  max|v|=1.169336e-01  max|w|=1.214299e-01  maxdiv=1.8679e-09  iters=14
[trace] step  368  <u>=1.029199e-02  max|u|=1.804594e-01  max|v|=1.169336e-01  max|w|=1.214299e-01  maxdiv=1.8679e-09  iters=14
[trace] step  369  <u>=1.029199e-02  max|u|=1.804594e-01  max|v|=1.169336e-01  max|w|=1.214299e-01  maxdiv=1.8679e-09  iters=14
[trace] step  370  <u>=1.029199e-02  max|u|=1.804594e-01  max|v|=1.169337e-01  max|w|=1.214299e-01  maxdiv=1.8679e-09  iters=14
[trace] step  371  <u>=1.029199e-02  max|u|=1.804594e-01  max|v|=1.169337e-01  max|w|=1.214300e-01  maxdiv=1.8679e-09  iters=14
[trace] step  372  <u>=1.029199e-02  max|u|=1.804594e-01  max|v|=1.169337e-01  max|w|=1.214300e-01  maxdiv=1.8679e-09  iters=14
[trace] step  373  <u>=1.029199e-02  max|u|=1.804595e-01  max|v|=1.169337e-01  max|w|=1.214300e-01  maxdiv=1.8679e-09  iters=14
[trace] step  374  <u>=1.029199e-02  max|u|=1.804595e-01  max|v|=1.169337e-01  max|w|=1.214300e-01  maxdiv=1.8679e-09  iters=14
[trace] step  375  <u>=1.029199e-02  max|u|=1.804595e-01  max|v|=1.169337e-01  max|w|=1.214300e-01  maxdiv=1.8679e-09  iters=14
[trace] step  376  <u>=1.029199e-02  max|u|=1.804595e-01  max|v|=1.169337e-01  max|w|=1.214300e-01  maxdiv=1.8679e-09  iters=14
[trace] step  377  <u>=1.029199e-02  max|u|=1.804595e-01  max|v|=1.169337e-01  max|w|=1.214300e-01  maxdiv=1.8679e-09  iters=14
[trace] step  378  <u>=1.029199e-02  max|u|=1.804595e-01  max|v|=1.169337e-01  max|w|=1.214300e-01  maxdiv=1.8679e-09  iters=14
[trace] step  379  <u>=1.029199e-02  max|u|=1.804595e-01  max|v|=1.169337e-01  max|w|=1.214300e-01  maxdiv=1.8679e-09  iters=14
[trace] step  380  <u>=1.029199e-02  max|u|=1.804595e-01  max|v|=1.169338e-01  max|w|=1.214300e-01  maxdiv=1.8679e-09  iters=14
[trace] step  381  <u>=1.029199e-02  max|u|=1.804595e-01  max|v|=1.169338e-01  max|w|=1.214300e-01  maxdiv=1.8679e-09  iters=14
[trace] step  382  <u>=1.029199e-02  max|u|=1.804595e-01  max|v|=1.169338e-01  max|w|=1.214300e-01  maxdiv=1.8679e-09  iters=14
[trace] step  383  <u>=1.029199e-02  max|u|=1.804595e-01  max|v|=1.169338e-01  max|w|=1.214300e-01  maxdiv=1.8679e-09  iters=14
[trace] step  384  <u>=1.029199e-02  max|u|=1.804595e-01  max|v|=1.169338e-01  max|w|=1.214300e-01  maxdiv=1.8679e-09  iters=14
[trace] step  385  <u>=1.029199e-02  max|u|=1.804595e-01  max|v|=1.169338e-01  max|w|=1.214300e-01  maxdiv=1.8679e-09  iters=14
[trace] step  386  <u>=1.029199e-02  max|u|=1.804595e-01  max|v|=1.169338e-01  max|w|=1.214300e-01  maxdiv=1.8679e-09  iters=14
[trace] step  387  <u>=1.029199e-02  max|u|=1.804595e-01  max|v|=1.169338e-01  max|w|=1.214300e-01  maxdiv=1.8679e-09  iters=14
[trace] step  388  <u>=1.029199e-02  max|u|=1.804595e-01  max|v|=1.169338e-01  max|w|=1.214300e-01  maxdiv=1.8679e-09  iters=14
[trace] step  389  <u>=1.029199e-02  max|u|=1.804595e-01  max|v|=1.169338e-01  max|w|=1.214300e-01  maxdiv=1.8679e-09  iters=14
[trace] step  390  <u>=1.029199e-02  max|u|=1.804595e-01  max|v|=1.169338e-01  max|w|=1.214300e-01  maxdiv=1.8679e-09  iters=14
[trace] step  391  <u>=1.029199e-02  max|u|=1.804595e-01  max|v|=1.169339e-01  max|w|=1.214300e-01  maxdiv=1.8679e-09  iters=14
[trace] step  392  <u>=1.029199e-02  max|u|=1.804595e-01  max|v|=1.169339e-01  max|w|=1.214300e-01  maxdiv=1.8679e-09  iters=14
[trace] step  393  <u>=1.029199e-02  max|u|=1.804595e-01  max|v|=1.169339e-01  max|w|=1.214301e-01  maxdiv=1.8679e-09  iters=14
[trace] step  394  <u>=1.029199e-02  max|u|=1.804595e-01  max|v|=1.169339e-01  max|w|=1.214301e-01  maxdiv=1.8679e-09  iters=14
[trace] step  395  <u>=1.029199e-02  max|u|=1.804595e-01  max|v|=1.169339e-01  max|w|=1.214301e-01  maxdiv=1.8679e-09  iters=14
[trace] step  396  <u>=1.029199e-02  max|u|=1.804595e-01  max|v|=1.169339e-01  max|w|=1.214301e-01  maxdiv=1.8679e-09  iters=14
[trace] step  397  <u>=1.029199e-02  max|u|=1.804595e-01  max|v|=1.169339e-01  max|w|=1.214301e-01  maxdiv=1.8679e-09  iters=14
[trace] step  398  <u>=1.029199e-02  max|u|=1.804595e-01  max|v|=1.169339e-01  max|w|=1.214301e-01  maxdiv=1.8679e-09  iters=14
[trace] step  399  <u>=1.029199e-02  max|u|=1.804595e-01  max|v|=1.169339e-01  max|w|=1.214301e-01  maxdiv=1.8679e-09  iters=14
[trace] step  400  <u>=1.029199e-02  max|u|=1.804595e-01  max|v|=1.169339e-01  max|w|=1.214301e-01  maxdiv=1.8679e-09  iters=14
[trace] step  401  <u>=1.029199e-02  max|u|=1.804595e-01  max|v|=1.169339e-01  max|w|=1.214301e-01  maxdiv=1.8679e-09  iters=14
[trace] step  402  <u>=1.029199e-02  max|u|=1.804595e-01  max|v|=1.169339e-01  max|w|=1.214301e-01  maxdiv=1.8679e-09  iters=14
[trace] step  403  <u>=1.029199e-02  max|u|=1.804595e-01  max|v|=1.169339e-01  max|w|=1.214301e-01  maxdiv=1.8679e-09  iters=14
[trace] step  404  <u>=1.029199e-02  max|u|=1.804595e-01  max|v|=1.169340e-01  max|w|=1.214301e-01  maxdiv=1.8679e-09  iters=14
[trace] step  405  <u>=1.029199e-02  max|u|=1.804595e-01  max|v|=1.169340e-01  max|w|=1.214301e-01  maxdiv=1.8679e-09  iters=14
[trace] step  406  <u>=1.029199e-02  max|u|=1.804595e-01  max|v|=1.169340e-01  max|w|=1.214301e-01  maxdiv=1.8679e-09  iters=14
[trace] step  407  <u>=1.029199e-02  max|u|=1.804595e-01  max|v|=1.169340e-01  max|w|=1.214301e-01  maxdiv=1.8679e-09  iters=14
[trace] step  408  <u>=1.029199e-02  max|u|=1.804595e-01  max|v|=1.169340e-01  max|w|=1.214301e-01  maxdiv=1.8679e-09  iters=14
[trace] step  409  <u>=1.029199e-02  max|u|=1.804595e-01  max|v|=1.169340e-01  max|w|=1.214301e-01  maxdiv=1.8679e-09  iters=14
[trace] step  410  <u>=1.029199e-02  max|u|=1.804595e-01  max|v|=1.169340e-01  max|w|=1.214301e-01  maxdiv=1.8679e-09  iters=14
[trace] step  411  <u>=1.029199e-02  max|u|=1.804595e-01  max|v|=1.169340e-01  max|w|=1.214301e-01  maxdiv=1.8679e-09  iters=14
[trace] step  412  <u>=1.029199e-02  max|u|=1.804595e-01  max|v|=1.169340e-01  max|w|=1.214301e-01  maxdiv=1.8679e-09  iters=14
[trace] step  413  <u>=1.029199e-02  max|u|=1.804595e-01  max|v|=1.169340e-01  max|w|=1.214301e-01  maxdiv=1.8679e-09  iters=14
[trace] step  414  <u>=1.029199e-02  max|u|=1.804595e-01  max|v|=1.169340e-01  max|w|=1.214301e-01  maxdiv=1.8679e-09  iters=14
[trace] step  415  <u>=1.029199e-02  max|u|=1.804595e-01  max|v|=1.169340e-01  max|w|=1.214301e-01  maxdiv=1.8679e-09  iters=14
[trace] step  416  <u>=1.029199e-02  max|u|=1.804595e-01  max|v|=1.169340e-01  max|w|=1.214301e-01  maxdiv=1.8679e-09  iters=14
[trace] step  417  <u>=1.029199e-02  max|u|=1.804595e-01  max|v|=1.169340e-01  max|w|=1.214301e-01  maxdiv=1.8679e-09  iters=14
[trace] step  418  <u>=1.029199e-02  max|u|=1.804595e-01  max|v|=1.169341e-01  max|w|=1.214301e-01  maxdiv=1.8680e-09  iters=14
[trace] step  419  <u>=1.029199e-02  max|u|=1.804595e-01  max|v|=1.169341e-01  max|w|=1.214302e-01  maxdiv=1.8680e-09  iters=14
[trace] step  420  <u>=1.029199e-02  max|u|=1.804595e-01  max|v|=1.169341e-01  max|w|=1.214302e-01  maxdiv=1.8680e-09  iters=14
[trace] step  421  <u>=1.029199e-02  max|u|=1.804595e-01  max|v|=1.169341e-01  max|w|=1.214302e-01  maxdiv=1.8680e-09  iters=14
[trace] step  422  <u>=1.029199e-02  max|u|=1.804595e-01  max|v|=1.169341e-01  max|w|=1.214302e-01  maxdiv=1.8680e-09  iters=14
[trace] step  423  <u>=1.029199e-02  max|u|=1.804595e-01  max|v|=1.169341e-01  max|w|=1.214302e-01  maxdiv=1.8680e-09  iters=14
[trace] step  424  <u>=1.029198e-02  max|u|=1.804595e-01  max|v|=1.169341e-01  max|w|=1.214302e-01  maxdiv=1.8680e-09  iters=14
[trace] step  425  <u>=1.029198e-02  max|u|=1.804595e-01  max|v|=1.169341e-01  max|w|=1.214302e-01  maxdiv=1.8680e-09  iters=14
[trace] step  426  <u>=1.029198e-02  max|u|=1.804595e-01  max|v|=1.169341e-01  max|w|=1.214302e-01  maxdiv=1.8680e-09  iters=14
[trace] step  427  <u>=1.029198e-02  max|u|=1.804595e-01  max|v|=1.169341e-01  max|w|=1.214302e-01  maxdiv=1.8680e-09  iters=14
[trace] step  428  <u>=1.029198e-02  max|u|=1.804595e-01  max|v|=1.169341e-01  max|w|=1.214302e-01  maxdiv=1.8680e-09  iters=14
[trace] step  429  <u>=1.029198e-02  max|u|=1.804595e-01  max|v|=1.169341e-01  max|w|=1.214302e-01  maxdiv=1.8680e-09  iters=14
[trace] step  430  <u>=1.029198e-02  max|u|=1.804595e-01  max|v|=1.169341e-01  max|w|=1.214302e-01  maxdiv=1.8680e-09  iters=14
[trace] step  431  <u>=1.029198e-02  max|u|=1.804595e-01  max|v|=1.169341e-01  max|w|=1.214302e-01  maxdiv=1.8680e-09  iters=14
[trace] step  432  <u>=1.029198e-02  max|u|=1.804595e-01  max|v|=1.169341e-01  max|w|=1.214302e-01  maxdiv=1.8680e-09  iters=14
[trace] step  433  <u>=1.029198e-02  max|u|=1.804595e-01  max|v|=1.169341e-01  max|w|=1.214302e-01  maxdiv=1.8680e-09  iters=14
[trace] step  434  <u>=1.029198e-02  max|u|=1.804595e-01  max|v|=1.169342e-01  max|w|=1.214302e-01  maxdiv=1.8680e-09  iters=14
[trace] step  435  <u>=1.029198e-02  max|u|=1.804595e-01  max|v|=1.169342e-01  max|w|=1.214302e-01  maxdiv=1.8680e-09  iters=14
[trace] step  436  <u>=1.029198e-02  max|u|=1.804595e-01  max|v|=1.169342e-01  max|w|=1.214302e-01  maxdiv=1.8680e-09  iters=14
[trace] step  437  <u>=1.029198e-02  max|u|=1.804595e-01  max|v|=1.169342e-01  max|w|=1.214302e-01  maxdiv=1.8680e-09  iters=14
[trace] step  438  <u>=1.029198e-02  max|u|=1.804595e-01  max|v|=1.169342e-01  max|w|=1.214302e-01  maxdiv=1.8680e-09  iters=14
[trace] step  439  <u>=1.029198e-02  max|u|=1.804595e-01  max|v|=1.169342e-01  max|w|=1.214302e-01  maxdiv=1.8680e-09  iters=14
[trace] step  440  <u>=1.029198e-02  max|u|=1.804595e-01  max|v|=1.169342e-01  max|w|=1.214302e-01  maxdiv=1.8680e-09  iters=14
[trace] step  441  <u>=1.029198e-02  max|u|=1.804595e-01  max|v|=1.169342e-01  max|w|=1.214302e-01  maxdiv=1.8680e-09  iters=14
[trace] step  442  <u>=1.029198e-02  max|u|=1.804595e-01  max|v|=1.169342e-01  max|w|=1.214302e-01  maxdiv=1.8680e-09  iters=14
[trace] step  443  <u>=1.029198e-02  max|u|=1.804595e-01  max|v|=1.169342e-01  max|w|=1.214302e-01  maxdiv=1.8680e-09  iters=14
[trace] step  444  <u>=1.029198e-02  max|u|=1.804595e-01  max|v|=1.169342e-01  max|w|=1.214302e-01  maxdiv=1.8680e-09  iters=14
[trace] step  445  <u>=1.029198e-02  max|u|=1.804595e-01  max|v|=1.169342e-01  max|w|=1.214302e-01  maxdiv=1.8680e-09  iters=14
[trace] step  446  <u>=1.029198e-02  max|u|=1.804595e-01  max|v|=1.169342e-01  max|w|=1.214302e-01  maxdiv=1.8680e-09  iters=14
[trace] step  447  <u>=1.029198e-02  max|u|=1.804596e-01  max|v|=1.169342e-01  max|w|=1.214302e-01  maxdiv=1.8680e-09  iters=14
[trace] step  448  <u>=1.029198e-02  max|u|=1.804596e-01  max|v|=1.169342e-01  max|w|=1.214302e-01  maxdiv=1.8680e-09  iters=14
[trace] step  449  <u>=1.029198e-02  max|u|=1.804596e-01  max|v|=1.169342e-01  max|w|=1.214302e-01  maxdiv=1.8680e-09  iters=14
[trace] step  450  <u>=1.029198e-02  max|u|=1.804596e-01  max|v|=1.169342e-01  max|w|=1.214302e-01  maxdiv=1.8680e-09  iters=14
[trace] step  451  <u>=1.029198e-02  max|u|=1.804596e-01  max|v|=1.169342e-01  max|w|=1.214302e-01  maxdiv=1.8680e-09  iters=14
[trace] step  452  <u>=1.029198e-02  max|u|=1.804596e-01  max|v|=1.169342e-01  max|w|=1.214302e-01  maxdiv=1.8680e-09  iters=14
[trace] step  453  <u>=1.029198e-02  max|u|=1.804596e-01  max|v|=1.169342e-01  max|w|=1.214303e-01  maxdiv=1.8680e-09  iters=14
[trace] step  454  <u>=1.029198e-02  max|u|=1.804596e-01  max|v|=1.169343e-01  max|w|=1.214303e-01  maxdiv=1.8680e-09  iters=14
[trace] step  455  <u>=1.029198e-02  max|u|=1.804596e-01  max|v|=1.169343e-01  max|w|=1.214303e-01  maxdiv=1.8680e-09  iters=14
[trace] step  456  <u>=1.029198e-02  max|u|=1.804596e-01  max|v|=1.169343e-01  max|w|=1.214303e-01  maxdiv=1.8680e-09  iters=14
[trace] step  457  <u>=1.029198e-02  max|u|=1.804596e-01  max|v|=1.169343e-01  max|w|=1.214303e-01  maxdiv=1.8680e-09  iters=14
[trace] step  458  <u>=1.029198e-02  max|u|=1.804596e-01  max|v|=1.169343e-01  max|w|=1.214303e-01  maxdiv=1.8680e-09  iters=14
[trace] step  459  <u>=1.029198e-02  max|u|=1.804596e-01  max|v|=1.169343e-01  max|w|=1.214303e-01  maxdiv=1.8680e-09  iters=14
[trace] step  460  <u>=1.029198e-02  max|u|=1.804596e-01  max|v|=1.169343e-01  max|w|=1.214303e-01  maxdiv=1.8680e-09  iters=14
[trace] step  461  <u>=1.029198e-02  max|u|=1.804596e-01  max|v|=1.169343e-01  max|w|=1.214303e-01  maxdiv=1.8680e-09  iters=14
[trace] step  462  <u>=1.029198e-02  max|u|=1.804596e-01  max|v|=1.169343e-01  max|w|=1.214303e-01  maxdiv=1.8680e-09  iters=14
[trace] step  463  <u>=1.029198e-02  max|u|=1.804596e-01  max|v|=1.169343e-01  max|w|=1.214303e-01  maxdiv=1.8680e-09  iters=14
[trace] step  464  <u>=1.029198e-02  max|u|=1.804596e-01  max|v|=1.169343e-01  max|w|=1.214303e-01  maxdiv=1.8680e-09  iters=14
[trace] step  465  <u>=1.029198e-02  max|u|=1.804596e-01  max|v|=1.169343e-01  max|w|=1.214303e-01  maxdiv=1.8680e-09  iters=14
[trace] step  466  <u>=1.029198e-02  max|u|=1.804596e-01  max|v|=1.169343e-01  max|w|=1.214303e-01  maxdiv=1.8680e-09  iters=14
[trace] step  467  <u>=1.029198e-02  max|u|=1.804596e-01  max|v|=1.169343e-01  max|w|=1.214303e-01  maxdiv=1.8680e-09  iters=14
[trace] step  468  <u>=1.029198e-02  max|u|=1.804596e-01  max|v|=1.169343e-01  max|w|=1.214303e-01  maxdiv=1.8680e-09  iters=14
[trace] step  469  <u>=1.029198e-02  max|u|=1.804596e-01  max|v|=1.169343e-01  max|w|=1.214303e-01  maxdiv=1.8680e-09  iters=14
[trace] step  470  <u>=1.029198e-02  max|u|=1.804596e-01  max|v|=1.169343e-01  max|w|=1.214303e-01  maxdiv=1.8680e-09  iters=14
[trace] step  471  <u>=1.029198e-02  max|u|=1.804596e-01  max|v|=1.169343e-01  max|w|=1.214303e-01  maxdiv=1.8680e-09  iters=14
[trace] step  472  <u>=1.029198e-02  max|u|=1.804596e-01  max|v|=1.169343e-01  max|w|=1.214303e-01  maxdiv=1.8680e-09  iters=14
[trace] step  473  <u>=1.029198e-02  max|u|=1.804596e-01  max|v|=1.169343e-01  max|w|=1.214303e-01  maxdiv=1.8680e-09  iters=14
[trace] step  474  <u>=1.029198e-02  max|u|=1.804596e-01  max|v|=1.169343e-01  max|w|=1.214303e-01  maxdiv=1.8680e-09  iters=14
[trace] step  475  <u>=1.029198e-02  max|u|=1.804596e-01  max|v|=1.169343e-01  max|w|=1.214303e-01  maxdiv=1.8680e-09  iters=14
[trace] step  476  <u>=1.029198e-02  max|u|=1.804596e-01  max|v|=1.169343e-01  max|w|=1.214303e-01  maxdiv=1.8680e-09  iters=14
[trace] step  477  <u>=1.029198e-02  max|u|=1.804596e-01  max|v|=1.169343e-01  max|w|=1.214303e-01  maxdiv=1.8680e-09  iters=14
[trace] step  478  <u>=1.029198e-02  max|u|=1.804596e-01  max|v|=1.169344e-01  max|w|=1.214303e-01  maxdiv=1.8680e-09  iters=14
[trace] step  479  <u>=1.029198e-02  max|u|=1.804596e-01  max|v|=1.169344e-01  max|w|=1.214303e-01  maxdiv=1.8680e-09  iters=14
[trace] step  480  <u>=1.029198e-02  max|u|=1.804596e-01  max|v|=1.169344e-01  max|w|=1.214303e-01  maxdiv=1.8680e-09  iters=14
[trace] step  481  <u>=1.029198e-02  max|u|=1.804596e-01  max|v|=1.169344e-01  max|w|=1.214303e-01  maxdiv=1.8680e-09  iters=14
[trace] step  482  <u>=1.029198e-02  max|u|=1.804596e-01  max|v|=1.169344e-01  max|w|=1.214303e-01  maxdiv=1.8680e-09  iters=14
[trace] step  483  <u>=1.029198e-02  max|u|=1.804596e-01  max|v|=1.169344e-01  max|w|=1.214303e-01  maxdiv=1.8680e-09  iters=14
[trace] step  484  <u>=1.029198e-02  max|u|=1.804596e-01  max|v|=1.169344e-01  max|w|=1.214303e-01  maxdiv=1.8680e-09  iters=14
[trace] step  485  <u>=1.029198e-02  max|u|=1.804596e-01  max|v|=1.169344e-01  max|w|=1.214303e-01  maxdiv=1.8680e-09  iters=14
[trace] step  486  <u>=1.029198e-02  max|u|=1.804596e-01  max|v|=1.169344e-01  max|w|=1.214303e-01  maxdiv=1.8680e-09  iters=14
[trace] step  487  <u>=1.029198e-02  max|u|=1.804596e-01  max|v|=1.169344e-01  max|w|=1.214303e-01  maxdiv=1.8680e-09  iters=14
[trace] step  488  <u>=1.029198e-02  max|u|=1.804596e-01  max|v|=1.169344e-01  max|w|=1.214303e-01  maxdiv=1.8680e-09  iters=14
[trace] step  489  <u>=1.029198e-02  max|u|=1.804596e-01  max|v|=1.169344e-01  max|w|=1.214303e-01  maxdiv=1.8680e-09  iters=14
[trace] step  490  <u>=1.029198e-02  max|u|=1.804596e-01  max|v|=1.169344e-01  max|w|=1.214303e-01  maxdiv=1.8680e-09  iters=14
[trace] step  491  <u>=1.029198e-02  max|u|=1.804596e-01  max|v|=1.169344e-01  max|w|=1.214303e-01  maxdiv=1.8680e-09  iters=14
[trace] step  492  <u>=1.029198e-02  max|u|=1.804596e-01  max|v|=1.169344e-01  max|w|=1.214303e-01  maxdiv=1.8680e-09  iters=14
[trace] step  493  <u>=1.029198e-02  max|u|=1.804596e-01  max|v|=1.169344e-01  max|w|=1.214303e-01  maxdiv=1.8680e-09  iters=14
[trace] step  494  <u>=1.029198e-02  max|u|=1.804596e-01  max|v|=1.169344e-01  max|w|=1.214303e-01  maxdiv=1.8680e-09  iters=14
[trace] step  495  <u>=1.029198e-02  max|u|=1.804596e-01  max|v|=1.169344e-01  max|w|=1.214303e-01  maxdiv=1.8680e-09  iters=14
[trace] step  496  <u>=1.029198e-02  max|u|=1.804596e-01  max|v|=1.169344e-01  max|w|=1.214304e-01  maxdiv=1.8680e-09  iters=14
[trace] step  497  <u>=1.029198e-02  max|u|=1.804596e-01  max|v|=1.169344e-01  max|w|=1.214304e-01  maxdiv=1.8680e-09  iters=14
[trace] step  498  <u>=1.029198e-02  max|u|=1.804596e-01  max|v|=1.169344e-01  max|w|=1.214304e-01  maxdiv=1.8680e-09  iters=14
[trace] step  499  <u>=1.029198e-02  max|u|=1.804596e-01  max|v|=1.169344e-01  max|w|=1.214304e-01  maxdiv=1.8680e-09  iters=14
[trace] step  500  <u>=1.029198e-02  max|u|=1.804596e-01  max|v|=1.169344e-01  max|w|=1.214304e-01  maxdiv=1.8680e-09  iters=14
[trace] step  501  <u>=1.029198e-02  max|u|=1.804596e-01  max|v|=1.169344e-01  max|w|=1.214304e-01  maxdiv=1.8680e-09  iters=14
[trace] step  502  <u>=1.029198e-02  max|u|=1.804596e-01  max|v|=1.169344e-01  max|w|=1.214304e-01  maxdiv=1.8680e-09  iters=14
[trace] step  503  <u>=1.029198e-02  max|u|=1.804596e-01  max|v|=1.169344e-01  max|w|=1.214304e-01  maxdiv=1.8680e-09  iters=14
[trace] step  504  <u>=1.029198e-02  max|u|=1.804596e-01  max|v|=1.169344e-01  max|w|=1.214304e-01  maxdiv=1.8680e-09  iters=14
[trace] step  505  <u>=1.029198e-02  max|u|=1.804596e-01  max|v|=1.169344e-01  max|w|=1.214304e-01  maxdiv=1.8680e-09  iters=14
[trace] step  506  <u>=1.029198e-02  max|u|=1.804596e-01  max|v|=1.169344e-01  max|w|=1.214304e-01  maxdiv=1.8680e-09  iters=14
[trace] step  507  <u>=1.029198e-02  max|u|=1.804596e-01  max|v|=1.169344e-01  max|w|=1.214304e-01  maxdiv=1.8680e-09  iters=14
[trace] step  508  <u>=1.029198e-02  max|u|=1.804596e-01  max|v|=1.169344e-01  max|w|=1.214304e-01  maxdiv=1.8680e-09  iters=14
[trace] step  509  <u>=1.029198e-02  max|u|=1.804596e-01  max|v|=1.169344e-01  max|w|=1.214304e-01  maxdiv=1.8680e-09  iters=14
[trace] step  510  <u>=1.029198e-02  max|u|=1.804596e-01  max|v|=1.169344e-01  max|w|=1.214304e-01  maxdiv=1.8680e-09  iters=14
[trace] step  511  <u>=1.029198e-02  max|u|=1.804596e-01  max|v|=1.169345e-01  max|w|=1.214304e-01  maxdiv=1.8680e-09  iters=14
[trace] step  512  <u>=1.029198e-02  max|u|=1.804596e-01  max|v|=1.169345e-01  max|w|=1.214304e-01  maxdiv=1.8680e-09  iters=14
[trace] step  513  <u>=1.029198e-02  max|u|=1.804596e-01  max|v|=1.169345e-01  max|w|=1.214304e-01  maxdiv=1.8680e-09  iters=14
[trace] step  514  <u>=1.029198e-02  max|u|=1.804596e-01  max|v|=1.169345e-01  max|w|=1.214304e-01  maxdiv=1.8680e-09  iters=14
[trace] step  515  <u>=1.029198e-02  max|u|=1.804596e-01  max|v|=1.169345e-01  max|w|=1.214304e-01  maxdiv=1.8680e-09  iters=14
[trace] step  516  <u>=1.029198e-02  max|u|=1.804596e-01  max|v|=1.169345e-01  max|w|=1.214304e-01  maxdiv=1.8680e-09  iters=14
[trace] step  517  <u>=1.029198e-02  max|u|=1.804596e-01  max|v|=1.169345e-01  max|w|=1.214304e-01  maxdiv=1.8680e-09  iters=14
[trace] step  518  <u>=1.029198e-02  max|u|=1.804596e-01  max|v|=1.169345e-01  max|w|=1.214304e-01  maxdiv=1.8680e-09  iters=14
[trace] step  519  <u>=1.029198e-02  max|u|=1.804596e-01  max|v|=1.169345e-01  max|w|=1.214304e-01  maxdiv=1.8680e-09  iters=14
[trace] step  520  <u>=1.029198e-02  max|u|=1.804596e-01  max|v|=1.169345e-01  max|w|=1.214304e-01  maxdiv=1.8680e-09  iters=14
[trace] step  521  <u>=1.029198e-02  max|u|=1.804596e-01  max|v|=1.169345e-01  max|w|=1.214304e-01  maxdiv=1.8680e-09  iters=14
[trace] step  522  <u>=1.029198e-02  max|u|=1.804596e-01  max|v|=1.169345e-01  max|w|=1.214304e-01  maxdiv=1.8680e-09  iters=14
[trace] step  523  <u>=1.029198e-02  max|u|=1.804596e-01  max|v|=1.169345e-01  max|w|=1.214304e-01  maxdiv=1.8680e-09  iters=14
[trace] step  524  <u>=1.029198e-02  max|u|=1.804596e-01  max|v|=1.169345e-01  max|w|=1.214304e-01  maxdiv=1.8680e-09  iters=14
[trace] step  525  <u>=1.029198e-02  max|u|=1.804596e-01  max|v|=1.169345e-01  max|w|=1.214304e-01  maxdiv=1.8680e-09  iters=14
[trace] step  526  <u>=1.029198e-02  max|u|=1.804596e-01  max|v|=1.169345e-01  max|w|=1.214304e-01  maxdiv=1.8680e-09  iters=14
[trace] step  527  <u>=1.029198e-02  max|u|=1.804596e-01  max|v|=1.169345e-01  max|w|=1.214304e-01  maxdiv=1.8680e-09  iters=14
[trace] step  528  <u>=1.029198e-02  max|u|=1.804596e-01  max|v|=1.169345e-01  max|w|=1.214304e-01  maxdiv=1.8680e-09  iters=14
[trace] step  529  <u>=1.029198e-02  max|u|=1.804596e-01  max|v|=1.169345e-01  max|w|=1.214304e-01  maxdiv=1.8680e-09  iters=14
[trace] step  530  <u>=1.029198e-02  max|u|=1.804596e-01  max|v|=1.169345e-01  max|w|=1.214304e-01  maxdiv=1.8680e-09  iters=14
[trace] step  531  <u>=1.029198e-02  max|u|=1.804596e-01  max|v|=1.169345e-01  max|w|=1.214304e-01  maxdiv=1.8680e-09  iters=14
[trace] step  532  <u>=1.029198e-02  max|u|=1.804596e-01  max|v|=1.169345e-01  max|w|=1.214304e-01  maxdiv=1.8680e-09  iters=14
[trace] step  533  <u>=1.029198e-02  max|u|=1.804596e-01  max|v|=1.169345e-01  max|w|=1.214304e-01  maxdiv=1.8680e-09  iters=14
[trace] step  534  <u>=1.029198e-02  max|u|=1.804596e-01  max|v|=1.169345e-01  max|w|=1.214304e-01  maxdiv=1.8680e-09  iters=14
[trace] step  535  <u>=1.029198e-02  max|u|=1.804596e-01  max|v|=1.169345e-01  max|w|=1.214304e-01  maxdiv=1.8680e-09  iters=14
[trace] step  536  <u>=1.029198e-02  max|u|=1.804596e-01  max|v|=1.169345e-01  max|w|=1.214304e-01  maxdiv=1.8680e-09  iters=14
[trace] step  537  <u>=1.029198e-02  max|u|=1.804596e-01  max|v|=1.169345e-01  max|w|=1.214304e-01  maxdiv=1.8680e-09  iters=14
[trace] step  538  <u>=1.029198e-02  max|u|=1.804596e-01  max|v|=1.169345e-01  max|w|=1.214304e-01  maxdiv=1.8680e-09  iters=14
[trace] step  539  <u>=1.029198e-02  max|u|=1.804596e-01  max|v|=1.169345e-01  max|w|=1.214304e-01  maxdiv=1.8680e-09  iters=14
[trace] step  540  <u>=1.029198e-02  max|u|=1.804596e-01  max|v|=1.169345e-01  max|w|=1.214304e-01  maxdiv=1.8680e-09  iters=14
[trace] step  541  <u>=1.029198e-02  max|u|=1.804596e-01  max|v|=1.169345e-01  max|w|=1.214304e-01  maxdiv=1.8680e-09  iters=14
[trace] step  542  <u>=1.029198e-02  max|u|=1.804596e-01  max|v|=1.169345e-01  max|w|=1.214304e-01  maxdiv=1.8680e-09  iters=14
[trace] step  543  <u>=1.029198e-02  max|u|=1.804596e-01  max|v|=1.169345e-01  max|w|=1.214304e-01  maxdiv=1.8680e-09  iters=14
[trace] step  544  <u>=1.029198e-02  max|u|=1.804596e-01  max|v|=1.169345e-01  max|w|=1.214304e-01  maxdiv=1.8680e-09  iters=14
[trace] step  545  <u>=1.029198e-02  max|u|=1.804596e-01  max|v|=1.169345e-01  max|w|=1.214304e-01  maxdiv=1.8680e-09  iters=14
[trace] step  546  <u>=1.029198e-02  max|u|=1.804596e-01  max|v|=1.169345e-01  max|w|=1.214304e-01  maxdiv=1.8680e-09  iters=14
[trace] step  547  <u>=1.029198e-02  max|u|=1.804596e-01  max|v|=1.169345e-01  max|w|=1.214304e-01  maxdiv=1.8680e-09  iters=14
[trace] step  548  <u>=1.029198e-02  max|u|=1.804596e-01  max|v|=1.169345e-01  max|w|=1.214304e-01  maxdiv=1.8680e-09  iters=14
[trace] step  549  <u>=1.029198e-02  max|u|=1.804596e-01  max|v|=1.169345e-01  max|w|=1.214304e-01  maxdiv=1.8680e-09  iters=14
[trace] step  550  <u>=1.029198e-02  max|u|=1.804596e-01  max|v|=1.169345e-01  max|w|=1.214304e-01  maxdiv=1.8680e-09  iters=14
[trace] step  551  <u>=1.029198e-02  max|u|=1.804596e-01  max|v|=1.169345e-01  max|w|=1.214304e-01  maxdiv=1.8680e-09  iters=14
[trace] step  552  <u>=1.029198e-02  max|u|=1.804596e-01  max|v|=1.169345e-01  max|w|=1.214304e-01  maxdiv=1.8680e-09  iters=14
[trace] step  553  <u>=1.029198e-02  max|u|=1.804596e-01  max|v|=1.169345e-01  max|w|=1.214304e-01  maxdiv=1.8680e-09  iters=14
[trace] step  554  <u>=1.029198e-02  max|u|=1.804596e-01  max|v|=1.169345e-01  max|w|=1.214305e-01  maxdiv=1.8680e-09  iters=14
[trace] step  555  <u>=1.029198e-02  max|u|=1.804596e-01  max|v|=1.169345e-01  max|w|=1.214305e-01  maxdiv=1.8680e-09  iters=14
[trace] step  556  <u>=1.029198e-02  max|u|=1.804596e-01  max|v|=1.169345e-01  max|w|=1.214305e-01  maxdiv=1.8680e-09  iters=14
[trace] step  557  <u>=1.029198e-02  max|u|=1.804596e-01  max|v|=1.169345e-01  max|w|=1.214305e-01  maxdiv=1.8680e-09  iters=14
[trace] step  558  <u>=1.029198e-02  max|u|=1.804596e-01  max|v|=1.169346e-01  max|w|=1.214305e-01  maxdiv=1.8680e-09  iters=14
[trace] step  559  <u>=1.029198e-02  max|u|=1.804596e-01  max|v|=1.169346e-01  max|w|=1.214305e-01  maxdiv=1.8680e-09  iters=14
[trace] step  560  <u>=1.029198e-02  max|u|=1.804596e-01  max|v|=1.169346e-01  max|w|=1.214305e-01  maxdiv=1.8680e-09  iters=14
[trace] step  561  <u>=1.029198e-02  max|u|=1.804596e-01  max|v|=1.169346e-01  max|w|=1.214305e-01  maxdiv=1.8680e-09  iters=14
[trace] step  562  <u>=1.029198e-02  max|u|=1.804596e-01  max|v|=1.169346e-01  max|w|=1.214305e-01  maxdiv=1.8680e-09  iters=14
[trace] step  563  <u>=1.029198e-02  max|u|=1.804596e-01  max|v|=1.169346e-01  max|w|=1.214305e-01  maxdiv=1.8680e-09  iters=14
[trace] step  564  <u>=1.029198e-02  max|u|=1.804596e-01  max|v|=1.169346e-01  max|w|=1.214305e-01  maxdiv=1.8680e-09  iters=14
[trace] step  565  <u>=1.029198e-02  max|u|=1.804596e-01  max|v|=1.169346e-01  max|w|=1.214305e-01  maxdiv=1.8680e-09  iters=14
[trace] step  566  <u>=1.029198e-02  max|u|=1.804596e-01  max|v|=1.169346e-01  max|w|=1.214305e-01  maxdiv=1.8680e-09  iters=14
[trace] step  567  <u>=1.029198e-02  max|u|=1.804596e-01  max|v|=1.169346e-01  max|w|=1.214305e-01  maxdiv=1.8680e-09  iters=14
[trace] step  568  <u>=1.029198e-02  max|u|=1.804596e-01  max|v|=1.169346e-01  max|w|=1.214305e-01  maxdiv=1.8680e-09  iters=14
[trace] step  569  <u>=1.029198e-02  max|u|=1.804596e-01  max|v|=1.169346e-01  max|w|=1.214305e-01  maxdiv=1.8680e-09  iters=14
[trace] step  570  <u>=1.029198e-02  max|u|=1.804596e-01  max|v|=1.169346e-01  max|w|=1.214305e-01  maxdiv=1.8680e-09  iters=14
[trace] step  571  <u>=1.029198e-02  max|u|=1.804596e-01  max|v|=1.169346e-01  max|w|=1.214305e-01  maxdiv=1.8680e-09  iters=14
[trace] step  572  <u>=1.029198e-02  max|u|=1.804596e-01  max|v|=1.169346e-01  max|w|=1.214305e-01  maxdiv=1.8680e-09  iters=14
[trace] step  573  <u>=1.029198e-02  max|u|=1.804596e-01  max|v|=1.169346e-01  max|w|=1.214305e-01  maxdiv=1.8680e-09  iters=14
[trace] step  574  <u>=1.029198e-02  max|u|=1.804596e-01  max|v|=1.169346e-01  max|w|=1.214305e-01  maxdiv=1.8680e-09  iters=14
[trace] step  575  <u>=1.029198e-02  max|u|=1.804596e-01  max|v|=1.169346e-01  max|w|=1.214305e-01  maxdiv=1.8680e-09  iters=14
[trace] step  576  <u>=1.029198e-02  max|u|=1.804596e-01  max|v|=1.169346e-01  max|w|=1.214305e-01  maxdiv=1.8680e-09  iters=14
[trace] step  577  <u>=1.029198e-02  max|u|=1.804596e-01  max|v|=1.169346e-01  max|w|=1.214305e-01  maxdiv=1.8679e-09  iters=15
[trace] step  578  <u>=1.029198e-02  max|u|=1.804596e-01  max|v|=1.169346e-01  max|w|=1.214305e-01  maxdiv=1.8679e-09  iters=15
[trace] step  579  <u>=1.029198e-02  max|u|=1.804596e-01  max|v|=1.169346e-01  max|w|=1.214305e-01  maxdiv=1.8679e-09  iters=15
[trace] step  580  <u>=1.029198e-02  max|u|=1.804596e-01  max|v|=1.169346e-01  max|w|=1.214305e-01  maxdiv=1.8679e-09  iters=15
[trace] step  581  <u>=1.029198e-02  max|u|=1.804596e-01  max|v|=1.169346e-01  max|w|=1.214305e-01  maxdiv=1.8679e-09  iters=15
[trace] step  582  <u>=1.029198e-02  max|u|=1.804596e-01  max|v|=1.169346e-01  max|w|=1.214305e-01  maxdiv=1.8679e-09  iters=15
[trace] step  583  <u>=1.029198e-02  max|u|=1.804596e-01  max|v|=1.169346e-01  max|w|=1.214305e-01  maxdiv=1.8679e-09  iters=15
[trace] step  584  <u>=1.029198e-02  max|u|=1.804596e-01  max|v|=1.169346e-01  max|w|=1.214305e-01  maxdiv=1.8679e-09  iters=15
[trace] step  585  <u>=1.029198e-02  max|u|=1.804596e-01  max|v|=1.169346e-01  max|w|=1.214305e-01  maxdiv=1.8679e-09  iters=15
[trace] step  586  <u>=1.029198e-02  max|u|=1.804596e-01  max|v|=1.169346e-01  max|w|=1.214305e-01  maxdiv=1.8679e-09  iters=15
[trace] step  587  <u>=1.029198e-02  max|u|=1.804596e-01  max|v|=1.169346e-01  max|w|=1.214305e-01  maxdiv=1.8679e-09  iters=15
[trace] step  588  <u>=1.029198e-02  max|u|=1.804596e-01  max|v|=1.169346e-01  max|w|=1.214305e-01  maxdiv=1.8679e-09  iters=15
[trace] step  589  <u>=1.029198e-02  max|u|=1.804596e-01  max|v|=1.169346e-01  max|w|=1.214305e-01  maxdiv=1.8679e-09  iters=15
[trace] step  590  <u>=1.029198e-02  max|u|=1.804596e-01  max|v|=1.169346e-01  max|w|=1.214305e-01  maxdiv=1.8679e-09  iters=15
[trace] step  591  <u>=1.029198e-02  max|u|=1.804596e-01  max|v|=1.169346e-01  max|w|=1.214305e-01  maxdiv=1.8679e-09  iters=15
[trace] step  592  <u>=1.029198e-02  max|u|=1.804596e-01  max|v|=1.169346e-01  max|w|=1.214305e-01  maxdiv=1.8679e-09  iters=15
[trace] step  593  <u>=1.029198e-02  max|u|=1.804596e-01  max|v|=1.169346e-01  max|w|=1.214305e-01  maxdiv=1.8679e-09  iters=15
[trace] step  594  <u>=1.029198e-02  max|u|=1.804596e-01  max|v|=1.169346e-01  max|w|=1.214305e-01  maxdiv=1.8679e-09  iters=15
[trace] step  595  <u>=1.029198e-02  max|u|=1.804596e-01  max|v|=1.169346e-01  max|w|=1.214305e-01  maxdiv=1.8679e-09  iters=15
[trace] step  596  <u>=1.029198e-02  max|u|=1.804596e-01  max|v|=1.169346e-01  max|w|=1.214305e-01  maxdiv=1.8679e-09  iters=15
[trace] step  597  <u>=1.029198e-02  max|u|=1.804596e-01  max|v|=1.169346e-01  max|w|=1.214305e-01  maxdiv=1.8679e-09  iters=15
[trace] step  598  <u>=1.029198e-02  max|u|=1.804596e-01  max|v|=1.169346e-01  max|w|=1.214305e-01  maxdiv=1.8679e-09  iters=15
[trace] step  599  <u>=1.029198e-02  max|u|=1.804596e-01  max|v|=1.169346e-01  max|w|=1.214305e-01  maxdiv=1.8679e-09  iters=15
[trace] step  600  <u>=1.029198e-02  max|u|=1.804596e-01  max|v|=1.169346e-01  max|w|=1.214305e-01  maxdiv=1.8679e-09  iters=15
[trace] step  601  <u>=1.029198e-02  max|u|=1.804596e-01  max|v|=1.169346e-01  max|w|=1.214305e-01  maxdiv=1.8679e-09  iters=15
[trace] step  602  <u>=1.029198e-02  max|u|=1.804596e-01  max|v|=1.169346e-01  max|w|=1.214305e-01  maxdiv=1.8679e-09  iters=15
[trace] step  603  <u>=1.029198e-02  max|u|=1.804596e-01  max|v|=1.169346e-01  max|w|=1.214305e-01  maxdiv=1.8679e-09  iters=15
[trace] step  604  <u>=1.029198e-02  max|u|=1.804596e-01  max|v|=1.169346e-01  max|w|=1.214305e-01  maxdiv=1.8679e-09  iters=15
[trace] step  605  <u>=1.029198e-02  max|u|=1.804596e-01  max|v|=1.169346e-01  max|w|=1.214305e-01  maxdiv=1.8679e-09  iters=15
[trace] step  606  <u>=1.029198e-02  max|u|=1.804596e-01  max|v|=1.169346e-01  max|w|=1.214305e-01  maxdiv=1.8679e-09  iters=15
[trace] step  607  <u>=1.029198e-02  max|u|=1.804596e-01  max|v|=1.169346e-01  max|w|=1.214305e-01  maxdiv=1.8679e-09  iters=15
[trace] step  608  <u>=1.029198e-02  max|u|=1.804596e-01  max|v|=1.169346e-01  max|w|=1.214305e-01  maxdiv=1.8679e-09  iters=15
[trace] step  609  <u>=1.029198e-02  max|u|=1.804596e-01  max|v|=1.169346e-01  max|w|=1.214305e-01  maxdiv=1.8679e-09  iters=15
[trace] step  610  <u>=1.029198e-02  max|u|=1.804596e-01  max|v|=1.169346e-01  max|w|=1.214305e-01  maxdiv=1.8679e-09  iters=15
[trace] step  611  <u>=1.029198e-02  max|u|=1.804596e-01  max|v|=1.169346e-01  max|w|=1.214305e-01  maxdiv=1.8679e-09  iters=15
[trace] step  612  <u>=1.029198e-02  max|u|=1.804596e-01  max|v|=1.169346e-01  max|w|=1.214305e-01  maxdiv=1.8679e-09  iters=15
[trace] step  613  <u>=1.029198e-02  max|u|=1.804596e-01  max|v|=1.169346e-01  max|w|=1.214305e-01  maxdiv=1.8679e-09  iters=15
[trace] step  614  <u>=1.029198e-02  max|u|=1.804596e-01  max|v|=1.169346e-01  max|w|=1.214305e-01  maxdiv=1.8679e-09  iters=15
[trace] step  615  <u>=1.029198e-02  max|u|=1.804596e-01  max|v|=1.169346e-01  max|w|=1.214305e-01  maxdiv=1.8679e-09  iters=15
[trace] step  616  <u>=1.029198e-02  max|u|=1.804596e-01  max|v|=1.169346e-01  max|w|=1.214305e-01  maxdiv=1.8679e-09  iters=15
[trace] step  617  <u>=1.029198e-02  max|u|=1.804596e-01  max|v|=1.169346e-01  max|w|=1.214305e-01  maxdiv=1.8679e-09  iters=15
[trace] step  618  <u>=1.029198e-02  max|u|=1.804596e-01  max|v|=1.169346e-01  max|w|=1.214305e-01  maxdiv=1.8679e-09  iters=15
[trace] step  619  <u>=1.029198e-02  max|u|=1.804596e-01  max|v|=1.169346e-01  max|w|=1.214305e-01  maxdiv=1.8679e-09  iters=15
[trace] step  620  <u>=1.029198e-02  max|u|=1.804596e-01  max|v|=1.169346e-01  max|w|=1.214305e-01  maxdiv=1.8679e-09  iters=15
[trace] step  621  <u>=1.029198e-02  max|u|=1.804596e-01  max|v|=1.169346e-01  max|w|=1.214305e-01  maxdiv=1.8679e-09  iters=15
[trace] step  622  <u>=1.029198e-02  max|u|=1.804596e-01  max|v|=1.169346e-01  max|w|=1.214305e-01  maxdiv=1.8679e-09  iters=15
[trace] step  623  <u>=1.029198e-02  max|u|=1.804596e-01  max|v|=1.169346e-01  max|w|=1.214305e-01  maxdiv=1.8679e-09  iters=15
[trace] step  624  <u>=1.029198e-02  max|u|=1.804596e-01  max|v|=1.169346e-01  max|w|=1.214305e-01  maxdiv=1.8679e-09  iters=15
[trace] step  625  <u>=1.029198e-02  max|u|=1.804596e-01  max|v|=1.169346e-01  max|w|=1.214305e-01  maxdiv=1.8679e-09  iters=15
[trace] step  626  <u>=1.029198e-02  max|u|=1.804596e-01  max|v|=1.169346e-01  max|w|=1.214305e-01  maxdiv=1.8679e-09  iters=15
[trace] step  627  <u>=1.029198e-02  max|u|=1.804596e-01  max|v|=1.169346e-01  max|w|=1.214305e-01  maxdiv=1.8679e-09  iters=15
[trace] step  628  <u>=1.029198e-02  max|u|=1.804596e-01  max|v|=1.169346e-01  max|w|=1.214305e-01  maxdiv=1.8679e-09  iters=15
[trace] step  629  <u>=1.029198e-02  max|u|=1.804596e-01  max|v|=1.169346e-01  max|w|=1.214305e-01  maxdiv=1.8679e-09  iters=15
[trace] step  630  <u>=1.029198e-02  max|u|=1.804596e-01  max|v|=1.169346e-01  max|w|=1.214305e-01  maxdiv=1.8679e-09  iters=15
[trace] step  631  <u>=1.029198e-02  max|u|=1.804596e-01  max|v|=1.169346e-01  max|w|=1.214305e-01  maxdiv=1.8679e-09  iters=15
[trace] step  632  <u>=1.029198e-02  max|u|=1.804596e-01  max|v|=1.169346e-01  max|w|=1.214305e-01  maxdiv=1.8679e-09  iters=15
[trace] step  633  <u>=1.029198e-02  max|u|=1.804596e-01  max|v|=1.169346e-01  max|w|=1.214305e-01  maxdiv=1.8679e-09  iters=15
[trace] step  634  <u>=1.029198e-02  max|u|=1.804596e-01  max|v|=1.169346e-01  max|w|=1.214305e-01  maxdiv=1.8679e-09  iters=15
[trace] step  635  <u>=1.029198e-02  max|u|=1.804596e-01  max|v|=1.169346e-01  max|w|=1.214305e-01  maxdiv=1.8679e-09  iters=15
[trace] step  636  <u>=1.029198e-02  max|u|=1.804596e-01  max|v|=1.169346e-01  max|w|=1.214305e-01  maxdiv=1.8679e-09  iters=15
[trace] step  637  <u>=1.029198e-02  max|u|=1.804596e-01  max|v|=1.169346e-01  max|w|=1.214305e-01  maxdiv=1.8679e-09  iters=15
[trace] step  638  <u>=1.029198e-02  max|u|=1.804596e-01  max|v|=1.169346e-01  max|w|=1.214305e-01  maxdiv=1.8679e-09  iters=15
[trace] step  639  <u>=1.029198e-02  max|u|=1.804596e-01  max|v|=1.169346e-01  max|w|=1.214305e-01  maxdiv=1.8679e-09  iters=15
[trace] step  640  <u>=1.029198e-02  max|u|=1.804596e-01  max|v|=1.169346e-01  max|w|=1.214305e-01  maxdiv=1.8679e-09  iters=15
[trace] step  641  <u>=1.029197e-02  max|u|=1.804596e-01  max|v|=1.169346e-01  max|w|=1.214305e-01  maxdiv=1.8679e-09  iters=15
[trace] step  642  <u>=1.029197e-02  max|u|=1.804596e-01  max|v|=1.169346e-01  max|w|=1.214305e-01  maxdiv=1.8679e-09  iters=15
[trace] step  643  <u>=1.029197e-02  max|u|=1.804597e-01  max|v|=1.169346e-01  max|w|=1.214305e-01  maxdiv=1.8679e-09  iters=15
[trace] step  644  <u>=1.029197e-02  max|u|=1.804597e-01  max|v|=1.169346e-01  max|w|=1.214306e-01  maxdiv=1.8679e-09  iters=15
[trace] step  645  <u>=1.029197e-02  max|u|=1.804597e-01  max|v|=1.169346e-01  max|w|=1.214306e-01  maxdiv=1.8679e-09  iters=15
[trace] step  646  <u>=1.029197e-02  max|u|=1.804597e-01  max|v|=1.169346e-01  max|w|=1.214306e-01  maxdiv=1.8679e-09  iters=15
[trace] step  647  <u>=1.029197e-02  max|u|=1.804597e-01  max|v|=1.169346e-01  max|w|=1.214306e-01  maxdiv=1.8679e-09  iters=15
[trace] step  648  <u>=1.029197e-02  max|u|=1.804597e-01  max|v|=1.169346e-01  max|w|=1.214306e-01  maxdiv=1.8679e-09  iters=15
[trace] step  649  <u>=1.029197e-02  max|u|=1.804597e-01  max|v|=1.169347e-01  max|w|=1.214306e-01  maxdiv=1.8679e-09  iters=15
[trace] step  650  <u>=1.029197e-02  max|u|=1.804597e-01  max|v|=1.169347e-01  max|w|=1.214306e-01  maxdiv=1.8679e-09  iters=15
[trace] step  651  <u>=1.029197e-02  max|u|=1.804597e-01  max|v|=1.169347e-01  max|w|=1.214306e-01  maxdiv=1.8679e-09  iters=15
[trace] step  652  <u>=1.029197e-02  max|u|=1.804597e-01  max|v|=1.169347e-01  max|w|=1.214306e-01  maxdiv=1.8679e-09  iters=15
[trace] step  653  <u>=1.029197e-02  max|u|=1.804597e-01  max|v|=1.169347e-01  max|w|=1.214306e-01  maxdiv=1.8679e-09  iters=15
[trace] step  654  <u>=1.029197e-02  max|u|=1.804597e-01  max|v|=1.169347e-01  max|w|=1.214306e-01  maxdiv=1.8679e-09  iters=15
[trace] step  655  <u>=1.029197e-02  max|u|=1.804597e-01  max|v|=1.169347e-01  max|w|=1.214306e-01  maxdiv=1.8679e-09  iters=15
[trace] step  656  <u>=1.029197e-02  max|u|=1.804597e-01  max|v|=1.169347e-01  max|w|=1.214306e-01  maxdiv=1.8679e-09  iters=15
[trace] step  657  <u>=1.029197e-02  max|u|=1.804597e-01  max|v|=1.169347e-01  max|w|=1.214306e-01  maxdiv=1.8679e-09  iters=15
[trace] step  658  <u>=1.029197e-02  max|u|=1.804597e-01  max|v|=1.169347e-01  max|w|=1.214306e-01  maxdiv=1.8679e-09  iters=15
[trace] step  659  <u>=1.029197e-02  max|u|=1.804597e-01  max|v|=1.169347e-01  max|w|=1.214306e-01  maxdiv=1.8679e-09  iters=15
[trace] step  660  <u>=1.029197e-02  max|u|=1.804597e-01  max|v|=1.169347e-01  max|w|=1.214306e-01  maxdiv=1.8679e-09  iters=15
[trace] step  661  <u>=1.029197e-02  max|u|=1.804597e-01  max|v|=1.169347e-01  max|w|=1.214306e-01  maxdiv=1.8679e-09  iters=15
[trace] step  662  <u>=1.029197e-02  max|u|=1.804597e-01  max|v|=1.169347e-01  max|w|=1.214306e-01  maxdiv=1.8679e-09  iters=15
[trace] step  663  <u>=1.029197e-02  max|u|=1.804597e-01  max|v|=1.169347e-01  max|w|=1.214306e-01  maxdiv=1.8679e-09  iters=15
[trace] step  664  <u>=1.029197e-02  max|u|=1.804597e-01  max|v|=1.169347e-01  max|w|=1.214306e-01  maxdiv=1.8679e-09  iters=15
[trace] step  665  <u>=1.029197e-02  max|u|=1.804597e-01  max|v|=1.169347e-01  max|w|=1.214306e-01  maxdiv=1.8679e-09  iters=15
[trace] step  666  <u>=1.029197e-02  max|u|=1.804597e-01  max|v|=1.169347e-01  max|w|=1.214306e-01  maxdiv=1.8679e-09  iters=15
[trace] step  667  <u>=1.029197e-02  max|u|=1.804597e-01  max|v|=1.169347e-01  max|w|=1.214306e-01  maxdiv=1.8679e-09  iters=15
[trace] step  668  <u>=1.029197e-02  max|u|=1.804597e-01  max|v|=1.169347e-01  max|w|=1.214306e-01  maxdiv=1.8679e-09  iters=15
[trace] step  669  <u>=1.029197e-02  max|u|=1.804597e-01  max|v|=1.169347e-01  max|w|=1.214306e-01  maxdiv=1.8679e-09  iters=15
[trace] step  670  <u>=1.029197e-02  max|u|=1.804597e-01  max|v|=1.169347e-01  max|w|=1.214306e-01  maxdiv=1.8679e-09  iters=15
[trace] step  671  <u>=1.029197e-02  max|u|=1.804597e-01  max|v|=1.169347e-01  max|w|=1.214306e-01  maxdiv=1.8679e-09  iters=15
[trace] step  672  <u>=1.029197e-02  max|u|=1.804597e-01  max|v|=1.169347e-01  max|w|=1.214306e-01  maxdiv=1.8679e-09  iters=15
[trace] step  673  <u>=1.029197e-02  max|u|=1.804597e-01  max|v|=1.169347e-01  max|w|=1.214306e-01  maxdiv=1.8679e-09  iters=15
[trace] step  674  <u>=1.029197e-02  max|u|=1.804597e-01  max|v|=1.169347e-01  max|w|=1.214306e-01  maxdiv=1.8679e-09  iters=15
[trace] step  675  <u>=1.029197e-02  max|u|=1.804597e-01  max|v|=1.169347e-01  max|w|=1.214306e-01  maxdiv=1.8679e-09  iters=15
[trace] step  676  <u>=1.029197e-02  max|u|=1.804597e-01  max|v|=1.169347e-01  max|w|=1.214306e-01  maxdiv=1.8679e-09  iters=15
[trace] step  677  <u>=1.029197e-02  max|u|=1.804597e-01  max|v|=1.169347e-01  max|w|=1.214306e-01  maxdiv=1.8679e-09  iters=15
[trace] step  678  <u>=1.029197e-02  max|u|=1.804597e-01  max|v|=1.169347e-01  max|w|=1.214306e-01  maxdiv=1.8679e-09  iters=15
[trace] step  679  <u>=1.029197e-02  max|u|=1.804597e-01  max|v|=1.169347e-01  max|w|=1.214306e-01  maxdiv=1.8679e-09  iters=15
[trace] step  680  <u>=1.029197e-02  max|u|=1.804597e-01  max|v|=1.169347e-01  max|w|=1.214306e-01  maxdiv=1.8679e-09  iters=15
[trace] step  681  <u>=1.029197e-02  max|u|=1.804597e-01  max|v|=1.169347e-01  max|w|=1.214306e-01  maxdiv=1.8679e-09  iters=15
[trace] step  682  <u>=1.029197e-02  max|u|=1.804597e-01  max|v|=1.169347e-01  max|w|=1.214306e-01  maxdiv=1.8679e-09  iters=15
[trace] step  683  <u>=1.029197e-02  max|u|=1.804597e-01  max|v|=1.169347e-01  max|w|=1.214306e-01  maxdiv=1.8679e-09  iters=15
[trace] step  684  <u>=1.029197e-02  max|u|=1.804597e-01  max|v|=1.169347e-01  max|w|=1.214306e-01  maxdiv=1.8679e-09  iters=15
[trace] step  685  <u>=1.029197e-02  max|u|=1.804597e-01  max|v|=1.169347e-01  max|w|=1.214306e-01  maxdiv=1.8679e-09  iters=15
[trace] step  686  <u>=1.029197e-02  max|u|=1.804597e-01  max|v|=1.169347e-01  max|w|=1.214306e-01  maxdiv=1.8679e-09  iters=15
[trace] step  687  <u>=1.029197e-02  max|u|=1.804597e-01  max|v|=1.169347e-01  max|w|=1.214306e-01  maxdiv=1.8679e-09  iters=15
[trace] step  688  <u>=1.029197e-02  max|u|=1.804597e-01  max|v|=1.169347e-01  max|w|=1.214306e-01  maxdiv=1.8679e-09  iters=15
[trace] step  689  <u>=1.029197e-02  max|u|=1.804597e-01  max|v|=1.169347e-01  max|w|=1.214306e-01  maxdiv=1.8679e-09  iters=15
[trace] step  690  <u>=1.029197e-02  max|u|=1.804597e-01  max|v|=1.169347e-01  max|w|=1.214306e-01  maxdiv=1.8679e-09  iters=15
[trace] step  691  <u>=1.029197e-02  max|u|=1.804597e-01  max|v|=1.169347e-01  max|w|=1.214306e-01  maxdiv=1.8679e-09  iters=15
[trace] step  692  <u>=1.029197e-02  max|u|=1.804597e-01  max|v|=1.169347e-01  max|w|=1.214306e-01  maxdiv=1.8679e-09  iters=15
[trace] step  693  <u>=1.029197e-02  max|u|=1.804597e-01  max|v|=1.169347e-01  max|w|=1.214306e-01  maxdiv=1.8679e-09  iters=15
[trace] step  694  <u>=1.029197e-02  max|u|=1.804597e-01  max|v|=1.169347e-01  max|w|=1.214306e-01  maxdiv=1.8679e-09  iters=15
[trace] step  695  <u>=1.029197e-02  max|u|=1.804597e-01  max|v|=1.169347e-01  max|w|=1.214306e-01  maxdiv=1.8679e-09  iters=15
[trace] step  696  <u>=1.029197e-02  max|u|=1.804597e-01  max|v|=1.169347e-01  max|w|=1.214306e-01  maxdiv=1.8679e-09  iters=15
[trace] step  697  <u>=1.029197e-02  max|u|=1.804597e-01  max|v|=1.169347e-01  max|w|=1.214306e-01  maxdiv=1.8679e-09  iters=15
[trace] step  698  <u>=1.029197e-02  max|u|=1.804597e-01  max|v|=1.169347e-01  max|w|=1.214306e-01  maxdiv=1.8679e-09  iters=15
[trace] step  699  <u>=1.029197e-02  max|u|=1.804597e-01  max|v|=1.169347e-01  max|w|=1.214306e-01  maxdiv=1.8679e-09  iters=15
[trace] step  700  <u>=1.029197e-02  max|u|=1.804597e-01  max|v|=1.169347e-01  max|w|=1.214306e-01  maxdiv=1.8679e-09  iters=15
[trace] step  701  <u>=1.029197e-02  max|u|=1.804597e-01  max|v|=1.169347e-01  max|w|=1.214306e-01  maxdiv=1.8679e-09  iters=15
[trace] step  702  <u>=1.029197e-02  max|u|=1.804597e-01  max|v|=1.169347e-01  max|w|=1.214306e-01  maxdiv=1.8679e-09  iters=15
[trace] step  703  <u>=1.029197e-02  max|u|=1.804597e-01  max|v|=1.169347e-01  max|w|=1.214306e-01  maxdiv=1.8679e-09  iters=15
[trace] step  704  <u>=1.029197e-02  max|u|=1.804597e-01  max|v|=1.169347e-01  max|w|=1.214306e-01  maxdiv=1.8679e-09  iters=15
[trace] step  705  <u>=1.029197e-02  max|u|=1.804597e-01  max|v|=1.169347e-01  max|w|=1.214306e-01  maxdiv=1.8679e-09  iters=15
[trace] step  706  <u>=1.029197e-02  max|u|=1.804597e-01  max|v|=1.169347e-01  max|w|=1.214306e-01  maxdiv=1.8679e-09  iters=15
[trace] step  707  <u>=1.029197e-02  max|u|=1.804597e-01  max|v|=1.169347e-01  max|w|=1.214306e-01  maxdiv=1.8679e-09  iters=15
[trace] step  708  <u>=1.029197e-02  max|u|=1.804597e-01  max|v|=1.169347e-01  max|w|=1.214306e-01  maxdiv=1.8679e-09  iters=15
[trace] step  709  <u>=1.029197e-02  max|u|=1.804597e-01  max|v|=1.169347e-01  max|w|=1.214306e-01  maxdiv=1.8679e-09  iters=15
[trace] step  710  <u>=1.029197e-02  max|u|=1.804597e-01  max|v|=1.169347e-01  max|w|=1.214306e-01  maxdiv=1.8679e-09  iters=15
[trace] step  711  <u>=1.029197e-02  max|u|=1.804597e-01  max|v|=1.169347e-01  max|w|=1.214306e-01  maxdiv=1.8679e-09  iters=15
[trace] step  712  <u>=1.029197e-02  max|u|=1.804597e-01  max|v|=1.169347e-01  max|w|=1.214306e-01  maxdiv=1.8679e-09  iters=15
[trace] step  713  <u>=1.029197e-02  max|u|=1.804597e-01  max|v|=1.169347e-01  max|w|=1.214306e-01  maxdiv=1.8679e-09  iters=15
[trace] step  714  <u>=1.029197e-02  max|u|=1.804597e-01  max|v|=1.169347e-01  max|w|=1.214306e-01  maxdiv=1.8679e-09  iters=15
[trace] step  715  <u>=1.029197e-02  max|u|=1.804597e-01  max|v|=1.169347e-01  max|w|=1.214306e-01  maxdiv=1.8679e-09  iters=15
[trace] step  716  <u>=1.029197e-02  max|u|=1.804597e-01  max|v|=1.169347e-01  max|w|=1.214306e-01  maxdiv=1.8679e-09  iters=15
[trace] step  717  <u>=1.029197e-02  max|u|=1.804597e-01  max|v|=1.169347e-01  max|w|=1.214306e-01  maxdiv=1.8679e-09  iters=15
[trace] step  718  <u>=1.029197e-02  max|u|=1.804597e-01  max|v|=1.169347e-01  max|w|=1.214306e-01  maxdiv=1.8679e-09  iters=15
[trace] step  719  <u>=1.029197e-02  max|u|=1.804597e-01  max|v|=1.169347e-01  max|w|=1.214306e-01  maxdiv=1.8679e-09  iters=15
[trace] step  720  <u>=1.029197e-02  max|u|=1.804597e-01  max|v|=1.169347e-01  max|w|=1.214306e-01  maxdiv=1.8679e-09  iters=15
[trace] step  721  <u>=1.029197e-02  max|u|=1.804597e-01  max|v|=1.169347e-01  max|w|=1.214306e-01  maxdiv=1.8679e-09  iters=15
[trace] step  722  <u>=1.029197e-02  max|u|=1.804597e-01  max|v|=1.169347e-01  max|w|=1.214306e-01  maxdiv=1.8679e-09  iters=15
[trace] step  723  <u>=1.029197e-02  max|u|=1.804597e-01  max|v|=1.169347e-01  max|w|=1.214306e-01  maxdiv=1.8679e-09  iters=15
[trace] step  724  <u>=1.029197e-02  max|u|=1.804597e-01  max|v|=1.169347e-01  max|w|=1.214306e-01  maxdiv=1.8679e-09  iters=15
[trace] step  725  <u>=1.029197e-02  max|u|=1.804597e-01  max|v|=1.169347e-01  max|w|=1.214306e-01  maxdiv=1.8679e-09  iters=15
[trace] step  726  <u>=1.029197e-02  max|u|=1.804597e-01  max|v|=1.169347e-01  max|w|=1.214306e-01  maxdiv=1.8679e-09  iters=15
[trace] step  727  <u>=1.029197e-02  max|u|=1.804597e-01  max|v|=1.169347e-01  max|w|=1.214306e-01  maxdiv=1.8679e-09  iters=15
[trace] step  728  <u>=1.029197e-02  max|u|=1.804597e-01  max|v|=1.169347e-01  max|w|=1.214306e-01  maxdiv=1.8679e-09  iters=15
[trace] step  729  <u>=1.029197e-02  max|u|=1.804597e-01  max|v|=1.169347e-01  max|w|=1.214306e-01  maxdiv=1.8679e-09  iters=15
[trace] step  730  <u>=1.029197e-02  max|u|=1.804597e-01  max|v|=1.169347e-01  max|w|=1.214306e-01  maxdiv=1.8679e-09  iters=15
[trace] step  731  <u>=1.029197e-02  max|u|=1.804597e-01  max|v|=1.169347e-01  max|w|=1.214306e-01  maxdiv=1.8679e-09  iters=15
[trace] step  732  <u>=1.029197e-02  max|u|=1.804597e-01  max|v|=1.169347e-01  max|w|=1.214306e-01  maxdiv=1.8679e-09  iters=15
[trace] step  733  <u>=1.029197e-02  max|u|=1.804597e-01  max|v|=1.169347e-01  max|w|=1.214306e-01  maxdiv=1.8679e-09  iters=15
[trace] step  734  <u>=1.029197e-02  max|u|=1.804597e-01  max|v|=1.169347e-01  max|w|=1.214306e-01  maxdiv=1.8679e-09  iters=15
[trace] step  735  <u>=1.029197e-02  max|u|=1.804597e-01  max|v|=1.169347e-01  max|w|=1.214306e-01  maxdiv=1.8679e-09  iters=15
[trace] step  736  <u>=1.029197e-02  max|u|=1.804597e-01  max|v|=1.169347e-01  max|w|=1.214306e-01  maxdiv=1.8679e-09  iters=15
[trace] step  737  <u>=1.029197e-02  max|u|=1.804597e-01  max|v|=1.169347e-01  max|w|=1.214306e-01  maxdiv=1.8679e-09  iters=15
[trace] step  738  <u>=1.029197e-02  max|u|=1.804597e-01  max|v|=1.169347e-01  max|w|=1.214306e-01  maxdiv=1.8679e-09  iters=15
[trace] step  739  <u>=1.029197e-02  max|u|=1.804597e-01  max|v|=1.169347e-01  max|w|=1.214306e-01  maxdiv=1.8679e-09  iters=15
[trace] step  740  <u>=1.029197e-02  max|u|=1.804597e-01  max|v|=1.169347e-01  max|w|=1.214306e-01  maxdiv=1.8679e-09  iters=15
[trace] step  741  <u>=1.029197e-02  max|u|=1.804597e-01  max|v|=1.169347e-01  max|w|=1.214306e-01  maxdiv=1.8679e-09  iters=15
[trace] step  742  <u>=1.029197e-02  max|u|=1.804597e-01  max|v|=1.169347e-01  max|w|=1.214306e-01  maxdiv=1.8679e-09  iters=15
[trace] step  743  <u>=1.029197e-02  max|u|=1.804597e-01  max|v|=1.169347e-01  max|w|=1.214306e-01  maxdiv=1.8679e-09  iters=15
[trace] step  744  <u>=1.029197e-02  max|u|=1.804597e-01  max|v|=1.169347e-01  max|w|=1.214306e-01  maxdiv=1.8679e-09  iters=15
[trace] step  745  <u>=1.029197e-02  max|u|=1.804597e-01  max|v|=1.169347e-01  max|w|=1.214306e-01  maxdiv=1.8679e-09  iters=15
[trace] step  746  <u>=1.029197e-02  max|u|=1.804597e-01  max|v|=1.169347e-01  max|w|=1.214306e-01  maxdiv=1.8679e-09  iters=15
[trace] step  747  <u>=1.029197e-02  max|u|=1.804597e-01  max|v|=1.169347e-01  max|w|=1.214306e-01  maxdiv=1.8679e-09  iters=15
[trace] step  748  <u>=1.029197e-02  max|u|=1.804597e-01  max|v|=1.169347e-01  max|w|=1.214306e-01  maxdiv=1.8679e-09  iters=15
[trace] step  749  <u>=1.029197e-02  max|u|=1.804597e-01  max|v|=1.169347e-01  max|w|=1.214306e-01  maxdiv=1.8679e-09  iters=15
[trace] step  750  <u>=1.029197e-02  max|u|=1.804597e-01  max|v|=1.169347e-01  max|w|=1.214306e-01  maxdiv=1.8679e-09  iters=15
[trace] step  751  <u>=1.029197e-02  max|u|=1.804597e-01  max|v|=1.169347e-01  max|w|=1.214306e-01  maxdiv=1.8679e-09  iters=15
[trace] step  752  <u>=1.029197e-02  max|u|=1.804597e-01  max|v|=1.169347e-01  max|w|=1.214306e-01  maxdiv=1.8679e-09  iters=15
[trace] step  753  <u>=1.029197e-02  max|u|=1.804597e-01  max|v|=1.169347e-01  max|w|=1.214306e-01  maxdiv=1.8679e-09  iters=15
[trace] step  754  <u>=1.029197e-02  max|u|=1.804597e-01  max|v|=1.169347e-01  max|w|=1.214306e-01  maxdiv=1.8679e-09  iters=15
[trace] step  755  <u>=1.029197e-02  max|u|=1.804597e-01  max|v|=1.169347e-01  max|w|=1.214306e-01  maxdiv=1.8679e-09  iters=15
[trace] step  756  <u>=1.029197e-02  max|u|=1.804597e-01  max|v|=1.169347e-01  max|w|=1.214306e-01  maxdiv=1.8679e-09  iters=15
[trace] step  757  <u>=1.029197e-02  max|u|=1.804597e-01  max|v|=1.169347e-01  max|w|=1.214306e-01  maxdiv=1.8679e-09  iters=15
[trace] step  758  <u>=1.029197e-02  max|u|=1.804597e-01  max|v|=1.169347e-01  max|w|=1.214306e-01  maxdiv=1.8679e-09  iters=15
[trace] step  759  <u>=1.029197e-02  max|u|=1.804597e-01  max|v|=1.169347e-01  max|w|=1.214306e-01  maxdiv=1.8679e-09  iters=15
[trace] step  760  <u>=1.029197e-02  max|u|=1.804597e-01  max|v|=1.169347e-01  max|w|=1.214306e-01  maxdiv=1.8679e-09  iters=15
[trace] step  761  <u>=1.029197e-02  max|u|=1.804597e-01  max|v|=1.169347e-01  max|w|=1.214306e-01  maxdiv=1.8679e-09  iters=15
[trace] step  762  <u>=1.029197e-02  max|u|=1.804597e-01  max|v|=1.169347e-01  max|w|=1.214306e-01  maxdiv=1.8679e-09  iters=15
[trace] step  763  <u>=1.029197e-02  max|u|=1.804597e-01  max|v|=1.169347e-01  max|w|=1.214306e-01  maxdiv=1.8679e-09  iters=15
[trace] step  764  <u>=1.029197e-02  max|u|=1.804597e-01  max|v|=1.169347e-01  max|w|=1.214306e-01  maxdiv=1.8679e-09  iters=15
[trace] step  765  <u>=1.029197e-02  max|u|=1.804597e-01  max|v|=1.169347e-01  max|w|=1.214306e-01  maxdiv=1.8679e-09  iters=15
[trace] step  766  <u>=1.029197e-02  max|u|=1.804597e-01  max|v|=1.169347e-01  max|w|=1.214306e-01  maxdiv=1.8679e-09  iters=15
[trace] step  767  <u>=1.029197e-02  max|u|=1.804597e-01  max|v|=1.169347e-01  max|w|=1.214306e-01  maxdiv=1.8679e-09  iters=15
[trace] step  768  <u>=1.029197e-02  max|u|=1.804597e-01  max|v|=1.169347e-01  max|w|=1.214306e-01  maxdiv=1.8679e-09  iters=15
[trace] step  769  <u>=1.029197e-02  max|u|=1.804597e-01  max|v|=1.169347e-01  max|w|=1.214306e-01  maxdiv=1.8679e-09  iters=15
[trace] step  770  <u>=1.029197e-02  max|u|=1.804597e-01  max|v|=1.169347e-01  max|w|=1.214306e-01  maxdiv=1.8679e-09  iters=15
[trace] step  771  <u>=1.029197e-02  max|u|=1.804597e-01  max|v|=1.169347e-01  max|w|=1.214306e-01  maxdiv=1.8679e-09  iters=15
[trace] step  772  <u>=1.029197e-02  max|u|=1.804597e-01  max|v|=1.169347e-01  max|w|=1.214306e-01  maxdiv=1.8679e-09  iters=15
[trace] step  773  <u>=1.029197e-02  max|u|=1.804597e-01  max|v|=1.169347e-01  max|w|=1.214306e-01  maxdiv=1.8679e-09  iters=15
[trace] step  774  <u>=1.029197e-02  max|u|=1.804597e-01  max|v|=1.169347e-01  max|w|=1.214306e-01  maxdiv=1.8679e-09  iters=15
[trace] step  775  <u>=1.029197e-02  max|u|=1.804597e-01  max|v|=1.169347e-01  max|w|=1.214306e-01  maxdiv=1.8679e-09  iters=15
[trace] step  776  <u>=1.029197e-02  max|u|=1.804597e-01  max|v|=1.169347e-01  max|w|=1.214306e-01  maxdiv=1.8679e-09  iters=15
[trace] step  777  <u>=1.029197e-02  max|u|=1.804597e-01  max|v|=1.169347e-01  max|w|=1.214306e-01  maxdiv=1.8679e-09  iters=15
[trace] step  778  <u>=1.029197e-02  max|u|=1.804597e-01  max|v|=1.169347e-01  max|w|=1.214306e-01  maxdiv=1.8679e-09  iters=15
[trace] step  779  <u>=1.029197e-02  max|u|=1.804597e-01  max|v|=1.169347e-01  max|w|=1.214306e-01  maxdiv=1.8679e-09  iters=15
[trace] step  780  <u>=1.029197e-02  max|u|=1.804597e-01  max|v|=1.169347e-01  max|w|=1.214306e-01  maxdiv=1.8679e-09  iters=15
[trace] step  781  <u>=1.029197e-02  max|u|=1.804597e-01  max|v|=1.169347e-01  max|w|=1.214306e-01  maxdiv=1.8679e-09  iters=15
[trace] step  782  <u>=1.029197e-02  max|u|=1.804597e-01  max|v|=1.169347e-01  max|w|=1.214306e-01  maxdiv=1.8679e-09  iters=15
[trace] step  783  <u>=1.029197e-02  max|u|=1.804597e-01  max|v|=1.169347e-01  max|w|=1.214306e-01  maxdiv=1.8679e-09  iters=15
[trace] step  784  <u>=1.029197e-02  max|u|=1.804597e-01  max|v|=1.169347e-01  max|w|=1.214306e-01  maxdiv=1.8679e-09  iters=15
[trace] step  785  <u>=1.029197e-02  max|u|=1.804597e-01  max|v|=1.169347e-01  max|w|=1.214306e-01  maxdiv=1.8679e-09  iters=15
[trace] step  786  <u>=1.029197e-02  max|u|=1.804597e-01  max|v|=1.169347e-01  max|w|=1.214306e-01  maxdiv=1.8679e-09  iters=15
[trace] step  787  <u>=1.029197e-02  max|u|=1.804597e-01  max|v|=1.169347e-01  max|w|=1.214306e-01  maxdiv=1.8679e-09  iters=15
[trace] step  788  <u>=1.029197e-02  max|u|=1.804597e-01  max|v|=1.169347e-01  max|w|=1.214306e-01  maxdiv=1.8679e-09  iters=15
[trace] step  789  <u>=1.029197e-02  max|u|=1.804597e-01  max|v|=1.169347e-01  max|w|=1.214306e-01  maxdiv=1.8679e-09  iters=15
[trace] step  790  <u>=1.029197e-02  max|u|=1.804597e-01  max|v|=1.169347e-01  max|w|=1.214306e-01  maxdiv=1.8679e-09  iters=15
[trace] step  791  <u>=1.029197e-02  max|u|=1.804597e-01  max|v|=1.169347e-01  max|w|=1.214306e-01  maxdiv=1.8679e-09  iters=15
[trace] step  792  <u>=1.029197e-02  max|u|=1.804597e-01  max|v|=1.169347e-01  max|w|=1.214306e-01  maxdiv=1.8679e-09  iters=15
[trace] step  793  <u>=1.029197e-02  max|u|=1.804597e-01  max|v|=1.169347e-01  max|w|=1.214306e-01  maxdiv=1.8679e-09  iters=15
[trace] step  794  <u>=1.029197e-02  max|u|=1.804597e-01  max|v|=1.169347e-01  max|w|=1.214306e-01  maxdiv=1.8679e-09  iters=15
[trace] step  795  <u>=1.029197e-02  max|u|=1.804597e-01  max|v|=1.169347e-01  max|w|=1.214306e-01  maxdiv=1.8679e-09  iters=15
[trace] step  796  <u>=1.029197e-02  max|u|=1.804597e-01  max|v|=1.169347e-01  max|w|=1.214306e-01  maxdiv=1.8679e-09  iters=15
[trace] step  797  <u>=1.029197e-02  max|u|=1.804597e-01  max|v|=1.169347e-01  max|w|=1.214306e-01  maxdiv=1.8679e-09  iters=15
[trace] step  798  <u>=1.029197e-02  max|u|=1.804597e-01  max|v|=1.169347e-01  max|w|=1.214306e-01  maxdiv=1.8679e-09  iters=15
[trace] step  799  <u>=1.029197e-02  max|u|=1.804597e-01  max|v|=1.169347e-01  max|w|=1.214306e-01  maxdiv=1.8679e-09  iters=15
[trace] step  800  <u>=1.029197e-02  max|u|=1.804597e-01  max|v|=1.169347e-01  max|w|=1.214306e-01  maxdiv=1.8679e-09  iters=15
[trace] step  801  <u>=1.029197e-02  max|u|=1.804597e-01  max|v|=1.169347e-01  max|w|=1.214306e-01  maxdiv=1.8679e-09  iters=15
[trace] step  802  <u>=1.029197e-02  max|u|=1.804597e-01  max|v|=1.169347e-01  max|w|=1.214306e-01  maxdiv=1.8679e-09  iters=15
[trace] step  803  <u>=1.029197e-02  max|u|=1.804597e-01  max|v|=1.169347e-01  max|w|=1.214306e-01  maxdiv=1.8679e-09  iters=15
[trace] step  804  <u>=1.029197e-02  max|u|=1.804597e-01  max|v|=1.169347e-01  max|w|=1.214306e-01  maxdiv=1.8679e-09  iters=15
[trace] step  805  <u>=1.029197e-02  max|u|=1.804597e-01  max|v|=1.169347e-01  max|w|=1.214306e-01  maxdiv=1.8679e-09  iters=15
[trace] step  806  <u>=1.029197e-02  max|u|=1.804597e-01  max|v|=1.169347e-01  max|w|=1.214306e-01  maxdiv=1.8679e-09  iters=15
[trace] step  807  <u>=1.029197e-02  max|u|=1.804597e-01  max|v|=1.169347e-01  max|w|=1.214306e-01  maxdiv=1.8679e-09  iters=15
[trace] step  808  <u>=1.029197e-02  max|u|=1.804597e-01  max|v|=1.169347e-01  max|w|=1.214306e-01  maxdiv=1.8679e-09  iters=15
[trace] step  809  <u>=1.029197e-02  max|u|=1.804597e-01  max|v|=1.169347e-01  max|w|=1.214306e-01  maxdiv=1.8679e-09  iters=15
[trace] step  810  <u>=1.029197e-02  max|u|=1.804597e-01  max|v|=1.169347e-01  max|w|=1.214306e-01  maxdiv=1.8679e-09  iters=15
[trace] step  811  <u>=1.029197e-02  max|u|=1.804597e-01  max|v|=1.169347e-01  max|w|=1.214306e-01  maxdiv=1.8679e-09  iters=15
[trace] step  812  <u>=1.029197e-02  max|u|=1.804597e-01  max|v|=1.169347e-01  max|w|=1.214306e-01  maxdiv=1.8679e-09  iters=15
[trace] step  813  <u>=1.029197e-02  max|u|=1.804597e-01  max|v|=1.169347e-01  max|w|=1.214306e-01  maxdiv=1.8679e-09  iters=15
[trace] step  814  <u>=1.029197e-02  max|u|=1.804597e-01  max|v|=1.169347e-01  max|w|=1.214306e-01  maxdiv=1.8679e-09  iters=15
[trace] step  815  <u>=1.029197e-02  max|u|=1.804597e-01  max|v|=1.169347e-01  max|w|=1.214306e-01  maxdiv=1.8679e-09  iters=15
[trace] step  816  <u>=1.029197e-02  max|u|=1.804597e-01  max|v|=1.169347e-01  max|w|=1.214306e-01  maxdiv=1.8679e-09  iters=15
[trace] step  817  <u>=1.029197e-02  max|u|=1.804597e-01  max|v|=1.169347e-01  max|w|=1.214306e-01  maxdiv=1.8679e-09  iters=15
[trace] step  818  <u>=1.029197e-02  max|u|=1.804597e-01  max|v|=1.169347e-01  max|w|=1.214306e-01  maxdiv=1.8679e-09  iters=15
[trace] step  819  <u>=1.029197e-02  max|u|=1.804597e-01  max|v|=1.169347e-01  max|w|=1.214306e-01  maxdiv=1.8679e-09  iters=15
[trace] step  820  <u>=1.029197e-02  max|u|=1.804597e-01  max|v|=1.169347e-01  max|w|=1.214306e-01  maxdiv=1.8679e-09  iters=15
[trace] step  821  <u>=1.029197e-02  max|u|=1.804597e-01  max|v|=1.169347e-01  max|w|=1.214306e-01  maxdiv=1.8679e-09  iters=15
[trace] step  822  <u>=1.029197e-02  max|u|=1.804597e-01  max|v|=1.169347e-01  max|w|=1.214306e-01  maxdiv=1.8679e-09  iters=15
[trace] step  823  <u>=1.029197e-02  max|u|=1.804597e-01  max|v|=1.169347e-01  max|w|=1.214306e-01  maxdiv=1.8679e-09  iters=15
[trace] step  824  <u>=1.029197e-02  max|u|=1.804597e-01  max|v|=1.169347e-01  max|w|=1.214306e-01  maxdiv=1.8679e-09  iters=15
[trace] step  825  <u>=1.029197e-02  max|u|=1.804597e-01  max|v|=1.169347e-01  max|w|=1.214306e-01  maxdiv=1.8679e-09  iters=15
[trace] step  826  <u>=1.029197e-02  max|u|=1.804597e-01  max|v|=1.169347e-01  max|w|=1.214306e-01  maxdiv=1.8679e-09  iters=15
[trace] step  827  <u>=1.029197e-02  max|u|=1.804597e-01  max|v|=1.169347e-01  max|w|=1.214306e-01  maxdiv=1.8679e-09  iters=15
[trace] step  828  <u>=1.029197e-02  max|u|=1.804597e-01  max|v|=1.169347e-01  max|w|=1.214306e-01  maxdiv=1.8679e-09  iters=15
[trace] step  829  <u>=1.029197e-02  max|u|=1.804597e-01  max|v|=1.169347e-01  max|w|=1.214306e-01  maxdiv=1.8679e-09  iters=15
[trace] step  830  <u>=1.029197e-02  max|u|=1.804597e-01  max|v|=1.169347e-01  max|w|=1.214306e-01  maxdiv=1.8679e-09  iters=15
[trace] step  831  <u>=1.029197e-02  max|u|=1.804597e-01  max|v|=1.169347e-01  max|w|=1.214306e-01  maxdiv=1.8679e-09  iters=15
[trace] step  832  <u>=1.029197e-02  max|u|=1.804597e-01  max|v|=1.169347e-01  max|w|=1.214306e-01  maxdiv=1.8679e-09  iters=15
[trace] step  833  <u>=1.029197e-02  max|u|=1.804597e-01  max|v|=1.169347e-01  max|w|=1.214306e-01  maxdiv=1.8679e-09  iters=15
[trace] step  834  <u>=1.029197e-02  max|u|=1.804597e-01  max|v|=1.169347e-01  max|w|=1.214306e-01  maxdiv=1.8679e-09  iters=15
[trace] step  835  <u>=1.029197e-02  max|u|=1.804597e-01  max|v|=1.169347e-01  max|w|=1.214306e-01  maxdiv=1.8679e-09  iters=15
[trace] step  836  <u>=1.029197e-02  max|u|=1.804597e-01  max|v|=1.169347e-01  max|w|=1.214307e-01  maxdiv=1.8679e-09  iters=15
[trace] step  837  <u>=1.029197e-02  max|u|=1.804597e-01  max|v|=1.169347e-01  max|w|=1.214307e-01  maxdiv=1.8679e-09  iters=15
[trace] step  838  <u>=1.029197e-02  max|u|=1.804597e-01  max|v|=1.169347e-01  max|w|=1.214307e-01  maxdiv=1.8679e-09  iters=15
[trace] step  839  <u>=1.029197e-02  max|u|=1.804597e-01  max|v|=1.169347e-01  max|w|=1.214307e-01  maxdiv=1.8679e-09  iters=15
[trace] step  840  <u>=1.029197e-02  max|u|=1.804597e-01  max|v|=1.169347e-01  max|w|=1.214307e-01  maxdiv=1.8679e-09  iters=15
[trace] step  841  <u>=1.029197e-02  max|u|=1.804597e-01  max|v|=1.169347e-01  max|w|=1.214307e-01  maxdiv=1.8679e-09  iters=15
[trace] step  842  <u>=1.029197e-02  max|u|=1.804597e-01  max|v|=1.169347e-01  max|w|=1.214307e-01  maxdiv=1.8679e-09  iters=15
[trace] step  843  <u>=1.029197e-02  max|u|=1.804597e-01  max|v|=1.169347e-01  max|w|=1.214307e-01  maxdiv=1.8679e-09  iters=15
[trace] step  844  <u>=1.029197e-02  max|u|=1.804597e-01  max|v|=1.169347e-01  max|w|=1.214307e-01  maxdiv=1.8679e-09  iters=15
[trace] step  845  <u>=1.029197e-02  max|u|=1.804597e-01  max|v|=1.169347e-01  max|w|=1.214307e-01  maxdiv=1.8679e-09  iters=15
[trace] step  846  <u>=1.029197e-02  max|u|=1.804597e-01  max|v|=1.169347e-01  max|w|=1.214307e-01  maxdiv=1.8679e-09  iters=15
[trace] step  847  <u>=1.029197e-02  max|u|=1.804597e-01  max|v|=1.169347e-01  max|w|=1.214307e-01  maxdiv=1.8679e-09  iters=15
[trace] step  848  <u>=1.029197e-02  max|u|=1.804597e-01  max|v|=1.169347e-01  max|w|=1.214307e-01  maxdiv=1.8679e-09  iters=15
[trace] step  849  <u>=1.029197e-02  max|u|=1.804597e-01  max|v|=1.169347e-01  max|w|=1.214307e-01  maxdiv=1.8679e-09  iters=15
[trace] step  850  <u>=1.029197e-02  max|u|=1.804597e-01  max|v|=1.169347e-01  max|w|=1.214307e-01  maxdiv=1.8679e-09  iters=15
[trace] step  851  <u>=1.029197e-02  max|u|=1.804597e-01  max|v|=1.169347e-01  max|w|=1.214307e-01  maxdiv=1.8679e-09  iters=15
[trace] step  852  <u>=1.029197e-02  max|u|=1.804597e-01  max|v|=1.169347e-01  max|w|=1.214307e-01  maxdiv=1.8679e-09  iters=15
[trace] step  853  <u>=1.029197e-02  max|u|=1.804597e-01  max|v|=1.169347e-01  max|w|=1.214307e-01  maxdiv=1.8679e-09  iters=15
[trace] step  854  <u>=1.029197e-02  max|u|=1.804597e-01  max|v|=1.169347e-01  max|w|=1.214307e-01  maxdiv=1.8679e-09  iters=15
[trace] step  855  <u>=1.029197e-02  max|u|=1.804597e-01  max|v|=1.169347e-01  max|w|=1.214307e-01  maxdiv=1.8679e-09  iters=15
[trace] step  856  <u>=1.029197e-02  max|u|=1.804597e-01  max|v|=1.169347e-01  max|w|=1.214307e-01  maxdiv=1.8679e-09  iters=15
[trace] step  857  <u>=1.029197e-02  max|u|=1.804597e-01  max|v|=1.169347e-01  max|w|=1.214307e-01  maxdiv=1.8679e-09  iters=15
[trace] step  858  <u>=1.029197e-02  max|u|=1.804597e-01  max|v|=1.169347e-01  max|w|=1.214307e-01  maxdiv=1.8679e-09  iters=15
[trace] step  859  <u>=1.029197e-02  max|u|=1.804597e-01  max|v|=1.169347e-01  max|w|=1.214307e-01  maxdiv=1.8679e-09  iters=15
[trace] step  860  <u>=1.029197e-02  max|u|=1.804597e-01  max|v|=1.169347e-01  max|w|=1.214307e-01  maxdiv=1.8679e-09  iters=15
[trace] step  861  <u>=1.029197e-02  max|u|=1.804597e-01  max|v|=1.169347e-01  max|w|=1.214307e-01  maxdiv=1.8679e-09  iters=15
[trace] step  862  <u>=1.029197e-02  max|u|=1.804597e-01  max|v|=1.169347e-01  max|w|=1.214307e-01  maxdiv=1.8679e-09  iters=15
[trace] step  863  <u>=1.029197e-02  max|u|=1.804597e-01  max|v|=1.169347e-01  max|w|=1.214307e-01  maxdiv=1.8679e-09  iters=15
[trace] step  864  <u>=1.029197e-02  max|u|=1.804597e-01  max|v|=1.169347e-01  max|w|=1.214307e-01  maxdiv=1.8679e-09  iters=15
[trace] step  865  <u>=1.029197e-02  max|u|=1.804597e-01  max|v|=1.169347e-01  max|w|=1.214307e-01  maxdiv=1.8679e-09  iters=15
[trace] step  866  <u>=1.029197e-02  max|u|=1.804597e-01  max|v|=1.169347e-01  max|w|=1.214307e-01  maxdiv=1.8679e-09  iters=15
[trace] step  867  <u>=1.029197e-02  max|u|=1.804597e-01  max|v|=1.169347e-01  max|w|=1.214307e-01  maxdiv=1.8679e-09  iters=15
[trace] step  868  <u>=1.029197e-02  max|u|=1.804597e-01  max|v|=1.169347e-01  max|w|=1.214307e-01  maxdiv=1.8679e-09  iters=15
[trace] step  869  <u>=1.029197e-02  max|u|=1.804597e-01  max|v|=1.169347e-01  max|w|=1.214307e-01  maxdiv=1.8679e-09  iters=15
[trace] step  870  <u>=1.029197e-02  max|u|=1.804597e-01  max|v|=1.169347e-01  max|w|=1.214307e-01  maxdiv=1.8679e-09  iters=15
[trace] step  871  <u>=1.029197e-02  max|u|=1.804597e-01  max|v|=1.169347e-01  max|w|=1.214307e-01  maxdiv=1.8679e-09  iters=15
[trace] step  872  <u>=1.029197e-02  max|u|=1.804597e-01  max|v|=1.169347e-01  max|w|=1.214307e-01  maxdiv=1.8679e-09  iters=15
[trace] step  873  <u>=1.029197e-02  max|u|=1.804597e-01  max|v|=1.169347e-01  max|w|=1.214307e-01  maxdiv=1.8679e-09  iters=15
[trace] step  874  <u>=1.029197e-02  max|u|=1.804597e-01  max|v|=1.169347e-01  max|w|=1.214307e-01  maxdiv=1.8679e-09  iters=15
[trace] step  875  <u>=1.029197e-02  max|u|=1.804597e-01  max|v|=1.169347e-01  max|w|=1.214307e-01  maxdiv=1.8679e-09  iters=15
[trace] step  876  <u>=1.029197e-02  max|u|=1.804597e-01  max|v|=1.169347e-01  max|w|=1.214307e-01  maxdiv=1.8679e-09  iters=15
[trace] step  877  <u>=1.029197e-02  max|u|=1.804597e-01  max|v|=1.169347e-01  max|w|=1.214307e-01  maxdiv=1.8679e-09  iters=15
[trace] step  878  <u>=1.029197e-02  max|u|=1.804597e-01  max|v|=1.169347e-01  max|w|=1.214307e-01  maxdiv=1.8679e-09  iters=15
[trace] step  879  <u>=1.029197e-02  max|u|=1.804597e-01  max|v|=1.169347e-01  max|w|=1.214307e-01  maxdiv=1.8679e-09  iters=15
[trace] step  880  <u>=1.029197e-02  max|u|=1.804597e-01  max|v|=1.169347e-01  max|w|=1.214307e-01  maxdiv=1.8679e-09  iters=15
[trace] step  881  <u>=1.029197e-02  max|u|=1.804597e-01  max|v|=1.169347e-01  max|w|=1.214307e-01  maxdiv=1.8679e-09  iters=15
[trace] step  882  <u>=1.029197e-02  max|u|=1.804597e-01  max|v|=1.169347e-01  max|w|=1.214307e-01  maxdiv=1.8679e-09  iters=15
[trace] step  883  <u>=1.029197e-02  max|u|=1.804597e-01  max|v|=1.169347e-01  max|w|=1.214307e-01  maxdiv=1.8679e-09  iters=15
[trace] step  884  <u>=1.029197e-02  max|u|=1.804597e-01  max|v|=1.169347e-01  max|w|=1.214307e-01  maxdiv=1.8679e-09  iters=15
[trace] step  885  <u>=1.029197e-02  max|u|=1.804597e-01  max|v|=1.169347e-01  max|w|=1.214307e-01  maxdiv=1.8679e-09  iters=15
[trace] step  886  <u>=1.029197e-02  max|u|=1.804597e-01  max|v|=1.169347e-01  max|w|=1.214307e-01  maxdiv=1.8679e-09  iters=15
[trace] step  887  <u>=1.029197e-02  max|u|=1.804597e-01  max|v|=1.169347e-01  max|w|=1.214307e-01  maxdiv=1.8679e-09  iters=15
[trace] step  888  <u>=1.029197e-02  max|u|=1.804597e-01  max|v|=1.169347e-01  max|w|=1.214307e-01  maxdiv=1.8679e-09  iters=15
[trace] step  889  <u>=1.029197e-02  max|u|=1.804597e-01  max|v|=1.169347e-01  max|w|=1.214307e-01  maxdiv=1.8679e-09  iters=15
[trace] step  890  <u>=1.029197e-02  max|u|=1.804597e-01  max|v|=1.169347e-01  max|w|=1.214307e-01  maxdiv=1.8679e-09  iters=15
[trace] step  891  <u>=1.029197e-02  max|u|=1.804597e-01  max|v|=1.169347e-01  max|w|=1.214307e-01  maxdiv=1.8679e-09  iters=15
[trace] step  892  <u>=1.029197e-02  max|u|=1.804597e-01  max|v|=1.169347e-01  max|w|=1.214307e-01  maxdiv=1.8679e-09  iters=15
[trace] step  893  <u>=1.029197e-02  max|u|=1.804597e-01  max|v|=1.169347e-01  max|w|=1.214307e-01  maxdiv=1.8679e-09  iters=15
[trace] step  894  <u>=1.029197e-02  max|u|=1.804597e-01  max|v|=1.169347e-01  max|w|=1.214307e-01  maxdiv=1.8679e-09  iters=15
[trace] step  895  <u>=1.029197e-02  max|u|=1.804597e-01  max|v|=1.169347e-01  max|w|=1.214307e-01  maxdiv=1.8679e-09  iters=15
[trace] step  896  <u>=1.029197e-02  max|u|=1.804597e-01  max|v|=1.169347e-01  max|w|=1.214307e-01  maxdiv=1.8679e-09  iters=15
[trace] step  897  <u>=1.029197e-02  max|u|=1.804597e-01  max|v|=1.169347e-01  max|w|=1.214307e-01  maxdiv=1.8679e-09  iters=15
[trace] step  898  <u>=1.029197e-02  max|u|=1.804597e-01  max|v|=1.169347e-01  max|w|=1.214307e-01  maxdiv=1.8679e-09  iters=15
[trace] step  899  <u>=1.029197e-02  max|u|=1.804597e-01  max|v|=1.169347e-01  max|w|=1.214307e-01  maxdiv=1.8679e-09  iters=15
[trace] step  900  <u>=1.029197e-02  max|u|=1.804597e-01  max|v|=1.169347e-01  max|w|=1.214307e-01  maxdiv=1.8679e-09  iters=15
[trace] step  901  <u>=1.029197e-02  max|u|=1.804597e-01  max|v|=1.169347e-01  max|w|=1.214307e-01  maxdiv=1.8679e-09  iters=15
[trace] step  902  <u>=1.029197e-02  max|u|=1.804597e-01  max|v|=1.169347e-01  max|w|=1.214307e-01  maxdiv=1.8679e-09  iters=15
[trace] step  903  <u>=1.029197e-02  max|u|=1.804597e-01  max|v|=1.169347e-01  max|w|=1.214307e-01  maxdiv=1.8679e-09  iters=15
[trace] step  904  <u>=1.029197e-02  max|u|=1.804597e-01  max|v|=1.169347e-01  max|w|=1.214307e-01  maxdiv=1.8679e-09  iters=15
[trace] step  905  <u>=1.029197e-02  max|u|=1.804597e-01  max|v|=1.169347e-01  max|w|=1.214307e-01  maxdiv=1.8679e-09  iters=15
[trace] step  906  <u>=1.029197e-02  max|u|=1.804597e-01  max|v|=1.169347e-01  max|w|=1.214307e-01  maxdiv=1.8679e-09  iters=15
[trace] step  907  <u>=1.029197e-02  max|u|=1.804597e-01  max|v|=1.169347e-01  max|w|=1.214307e-01  maxdiv=1.8679e-09  iters=15
[trace] step  908  <u>=1.029197e-02  max|u|=1.804597e-01  max|v|=1.169347e-01  max|w|=1.214307e-01  maxdiv=1.8679e-09  iters=15
[trace] step  909  <u>=1.029197e-02  max|u|=1.804597e-01  max|v|=1.169347e-01  max|w|=1.214307e-01  maxdiv=1.8679e-09  iters=15
[trace] step  910  <u>=1.029197e-02  max|u|=1.804597e-01  max|v|=1.169347e-01  max|w|=1.214307e-01  maxdiv=1.8679e-09  iters=15
[trace] step  911  <u>=1.029197e-02  max|u|=1.804597e-01  max|v|=1.169347e-01  max|w|=1.214307e-01  maxdiv=1.8679e-09  iters=15
[trace] step  912  <u>=1.029197e-02  max|u|=1.804597e-01  max|v|=1.169347e-01  max|w|=1.214307e-01  maxdiv=1.8679e-09  iters=15
[trace] step  913  <u>=1.029197e-02  max|u|=1.804597e-01  max|v|=1.169347e-01  max|w|=1.214307e-01  maxdiv=1.8679e-09  iters=15
[trace] step  914  <u>=1.029197e-02  max|u|=1.804597e-01  max|v|=1.169347e-01  max|w|=1.214307e-01  maxdiv=1.8679e-09  iters=15
[trace] step  915  <u>=1.029197e-02  max|u|=1.804597e-01  max|v|=1.169347e-01  max|w|=1.214307e-01  maxdiv=1.8679e-09  iters=15
[trace] step  916  <u>=1.029197e-02  max|u|=1.804597e-01  max|v|=1.169347e-01  max|w|=1.214307e-01  maxdiv=1.8679e-09  iters=15
[trace] step  917  <u>=1.029197e-02  max|u|=1.804597e-01  max|v|=1.169347e-01  max|w|=1.214307e-01  maxdiv=1.8679e-09  iters=15
[trace] step  918  <u>=1.029197e-02  max|u|=1.804597e-01  max|v|=1.169347e-01  max|w|=1.214307e-01  maxdiv=1.8679e-09  iters=15
[trace] step  919  <u>=1.029197e-02  max|u|=1.804597e-01  max|v|=1.169347e-01  max|w|=1.214307e-01  maxdiv=1.8679e-09  iters=15
[trace] step  920  <u>=1.029197e-02  max|u|=1.804597e-01  max|v|=1.169347e-01  max|w|=1.214307e-01  maxdiv=1.8679e-09  iters=15
[trace] step  921  <u>=1.029197e-02  max|u|=1.804597e-01  max|v|=1.169347e-01  max|w|=1.214307e-01  maxdiv=1.8679e-09  iters=15
[trace] step  922  <u>=1.029197e-02  max|u|=1.804597e-01  max|v|=1.169347e-01  max|w|=1.214307e-01  maxdiv=1.8679e-09  iters=15
[trace] step  923  <u>=1.029197e-02  max|u|=1.804597e-01  max|v|=1.169347e-01  max|w|=1.214307e-01  maxdiv=1.8679e-09  iters=15
[trace] step  924  <u>=1.029197e-02  max|u|=1.804597e-01  max|v|=1.169347e-01  max|w|=1.214307e-01  maxdiv=1.8679e-09  iters=15
[trace] step  925  <u>=1.029197e-02  max|u|=1.804597e-01  max|v|=1.169347e-01  max|w|=1.214307e-01  maxdiv=1.8679e-09  iters=15
[trace] step  926  <u>=1.029197e-02  max|u|=1.804597e-01  max|v|=1.169347e-01  max|w|=1.214307e-01  maxdiv=1.8679e-09  iters=15
[trace] step  927  <u>=1.029197e-02  max|u|=1.804597e-01  max|v|=1.169347e-01  max|w|=1.214307e-01  maxdiv=1.8679e-09  iters=15
[trace] step  928  <u>=1.029197e-02  max|u|=1.804597e-01  max|v|=1.169347e-01  max|w|=1.214307e-01  maxdiv=1.8679e-09  iters=15
[trace] step  929  <u>=1.029197e-02  max|u|=1.804597e-01  max|v|=1.169347e-01  max|w|=1.214307e-01  maxdiv=1.8679e-09  iters=15
[trace] step  930  <u>=1.029197e-02  max|u|=1.804597e-01  max|v|=1.169347e-01  max|w|=1.214307e-01  maxdiv=1.8679e-09  iters=15
[trace] step  931  <u>=1.029197e-02  max|u|=1.804597e-01  max|v|=1.169347e-01  max|w|=1.214307e-01  maxdiv=1.8679e-09  iters=15
[trace] step  932  <u>=1.029197e-02  max|u|=1.804597e-01  max|v|=1.169347e-01  max|w|=1.214307e-01  maxdiv=1.8679e-09  iters=15
[trace] step  933  <u>=1.029197e-02  max|u|=1.804597e-01  max|v|=1.169347e-01  max|w|=1.214307e-01  maxdiv=1.8679e-09  iters=15
[trace] step  934  <u>=1.029197e-02  max|u|=1.804597e-01  max|v|=1.169347e-01  max|w|=1.214307e-01  maxdiv=1.8679e-09  iters=15
[trace] step  935  <u>=1.029197e-02  max|u|=1.804597e-01  max|v|=1.169347e-01  max|w|=1.214307e-01  maxdiv=1.8679e-09  iters=15
[trace] step  936  <u>=1.029197e-02  max|u|=1.804597e-01  max|v|=1.169347e-01  max|w|=1.214307e-01  maxdiv=1.8679e-09  iters=15
[trace] step  937  <u>=1.029197e-02  max|u|=1.804597e-01  max|v|=1.169347e-01  max|w|=1.214307e-01  maxdiv=1.8679e-09  iters=15
[trace] step  938  <u>=1.029197e-02  max|u|=1.804597e-01  max|v|=1.169347e-01  max|w|=1.214307e-01  maxdiv=1.8679e-09  iters=15
[trace] step  939  <u>=1.029197e-02  max|u|=1.804597e-01  max|v|=1.169347e-01  max|w|=1.214307e-01  maxdiv=1.8679e-09  iters=15
[trace] step  940  <u>=1.029197e-02  max|u|=1.804597e-01  max|v|=1.169347e-01  max|w|=1.214307e-01  maxdiv=1.8679e-09  iters=15
[trace] step  941  <u>=1.029197e-02  max|u|=1.804597e-01  max|v|=1.169347e-01  max|w|=1.214307e-01  maxdiv=1.8679e-09  iters=15
[trace] step  942  <u>=1.029197e-02  max|u|=1.804597e-01  max|v|=1.169347e-01  max|w|=1.214307e-01  maxdiv=1.8679e-09  iters=15
[trace] step  943  <u>=1.029197e-02  max|u|=1.804597e-01  max|v|=1.169347e-01  max|w|=1.214307e-01  maxdiv=1.8679e-09  iters=15
[trace] step  944  <u>=1.029197e-02  max|u|=1.804597e-01  max|v|=1.169347e-01  max|w|=1.214307e-01  maxdiv=1.8679e-09  iters=15
[trace] step  945  <u>=1.029197e-02  max|u|=1.804597e-01  max|v|=1.169347e-01  max|w|=1.214307e-01  maxdiv=1.8679e-09  iters=15
[trace] step  946  <u>=1.029197e-02  max|u|=1.804597e-01  max|v|=1.169347e-01  max|w|=1.214307e-01  maxdiv=1.8679e-09  iters=15
[trace] step  947  <u>=1.029197e-02  max|u|=1.804597e-01  max|v|=1.169347e-01  max|w|=1.214307e-01  maxdiv=1.8679e-09  iters=15
[trace] step  948  <u>=1.029197e-02  max|u|=1.804597e-01  max|v|=1.169347e-01  max|w|=1.214307e-01  maxdiv=1.8679e-09  iters=15
[trace] step  949  <u>=1.029197e-02  max|u|=1.804597e-01  max|v|=1.169347e-01  max|w|=1.214307e-01  maxdiv=1.8679e-09  iters=15
[trace] step  950  <u>=1.029197e-02  max|u|=1.804597e-01  max|v|=1.169347e-01  max|w|=1.214307e-01  maxdiv=1.8679e-09  iters=15
[trace] step  951  <u>=1.029197e-02  max|u|=1.804597e-01  max|v|=1.169347e-01  max|w|=1.214307e-01  maxdiv=1.8679e-09  iters=15
[trace] step  952  <u>=1.029197e-02  max|u|=1.804597e-01  max|v|=1.169347e-01  max|w|=1.214307e-01  maxdiv=1.8679e-09  iters=15
[trace] step  953  <u>=1.029197e-02  max|u|=1.804597e-01  max|v|=1.169347e-01  max|w|=1.214307e-01  maxdiv=1.8679e-09  iters=15
[trace] step  954  <u>=1.029197e-02  max|u|=1.804597e-01  max|v|=1.169347e-01  max|w|=1.214307e-01  maxdiv=1.8679e-09  iters=15
[trace] step  955  <u>=1.029197e-02  max|u|=1.804597e-01  max|v|=1.169347e-01  max|w|=1.214307e-01  maxdiv=1.8679e-09  iters=15
[trace] step  956  <u>=1.029197e-02  max|u|=1.804597e-01  max|v|=1.169347e-01  max|w|=1.214307e-01  maxdiv=1.8679e-09  iters=15
[trace] step  957  <u>=1.029197e-02  max|u|=1.804597e-01  max|v|=1.169347e-01  max|w|=1.214307e-01  maxdiv=1.8679e-09  iters=15
[trace] step  958  <u>=1.029197e-02  max|u|=1.804597e-01  max|v|=1.169347e-01  max|w|=1.214307e-01  maxdiv=1.8679e-09  iters=15
[trace] step  959  <u>=1.029197e-02  max|u|=1.804597e-01  max|v|=1.169347e-01  max|w|=1.214307e-01  maxdiv=1.8679e-09  iters=15
[trace] step  960  <u>=1.029197e-02  max|u|=1.804597e-01  max|v|=1.169347e-01  max|w|=1.214307e-01  maxdiv=1.8679e-09  iters=15
[trace] step  961  <u>=1.029197e-02  max|u|=1.804597e-01  max|v|=1.169347e-01  max|w|=1.214307e-01  maxdiv=1.8679e-09  iters=15
[trace] step  962  <u>=1.029197e-02  max|u|=1.804597e-01  max|v|=1.169347e-01  max|w|=1.214307e-01  maxdiv=1.8679e-09  iters=15
[trace] step  963  <u>=1.029197e-02  max|u|=1.804597e-01  max|v|=1.169347e-01  max|w|=1.214307e-01  maxdiv=1.8679e-09  iters=15
[trace] step  964  <u>=1.029197e-02  max|u|=1.804597e-01  max|v|=1.169347e-01  max|w|=1.214307e-01  maxdiv=1.8679e-09  iters=15
[trace] step  965  <u>=1.029197e-02  max|u|=1.804597e-01  max|v|=1.169347e-01  max|w|=1.214307e-01  maxdiv=1.8679e-09  iters=15
[trace] step  966  <u>=1.029197e-02  max|u|=1.804597e-01  max|v|=1.169347e-01  max|w|=1.214307e-01  maxdiv=1.8679e-09  iters=15
[trace] step  967  <u>=1.029197e-02  max|u|=1.804597e-01  max|v|=1.169347e-01  max|w|=1.214307e-01  maxdiv=1.8679e-09  iters=15
[trace] step  968  <u>=1.029197e-02  max|u|=1.804597e-01  max|v|=1.169347e-01  max|w|=1.214307e-01  maxdiv=1.8679e-09  iters=15
[trace] step  969  <u>=1.029197e-02  max|u|=1.804597e-01  max|v|=1.169347e-01  max|w|=1.214307e-01  maxdiv=1.8679e-09  iters=15
[trace] step  970  <u>=1.029197e-02  max|u|=1.804597e-01  max|v|=1.169347e-01  max|w|=1.214307e-01  maxdiv=1.8679e-09  iters=15
[trace] step  971  <u>=1.029197e-02  max|u|=1.804597e-01  max|v|=1.169347e-01  max|w|=1.214307e-01  maxdiv=1.8679e-09  iters=15
[trace] step  972  <u>=1.029197e-02  max|u|=1.804597e-01  max|v|=1.169347e-01  max|w|=1.214307e-01  maxdiv=1.8679e-09  iters=15
[trace] step  973  <u>=1.029197e-02  max|u|=1.804597e-01  max|v|=1.169347e-01  max|w|=1.214307e-01  maxdiv=1.8679e-09  iters=15
[trace] step  974  <u>=1.029197e-02  max|u|=1.804597e-01  max|v|=1.169347e-01  max|w|=1.214307e-01  maxdiv=1.8679e-09  iters=15
[trace] step  975  <u>=1.029197e-02  max|u|=1.804597e-01  max|v|=1.169347e-01  max|w|=1.214307e-01  maxdiv=1.8679e-09  iters=15
[trace] step  976  <u>=1.029197e-02  max|u|=1.804597e-01  max|v|=1.169347e-01  max|w|=1.214307e-01  maxdiv=1.8679e-09  iters=15
[trace] step  977  <u>=1.029197e-02  max|u|=1.804597e-01  max|v|=1.169347e-01  max|w|=1.214307e-01  maxdiv=1.8679e-09  iters=15
[trace] step  978  <u>=1.029197e-02  max|u|=1.804597e-01  max|v|=1.169347e-01  max|w|=1.214307e-01  maxdiv=1.8679e-09  iters=15
[trace] step  979  <u>=1.029197e-02  max|u|=1.804597e-01  max|v|=1.169347e-01  max|w|=1.214307e-01  maxdiv=1.8679e-09  iters=15
[trace] step  980  <u>=1.029197e-02  max|u|=1.804597e-01  max|v|=1.169347e-01  max|w|=1.214307e-01  maxdiv=1.8679e-09  iters=15
[trace] step  981  <u>=1.029197e-02  max|u|=1.804597e-01  max|v|=1.169347e-01  max|w|=1.214307e-01  maxdiv=1.8679e-09  iters=15
[trace] step  982  <u>=1.029197e-02  max|u|=1.804597e-01  max|v|=1.169347e-01  max|w|=1.214307e-01  maxdiv=1.8679e-09  iters=15
[trace] step  983  <u>=1.029197e-02  max|u|=1.804597e-01  max|v|=1.169347e-01  max|w|=1.214307e-01  maxdiv=1.8679e-09  iters=15
[trace] step  984  <u>=1.029197e-02  max|u|=1.804597e-01  max|v|=1.169347e-01  max|w|=1.214307e-01  maxdiv=1.8679e-09  iters=15
[trace] step  985  <u>=1.029197e-02  max|u|=1.804597e-01  max|v|=1.169347e-01  max|w|=1.214307e-01  maxdiv=1.8679e-09  iters=15
[trace] step  986  <u>=1.029197e-02  max|u|=1.804597e-01  max|v|=1.169347e-01  max|w|=1.214307e-01  maxdiv=1.8679e-09  iters=15
[trace] step  987  <u>=1.029197e-02  max|u|=1.804597e-01  max|v|=1.169347e-01  max|w|=1.214307e-01  maxdiv=1.8679e-09  iters=15
[trace] step  988  <u>=1.029197e-02  max|u|=1.804597e-01  max|v|=1.169347e-01  max|w|=1.214307e-01  maxdiv=1.8679e-09  iters=15
[trace] step  989  <u>=1.029197e-02  max|u|=1.804597e-01  max|v|=1.169347e-01  max|w|=1.214307e-01  maxdiv=1.8679e-09  iters=15
[trace] step  990  <u>=1.029197e-02  max|u|=1.804597e-01  max|v|=1.169347e-01  max|w|=1.214307e-01  maxdiv=1.8679e-09  iters=15
[trace] step  991  <u>=1.029197e-02  max|u|=1.804597e-01  max|v|=1.169347e-01  max|w|=1.214307e-01  maxdiv=1.8679e-09  iters=15
[trace] step  992  <u>=1.029197e-02  max|u|=1.804597e-01  max|v|=1.169347e-01  max|w|=1.214307e-01  maxdiv=1.8679e-09  iters=15
[trace] step  993  <u>=1.029197e-02  max|u|=1.804597e-01  max|v|=1.169347e-01  max|w|=1.214307e-01  maxdiv=1.8679e-09  iters=15
[trace] step  994  <u>=1.029197e-02  max|u|=1.804597e-01  max|v|=1.169347e-01  max|w|=1.214307e-01  maxdiv=1.8679e-09  iters=15
[trace] step  995  <u>=1.029197e-02  max|u|=1.804597e-01  max|v|=1.169347e-01  max|w|=1.214307e-01  maxdiv=1.8679e-09  iters=15
[trace] step  996  <u>=1.029197e-02  max|u|=1.804597e-01  max|v|=1.169347e-01  max|w|=1.214307e-01  maxdiv=1.8679e-09  iters=15
[trace] step  997  <u>=1.029197e-02  max|u|=1.804597e-01  max|v|=1.169347e-01  max|w|=1.214307e-01  maxdiv=1.8679e-09  iters=15
[trace] step  998  <u>=1.029197e-02  max|u|=1.804597e-01  max|v|=1.169347e-01  max|w|=1.214307e-01  maxdiv=1.8679e-09  iters=15
[trace] step  999  <u>=1.029197e-02  max|u|=1.804597e-01  max|v|=1.169347e-01  max|w|=1.214307e-01  maxdiv=1.8679e-09  iters=15
[trace] step 1000  <u>=1.029197e-02  max|u|=1.804597e-01  max|v|=1.169347e-01  max|w|=1.214307e-01  maxdiv=1.8679e-09  iters=15
[trace] step 1001  <u>=1.029197e-02  max|u|=1.804597e-01  max|v|=1.169347e-01  max|w|=1.214307e-01  maxdiv=1.8679e-09  iters=15
[trace] step 1002  <u>=1.029197e-02  max|u|=1.804597e-01  max|v|=1.169347e-01  max|w|=1.214307e-01  maxdiv=1.8679e-09  iters=15
[trace] step 1003  <u>=1.029197e-02  max|u|=1.804597e-01  max|v|=1.169347e-01  max|w|=1.214307e-01  maxdiv=1.8679e-09  iters=15
[trace] step 1004  <u>=1.029197e-02  max|u|=1.804597e-01  max|v|=1.169347e-01  max|w|=1.214307e-01  maxdiv=1.8679e-09  iters=15
[trace] step 1005  <u>=1.029197e-02  max|u|=1.804597e-01  max|v|=1.169347e-01  max|w|=1.214307e-01  maxdiv=1.8679e-09  iters=15
[trace] step 1006  <u>=1.029197e-02  max|u|=1.804597e-01  max|v|=1.169347e-01  max|w|=1.214307e-01  maxdiv=1.8679e-09  iters=15
[trace] step 1007  <u>=1.029197e-02  max|u|=1.804597e-01  max|v|=1.169347e-01  max|w|=1.214307e-01  maxdiv=1.8679e-09  iters=15
[trace] step 1008  <u>=1.029197e-02  max|u|=1.804597e-01  max|v|=1.169347e-01  max|w|=1.214307e-01  maxdiv=1.8679e-09  iters=15
[trace] step 1009  <u>=1.029197e-02  max|u|=1.804597e-01  max|v|=1.169347e-01  max|w|=1.214307e-01  maxdiv=1.8679e-09  iters=15
[trace] step 1010  <u>=1.029197e-02  max|u|=1.804597e-01  max|v|=1.169347e-01  max|w|=1.214307e-01  maxdiv=1.8679e-09  iters=15
[trace] step 1011  <u>=1.029197e-02  max|u|=1.804597e-01  max|v|=1.169347e-01  max|w|=1.214307e-01  maxdiv=1.8679e-09  iters=15
[trace] step 1012  <u>=1.029197e-02  max|u|=1.804597e-01  max|v|=1.169347e-01  max|w|=1.214307e-01  maxdiv=1.8679e-09  iters=15
[trace] step 1013  <u>=1.029197e-02  max|u|=1.804597e-01  max|v|=1.169347e-01  max|w|=1.214307e-01  maxdiv=1.8679e-09  iters=15
[trace] step 1014  <u>=1.029197e-02  max|u|=1.804597e-01  max|v|=1.169347e-01  max|w|=1.214307e-01  maxdiv=1.8679e-09  iters=15
[trace] step 1015  <u>=1.029197e-02  max|u|=1.804597e-01  max|v|=1.169347e-01  max|w|=1.214307e-01  maxdiv=1.8679e-09  iters=15
[trace] step 1016  <u>=1.029197e-02  max|u|=1.804597e-01  max|v|=1.169347e-01  max|w|=1.214307e-01  maxdiv=1.8679e-09  iters=15
[trace] step 1017  <u>=1.029197e-02  max|u|=1.804597e-01  max|v|=1.169347e-01  max|w|=1.214307e-01  maxdiv=1.8679e-09  iters=15
[trace] step 1018  <u>=1.029197e-02  max|u|=1.804597e-01  max|v|=1.169347e-01  max|w|=1.214307e-01  maxdiv=1.8679e-09  iters=15
[trace] step 1019  <u>=1.029197e-02  max|u|=1.804597e-01  max|v|=1.169347e-01  max|w|=1.214307e-01  maxdiv=1.8679e-09  iters=15
[trace] step 1020  <u>=1.029197e-02  max|u|=1.804597e-01  max|v|=1.169347e-01  max|w|=1.214307e-01  maxdiv=1.8679e-09  iters=15
[trace] step 1021  <u>=1.029197e-02  max|u|=1.804597e-01  max|v|=1.169347e-01  max|w|=1.214307e-01  maxdiv=1.8679e-09  iters=15
[trace] step 1022  <u>=1.029197e-02  max|u|=1.804597e-01  max|v|=1.169347e-01  max|w|=1.214307e-01  maxdiv=1.8679e-09  iters=15
[trace] step 1023  <u>=1.029197e-02  max|u|=1.804597e-01  max|v|=1.169347e-01  max|w|=1.214307e-01  maxdiv=1.8679e-09  iters=15
[trace] step 1024  <u>=1.029197e-02  max|u|=1.804597e-01  max|v|=1.169347e-01  max|w|=1.214307e-01  maxdiv=1.8679e-09  iters=15
[trace] step 1025  <u>=1.029197e-02  max|u|=1.804597e-01  max|v|=1.169347e-01  max|w|=1.214307e-01  maxdiv=1.8679e-09  iters=15
[trace] step 1026  <u>=1.029197e-02  max|u|=1.804597e-01  max|v|=1.169347e-01  max|w|=1.214307e-01  maxdiv=1.8679e-09  iters=15
[trace] step 1027  <u>=1.029197e-02  max|u|=1.804597e-01  max|v|=1.169347e-01  max|w|=1.214307e-01  maxdiv=1.8679e-09  iters=15
[trace] step 1028  <u>=1.029197e-02  max|u|=1.804597e-01  max|v|=1.169347e-01  max|w|=1.214307e-01  maxdiv=1.8679e-09  iters=15
[trace] step 1029  <u>=1.029197e-02  max|u|=1.804597e-01  max|v|=1.169347e-01  max|w|=1.214307e-01  maxdiv=1.8679e-09  iters=15
[trace] step 1030  <u>=1.029197e-02  max|u|=1.804597e-01  max|v|=1.169347e-01  max|w|=1.214307e-01  maxdiv=1.8679e-09  iters=15
[trace] step 1031  <u>=1.029197e-02  max|u|=1.804597e-01  max|v|=1.169347e-01  max|w|=1.214307e-01  maxdiv=1.8679e-09  iters=15
[trace] step 1032  <u>=1.029197e-02  max|u|=1.804597e-01  max|v|=1.169347e-01  max|w|=1.214307e-01  maxdiv=1.8679e-09  iters=15
[trace] step 1033  <u>=1.029197e-02  max|u|=1.804597e-01  max|v|=1.169347e-01  max|w|=1.214307e-01  maxdiv=1.8679e-09  iters=15
[trace] step 1034  <u>=1.029197e-02  max|u|=1.804597e-01  max|v|=1.169347e-01  max|w|=1.214307e-01  maxdiv=1.8679e-09  iters=15
[trace] step 1035  <u>=1.029197e-02  max|u|=1.804597e-01  max|v|=1.169347e-01  max|w|=1.214307e-01  maxdiv=1.8679e-09  iters=15
[trace] step 1036  <u>=1.029197e-02  max|u|=1.804597e-01  max|v|=1.169347e-01  max|w|=1.214307e-01  maxdiv=1.8679e-09  iters=15
[trace] step 1037  <u>=1.029197e-02  max|u|=1.804597e-01  max|v|=1.169347e-01  max|w|=1.214307e-01  maxdiv=1.8679e-09  iters=15
[trace] step 1038  <u>=1.029197e-02  max|u|=1.804597e-01  max|v|=1.169347e-01  max|w|=1.214307e-01  maxdiv=1.8679e-09  iters=15
[trace] step 1039  <u>=1.029197e-02  max|u|=1.804597e-01  max|v|=1.169347e-01  max|w|=1.214307e-01  maxdiv=1.8679e-09  iters=15
[trace] step 1040  <u>=1.029197e-02  max|u|=1.804597e-01  max|v|=1.169347e-01  max|w|=1.214307e-01  maxdiv=1.8679e-09  iters=15
[trace] step 1041  <u>=1.029197e-02  max|u|=1.804597e-01  max|v|=1.169347e-01  max|w|=1.214307e-01  maxdiv=1.8679e-09  iters=15
[trace] step 1042  <u>=1.029197e-02  max|u|=1.804597e-01  max|v|=1.169347e-01  max|w|=1.214307e-01  maxdiv=1.8679e-09  iters=15
[trace] step 1043  <u>=1.029197e-02  max|u|=1.804597e-01  max|v|=1.169347e-01  max|w|=1.214307e-01  maxdiv=1.8679e-09  iters=15
[trace] step 1044  <u>=1.029197e-02  max|u|=1.804597e-01  max|v|=1.169347e-01  max|w|=1.214307e-01  maxdiv=1.8679e-09  iters=15
[trace] step 1045  <u>=1.029197e-02  max|u|=1.804597e-01  max|v|=1.169347e-01  max|w|=1.214307e-01  maxdiv=1.8679e-09  iters=15
[trace] step 1046  <u>=1.029197e-02  max|u|=1.804597e-01  max|v|=1.169347e-01  max|w|=1.214307e-01  maxdiv=1.8679e-09  iters=15
[trace] step 1047  <u>=1.029197e-02  max|u|=1.804597e-01  max|v|=1.169347e-01  max|w|=1.214307e-01  maxdiv=1.8679e-09  iters=15
[trace] step 1048  <u>=1.029197e-02  max|u|=1.804597e-01  max|v|=1.169347e-01  max|w|=1.214307e-01  maxdiv=1.8679e-09  iters=15
[trace] step 1049  <u>=1.029197e-02  max|u|=1.804597e-01  max|v|=1.169347e-01  max|w|=1.214307e-01  maxdiv=1.8679e-09  iters=15
[trace] step 1050  <u>=1.029197e-02  max|u|=1.804597e-01  max|v|=1.169347e-01  max|w|=1.214307e-01  maxdiv=1.8679e-09  iters=15
[trace] step 1051  <u>=1.029197e-02  max|u|=1.804597e-01  max|v|=1.169347e-01  max|w|=1.214307e-01  maxdiv=1.8679e-09  iters=15
[trace] step 1052  <u>=1.029197e-02  max|u|=1.804597e-01  max|v|=1.169347e-01  max|w|=1.214307e-01  maxdiv=1.8679e-09  iters=15
[trace] step 1053  <u>=1.029197e-02  max|u|=1.804597e-01  max|v|=1.169347e-01  max|w|=1.214307e-01  maxdiv=1.8679e-09  iters=15
[trace] step 1054  <u>=1.029197e-02  max|u|=1.804597e-01  max|v|=1.169347e-01  max|w|=1.214307e-01  maxdiv=1.8679e-09  iters=15
[trace] step 1055  <u>=1.029197e-02  max|u|=1.804597e-01  max|v|=1.169347e-01  max|w|=1.214307e-01  maxdiv=1.8679e-09  iters=15
[trace] step 1056  <u>=1.029197e-02  max|u|=1.804597e-01  max|v|=1.169347e-01  max|w|=1.214307e-01  maxdiv=1.8679e-09  iters=15
[trace] step 1057  <u>=1.029197e-02  max|u|=1.804597e-01  max|v|=1.169347e-01  max|w|=1.214307e-01  maxdiv=1.8679e-09  iters=15
[trace] step 1058  <u>=1.029197e-02  max|u|=1.804597e-01  max|v|=1.169347e-01  max|w|=1.214307e-01  maxdiv=1.8679e-09  iters=15
[trace] step 1059  <u>=1.029197e-02  max|u|=1.804597e-01  max|v|=1.169347e-01  max|w|=1.214307e-01  maxdiv=1.8679e-09  iters=15
[trace] step 1060  <u>=1.029197e-02  max|u|=1.804597e-01  max|v|=1.169347e-01  max|w|=1.214307e-01  maxdiv=1.8679e-09  iters=15
[trace] step 1061  <u>=1.029197e-02  max|u|=1.804597e-01  max|v|=1.169347e-01  max|w|=1.214307e-01  maxdiv=1.8679e-09  iters=15
[trace] step 1062  <u>=1.029197e-02  max|u|=1.804597e-01  max|v|=1.169347e-01  max|w|=1.214307e-01  maxdiv=1.8679e-09  iters=15
[trace] step 1063  <u>=1.029197e-02  max|u|=1.804597e-01  max|v|=1.169347e-01  max|w|=1.214307e-01  maxdiv=1.8679e-09  iters=15
[trace] step 1064  <u>=1.029197e-02  max|u|=1.804597e-01  max|v|=1.169347e-01  max|w|=1.214307e-01  maxdiv=1.8679e-09  iters=15
[trace] step 1065  <u>=1.029197e-02  max|u|=1.804597e-01  max|v|=1.169347e-01  max|w|=1.214307e-01  maxdiv=1.8679e-09  iters=15
[trace] step 1066  <u>=1.029197e-02  max|u|=1.804597e-01  max|v|=1.169347e-01  max|w|=1.214307e-01  maxdiv=1.8679e-09  iters=15
[trace] step 1067  <u>=1.029197e-02  max|u|=1.804597e-01  max|v|=1.169347e-01  max|w|=1.214307e-01  maxdiv=1.8679e-09  iters=15
[trace] step 1068  <u>=1.029197e-02  max|u|=1.804597e-01  max|v|=1.169347e-01  max|w|=1.214307e-01  maxdiv=1.8679e-09  iters=15
[trace] step 1069  <u>=1.029197e-02  max|u|=1.804597e-01  max|v|=1.169347e-01  max|w|=1.214307e-01  maxdiv=1.8679e-09  iters=15
[trace] step 1070  <u>=1.029197e-02  max|u|=1.804597e-01  max|v|=1.169347e-01  max|w|=1.214307e-01  maxdiv=1.8679e-09  iters=15
[trace] step 1071  <u>=1.029197e-02  max|u|=1.804597e-01  max|v|=1.169347e-01  max|w|=1.214307e-01  maxdiv=1.8679e-09  iters=15
[trace] step 1072  <u>=1.029197e-02  max|u|=1.804597e-01  max|v|=1.169347e-01  max|w|=1.214307e-01  maxdiv=1.8679e-09  iters=15
[trace] step 1073  <u>=1.029197e-02  max|u|=1.804597e-01  max|v|=1.169347e-01  max|w|=1.214307e-01  maxdiv=1.8679e-09  iters=15
[trace] step 1074  <u>=1.029197e-02  max|u|=1.804597e-01  max|v|=1.169347e-01  max|w|=1.214307e-01  maxdiv=1.8679e-09  iters=15
[trace] step 1075  <u>=1.029197e-02  max|u|=1.804597e-01  max|v|=1.169347e-01  max|w|=1.214307e-01  maxdiv=1.8679e-09  iters=15
[trace] step 1076  <u>=1.029197e-02  max|u|=1.804597e-01  max|v|=1.169347e-01  max|w|=1.214307e-01  maxdiv=1.8679e-09  iters=15
[trace] step 1077  <u>=1.029197e-02  max|u|=1.804597e-01  max|v|=1.169347e-01  max|w|=1.214307e-01  maxdiv=1.8679e-09  iters=15
[trace] step 1078  <u>=1.029197e-02  max|u|=1.804597e-01  max|v|=1.169347e-01  max|w|=1.214307e-01  maxdiv=1.8679e-09  iters=15
[trace] step 1079  <u>=1.029197e-02  max|u|=1.804597e-01  max|v|=1.169347e-01  max|w|=1.214307e-01  maxdiv=1.8679e-09  iters=15
[trace] step 1080  <u>=1.029197e-02  max|u|=1.804597e-01  max|v|=1.169347e-01  max|w|=1.214307e-01  maxdiv=1.8679e-09  iters=15
[trace] step 1081  <u>=1.029197e-02  max|u|=1.804597e-01  max|v|=1.169347e-01  max|w|=1.214307e-01  maxdiv=1.8679e-09  iters=15
[trace] step 1082  <u>=1.029197e-02  max|u|=1.804597e-01  max|v|=1.169347e-01  max|w|=1.214307e-01  maxdiv=1.8679e-09  iters=15
[trace] step 1083  <u>=1.029197e-02  max|u|=1.804597e-01  max|v|=1.169347e-01  max|w|=1.214307e-01  maxdiv=1.8679e-09  iters=15
[trace] step 1084  <u>=1.029197e-02  max|u|=1.804597e-01  max|v|=1.169347e-01  max|w|=1.214307e-01  maxdiv=1.8679e-09  iters=15
[trace] step 1085  <u>=1.029197e-02  max|u|=1.804597e-01  max|v|=1.169347e-01  max|w|=1.214307e-01  maxdiv=1.8679e-09  iters=15
[trace] step 1086  <u>=1.029197e-02  max|u|=1.804597e-01  max|v|=1.169347e-01  max|w|=1.214307e-01  maxdiv=1.8679e-09  iters=15
[trace] step 1087  <u>=1.029197e-02  max|u|=1.804597e-01  max|v|=1.169347e-01  max|w|=1.214307e-01  maxdiv=1.8679e-09  iters=15
[trace] step 1088  <u>=1.029197e-02  max|u|=1.804597e-01  max|v|=1.169347e-01  max|w|=1.214307e-01  maxdiv=1.8679e-09  iters=15
[trace] step 1089  <u>=1.029197e-02  max|u|=1.804597e-01  max|v|=1.169347e-01  max|w|=1.214307e-01  maxdiv=1.8679e-09  iters=15
[trace] step 1090  <u>=1.029197e-02  max|u|=1.804597e-01  max|v|=1.169347e-01  max|w|=1.214307e-01  maxdiv=1.8679e-09  iters=15
[trace] step 1091  <u>=1.029197e-02  max|u|=1.804597e-01  max|v|=1.169347e-01  max|w|=1.214307e-01  maxdiv=1.8679e-09  iters=15
[trace] step 1092  <u>=1.029197e-02  max|u|=1.804597e-01  max|v|=1.169347e-01  max|w|=1.214307e-01  maxdiv=1.8679e-09  iters=15
[trace] step 1093  <u>=1.029197e-02  max|u|=1.804597e-01  max|v|=1.169347e-01  max|w|=1.214307e-01  maxdiv=1.8679e-09  iters=15
[trace] step 1094  <u>=1.029197e-02  max|u|=1.804597e-01  max|v|=1.169347e-01  max|w|=1.214307e-01  maxdiv=1.8679e-09  iters=15
[trace] step 1095  <u>=1.029197e-02  max|u|=1.804597e-01  max|v|=1.169347e-01  max|w|=1.214307e-01  maxdiv=1.8679e-09  iters=15
[trace] step 1096  <u>=1.029197e-02  max|u|=1.804597e-01  max|v|=1.169347e-01  max|w|=1.214307e-01  maxdiv=1.8679e-09  iters=15
[trace] step 1097  <u>=1.029197e-02  max|u|=1.804597e-01  max|v|=1.169347e-01  max|w|=1.214307e-01  maxdiv=1.8679e-09  iters=15
[trace] step 1098  <u>=1.029197e-02  max|u|=1.804597e-01  max|v|=1.169347e-01  max|w|=1.214307e-01  maxdiv=1.8679e-09  iters=15
[trace] step 1099  <u>=1.029197e-02  max|u|=1.804597e-01  max|v|=1.169347e-01  max|w|=1.214307e-01  maxdiv=1.8679e-09  iters=15
[trace] step 1100  <u>=1.029197e-02  max|u|=1.804597e-01  max|v|=1.169347e-01  max|w|=1.214307e-01  maxdiv=1.8679e-09  iters=15
[trace] step 1101  <u>=1.029197e-02  max|u|=1.804597e-01  max|v|=1.169347e-01  max|w|=1.214307e-01  maxdiv=1.8679e-09  iters=15
[trace] step 1102  <u>=1.029197e-02  max|u|=1.804597e-01  max|v|=1.169347e-01  max|w|=1.214307e-01  maxdiv=1.8679e-09  iters=15
[trace] step 1103  <u>=1.029197e-02  max|u|=1.804597e-01  max|v|=1.169347e-01  max|w|=1.214307e-01  maxdiv=1.8679e-09  iters=15
[trace] step 1104  <u>=1.029197e-02  max|u|=1.804597e-01  max|v|=1.169347e-01  max|w|=1.214307e-01  maxdiv=1.8679e-09  iters=15
[trace] step 1105  <u>=1.029197e-02  max|u|=1.804597e-01  max|v|=1.169347e-01  max|w|=1.214307e-01  maxdiv=1.8679e-09  iters=15
[trace] step 1106  <u>=1.029197e-02  max|u|=1.804597e-01  max|v|=1.169347e-01  max|w|=1.214307e-01  maxdiv=1.8679e-09  iters=15
[trace] step 1107  <u>=1.029197e-02  max|u|=1.804597e-01  max|v|=1.169347e-01  max|w|=1.214307e-01  maxdiv=1.8679e-09  iters=15
[trace] step 1108  <u>=1.029197e-02  max|u|=1.804597e-01  max|v|=1.169347e-01  max|w|=1.214307e-01  maxdiv=1.8679e-09  iters=15
[trace] step 1109  <u>=1.029197e-02  max|u|=1.804597e-01  max|v|=1.169347e-01  max|w|=1.214307e-01  maxdiv=1.8679e-09  iters=15
[trace] step 1110  <u>=1.029197e-02  max|u|=1.804597e-01  max|v|=1.169347e-01  max|w|=1.214307e-01  maxdiv=1.8679e-09  iters=15
[trace] step 1111  <u>=1.029197e-02  max|u|=1.804597e-01  max|v|=1.169347e-01  max|w|=1.214307e-01  maxdiv=1.8679e-09  iters=15
[trace] step 1112  <u>=1.029197e-02  max|u|=1.804597e-01  max|v|=1.169347e-01  max|w|=1.214307e-01  maxdiv=1.8679e-09  iters=15
[trace] step 1113  <u>=1.029197e-02  max|u|=1.804597e-01  max|v|=1.169347e-01  max|w|=1.214307e-01  maxdiv=1.8679e-09  iters=15
[trace] step 1114  <u>=1.029197e-02  max|u|=1.804597e-01  max|v|=1.169347e-01  max|w|=1.214307e-01  maxdiv=1.8679e-09  iters=15
[trace] step 1115  <u>=1.029197e-02  max|u|=1.804597e-01  max|v|=1.169347e-01  max|w|=1.214307e-01  maxdiv=1.8679e-09  iters=15
[trace] step 1116  <u>=1.029197e-02  max|u|=1.804597e-01  max|v|=1.169347e-01  max|w|=1.214307e-01  maxdiv=1.8679e-09  iters=15
[trace] step 1117  <u>=1.029197e-02  max|u|=1.804597e-01  max|v|=1.169347e-01  max|w|=1.214307e-01  maxdiv=1.8679e-09  iters=15
[trace] step 1118  <u>=1.029197e-02  max|u|=1.804597e-01  max|v|=1.169347e-01  max|w|=1.214307e-01  maxdiv=1.8679e-09  iters=15
[trace] step 1119  <u>=1.029197e-02  max|u|=1.804597e-01  max|v|=1.169347e-01  max|w|=1.214307e-01  maxdiv=1.8679e-09  iters=15
[trace] step 1120  <u>=1.029197e-02  max|u|=1.804597e-01  max|v|=1.169347e-01  max|w|=1.214307e-01  maxdiv=1.8679e-09  iters=15
[trace] step 1121  <u>=1.029197e-02  max|u|=1.804597e-01  max|v|=1.169347e-01  max|w|=1.214307e-01  maxdiv=1.8679e-09  iters=15
[trace] step 1122  <u>=1.029197e-02  max|u|=1.804597e-01  max|v|=1.169347e-01  max|w|=1.214307e-01  maxdiv=1.8679e-09  iters=15
[trace] step 1123  <u>=1.029197e-02  max|u|=1.804597e-01  max|v|=1.169347e-01  max|w|=1.214307e-01  maxdiv=1.8679e-09  iters=15
[trace] step 1124  <u>=1.029197e-02  max|u|=1.804597e-01  max|v|=1.169347e-01  max|w|=1.214307e-01  maxdiv=1.8679e-09  iters=15
[trace] step 1125  <u>=1.029197e-02  max|u|=1.804597e-01  max|v|=1.169347e-01  max|w|=1.214307e-01  maxdiv=1.8679e-09  iters=15
[trace] step 1126  <u>=1.029197e-02  max|u|=1.804597e-01  max|v|=1.169347e-01  max|w|=1.214307e-01  maxdiv=1.8679e-09  iters=15
[trace] step 1127  <u>=1.029197e-02  max|u|=1.804597e-01  max|v|=1.169347e-01  max|w|=1.214307e-01  maxdiv=1.8679e-09  iters=15
[trace] step 1128  <u>=1.029197e-02  max|u|=1.804597e-01  max|v|=1.169347e-01  max|w|=1.214307e-01  maxdiv=1.8679e-09  iters=15
[trace] step 1129  <u>=1.029197e-02  max|u|=1.804597e-01  max|v|=1.169347e-01  max|w|=1.214307e-01  maxdiv=1.8679e-09  iters=15
[trace] step 1130  <u>=1.029197e-02  max|u|=1.804597e-01  max|v|=1.169347e-01  max|w|=1.214307e-01  maxdiv=1.8679e-09  iters=15
[trace] step 1131  <u>=1.029197e-02  max|u|=1.804597e-01  max|v|=1.169347e-01  max|w|=1.214307e-01  maxdiv=1.8679e-09  iters=15
[trace] step 1132  <u>=1.029197e-02  max|u|=1.804597e-01  max|v|=1.169347e-01  max|w|=1.214307e-01  maxdiv=1.8679e-09  iters=15
[trace] step 1133  <u>=1.029197e-02  max|u|=1.804597e-01  max|v|=1.169347e-01  max|w|=1.214307e-01  maxdiv=1.8679e-09  iters=15
[trace] step 1134  <u>=1.029197e-02  max|u|=1.804597e-01  max|v|=1.169347e-01  max|w|=1.214307e-01  maxdiv=1.8679e-09  iters=15
[trace] step 1135  <u>=1.029197e-02  max|u|=1.804597e-01  max|v|=1.169347e-01  max|w|=1.214307e-01  maxdiv=1.8679e-09  iters=15
[trace] step 1136  <u>=1.029197e-02  max|u|=1.804597e-01  max|v|=1.169347e-01  max|w|=1.214307e-01  maxdiv=1.8679e-09  iters=15
[trace] step 1137  <u>=1.029197e-02  max|u|=1.804597e-01  max|v|=1.169347e-01  max|w|=1.214307e-01  maxdiv=1.8679e-09  iters=15
[trace] step 1138  <u>=1.029197e-02  max|u|=1.804597e-01  max|v|=1.169347e-01  max|w|=1.214307e-01  maxdiv=1.8679e-09  iters=15
[trace] step 1139  <u>=1.029197e-02  max|u|=1.804597e-01  max|v|=1.169347e-01  max|w|=1.214307e-01  maxdiv=1.8679e-09  iters=15
[trace] step 1140  <u>=1.029197e-02  max|u|=1.804597e-01  max|v|=1.169347e-01  max|w|=1.214307e-01  maxdiv=1.8679e-09  iters=15
[trace] step 1141  <u>=1.029197e-02  max|u|=1.804597e-01  max|v|=1.169347e-01  max|w|=1.214307e-01  maxdiv=1.8679e-09  iters=15
[trace] step 1142  <u>=1.029197e-02  max|u|=1.804597e-01  max|v|=1.169347e-01  max|w|=1.214307e-01  maxdiv=1.8679e-09  iters=15
[trace] step 1143  <u>=1.029197e-02  max|u|=1.804597e-01  max|v|=1.169347e-01  max|w|=1.214307e-01  maxdiv=1.8679e-09  iters=15
[trace] step 1144  <u>=1.029197e-02  max|u|=1.804597e-01  max|v|=1.169347e-01  max|w|=1.214307e-01  maxdiv=1.8679e-09  iters=15
[trace] step 1145  <u>=1.029197e-02  max|u|=1.804597e-01  max|v|=1.169347e-01  max|w|=1.214307e-01  maxdiv=1.8679e-09  iters=15
[trace] step 1146  <u>=1.029197e-02  max|u|=1.804597e-01  max|v|=1.169347e-01  max|w|=1.214307e-01  maxdiv=1.8679e-09  iters=15
[trace] step 1147  <u>=1.029197e-02  max|u|=1.804597e-01  max|v|=1.169347e-01  max|w|=1.214307e-01  maxdiv=1.8679e-09  iters=15
[trace] step 1148  <u>=1.029197e-02  max|u|=1.804597e-01  max|v|=1.169347e-01  max|w|=1.214307e-01  maxdiv=1.8679e-09  iters=15
[trace] step 1149  <u>=1.029197e-02  max|u|=1.804597e-01  max|v|=1.169347e-01  max|w|=1.214307e-01  maxdiv=1.8679e-09  iters=15
[trace] step 1150  <u>=1.029197e-02  max|u|=1.804597e-01  max|v|=1.169347e-01  max|w|=1.214307e-01  maxdiv=1.8679e-09  iters=15
[trace] step 1151  <u>=1.029197e-02  max|u|=1.804597e-01  max|v|=1.169347e-01  max|w|=1.214307e-01  maxdiv=1.8679e-09  iters=15
[trace] step 1152  <u>=1.029197e-02  max|u|=1.804597e-01  max|v|=1.169347e-01  max|w|=1.214307e-01  maxdiv=1.8679e-09  iters=15
[trace] step 1153  <u>=1.029197e-02  max|u|=1.804597e-01  max|v|=1.169347e-01  max|w|=1.214307e-01  maxdiv=1.8679e-09  iters=15
[trace] step 1154  <u>=1.029197e-02  max|u|=1.804597e-01  max|v|=1.169347e-01  max|w|=1.214307e-01  maxdiv=1.8679e-09  iters=15
[trace] step 1155  <u>=1.029197e-02  max|u|=1.804597e-01  max|v|=1.169347e-01  max|w|=1.214307e-01  maxdiv=1.8679e-09  iters=15
[trace] step 1156  <u>=1.029197e-02  max|u|=1.804597e-01  max|v|=1.169347e-01  max|w|=1.214307e-01  maxdiv=1.8679e-09  iters=15
[trace] step 1157  <u>=1.029197e-02  max|u|=1.804597e-01  max|v|=1.169347e-01  max|w|=1.214307e-01  maxdiv=1.8679e-09  iters=15
[trace] step 1158  <u>=1.029197e-02  max|u|=1.804597e-01  max|v|=1.169347e-01  max|w|=1.214307e-01  maxdiv=1.8679e-09  iters=15
[trace] step 1159  <u>=1.029197e-02  max|u|=1.804597e-01  max|v|=1.169347e-01  max|w|=1.214307e-01  maxdiv=1.8679e-09  iters=15
[trace] step 1160  <u>=1.029197e-02  max|u|=1.804597e-01  max|v|=1.169347e-01  max|w|=1.214307e-01  maxdiv=1.8679e-09  iters=15
[trace] step 1161  <u>=1.029197e-02  max|u|=1.804597e-01  max|v|=1.169347e-01  max|w|=1.214307e-01  maxdiv=1.8679e-09  iters=15
[trace] step 1162  <u>=1.029197e-02  max|u|=1.804597e-01  max|v|=1.169347e-01  max|w|=1.214307e-01  maxdiv=1.8679e-09  iters=15
[trace] step 1163  <u>=1.029197e-02  max|u|=1.804597e-01  max|v|=1.169347e-01  max|w|=1.214307e-01  maxdiv=1.8679e-09  iters=15
[trace] step 1164  <u>=1.029197e-02  max|u|=1.804597e-01  max|v|=1.169347e-01  max|w|=1.214307e-01  maxdiv=1.8679e-09  iters=15
[trace] step 1165  <u>=1.029197e-02  max|u|=1.804597e-01  max|v|=1.169347e-01  max|w|=1.214307e-01  maxdiv=1.8679e-09  iters=15
[trace] step 1166  <u>=1.029197e-02  max|u|=1.804597e-01  max|v|=1.169347e-01  max|w|=1.214307e-01  maxdiv=1.8679e-09  iters=15
[trace] step 1167  <u>=1.029197e-02  max|u|=1.804597e-01  max|v|=1.169347e-01  max|w|=1.214307e-01  maxdiv=1.8679e-09  iters=15
[trace] step 1168  <u>=1.029197e-02  max|u|=1.804597e-01  max|v|=1.169347e-01  max|w|=1.214307e-01  maxdiv=1.8679e-09  iters=15
[trace] step 1169  <u>=1.029197e-02  max|u|=1.804597e-01  max|v|=1.169347e-01  max|w|=1.214307e-01  maxdiv=1.8679e-09  iters=15
[trace] step 1170  <u>=1.029197e-02  max|u|=1.804597e-01  max|v|=1.169347e-01  max|w|=1.214307e-01  maxdiv=1.8679e-09  iters=15
[trace] step 1171  <u>=1.029197e-02  max|u|=1.804597e-01  max|v|=1.169347e-01  max|w|=1.214307e-01  maxdiv=1.8679e-09  iters=15
[trace] step 1172  <u>=1.029197e-02  max|u|=1.804597e-01  max|v|=1.169347e-01  max|w|=1.214307e-01  maxdiv=1.8679e-09  iters=15
[trace] step 1173  <u>=1.029197e-02  max|u|=1.804597e-01  max|v|=1.169347e-01  max|w|=1.214307e-01  maxdiv=1.8679e-09  iters=15
[trace] step 1174  <u>=1.029197e-02  max|u|=1.804597e-01  max|v|=1.169347e-01  max|w|=1.214307e-01  maxdiv=1.8679e-09  iters=15
[trace] step 1175  <u>=1.029197e-02  max|u|=1.804597e-01  max|v|=1.169347e-01  max|w|=1.214307e-01  maxdiv=1.8679e-09  iters=15
[trace] step 1176  <u>=1.029197e-02  max|u|=1.804597e-01  max|v|=1.169347e-01  max|w|=1.214307e-01  maxdiv=1.8679e-09  iters=15
[trace] step 1177  <u>=1.029197e-02  max|u|=1.804597e-01  max|v|=1.169347e-01  max|w|=1.214307e-01  maxdiv=1.8679e-09  iters=15
[trace] step 1178  <u>=1.029197e-02  max|u|=1.804597e-01  max|v|=1.169347e-01  max|w|=1.214307e-01  maxdiv=1.8679e-09  iters=15
[trace] step 1179  <u>=1.029197e-02  max|u|=1.804597e-01  max|v|=1.169347e-01  max|w|=1.214307e-01  maxdiv=1.8679e-09  iters=15
[trace] step 1180  <u>=1.029197e-02  max|u|=1.804597e-01  max|v|=1.169347e-01  max|w|=1.214307e-01  maxdiv=1.8679e-09  iters=15
[trace] step 1181  <u>=1.029197e-02  max|u|=1.804597e-01  max|v|=1.169347e-01  max|w|=1.214307e-01  maxdiv=1.8679e-09  iters=15
[trace] step 1182  <u>=1.029197e-02  max|u|=1.804597e-01  max|v|=1.169347e-01  max|w|=1.214307e-01  maxdiv=1.8679e-09  iters=15
[trace] step 1183  <u>=1.029197e-02  max|u|=1.804597e-01  max|v|=1.169347e-01  max|w|=1.214307e-01  maxdiv=1.8679e-09  iters=15
[trace] step 1184  <u>=1.029197e-02  max|u|=1.804597e-01  max|v|=1.169347e-01  max|w|=1.214307e-01  maxdiv=1.8679e-09  iters=15
[trace] step 1185  <u>=1.029197e-02  max|u|=1.804597e-01  max|v|=1.169347e-01  max|w|=1.214307e-01  maxdiv=1.8679e-09  iters=15
[trace] step 1186  <u>=1.029197e-02  max|u|=1.804597e-01  max|v|=1.169347e-01  max|w|=1.214307e-01  maxdiv=1.8679e-09  iters=15
[trace] step 1187  <u>=1.029197e-02  max|u|=1.804597e-01  max|v|=1.169347e-01  max|w|=1.214307e-01  maxdiv=1.8679e-09  iters=15
[trace] step 1188  <u>=1.029197e-02  max|u|=1.804597e-01  max|v|=1.169347e-01  max|w|=1.214307e-01  maxdiv=1.8679e-09  iters=15
[trace] step 1189  <u>=1.029197e-02  max|u|=1.804597e-01  max|v|=1.169347e-01  max|w|=1.214307e-01  maxdiv=1.8679e-09  iters=15
[trace] step 1190  <u>=1.029197e-02  max|u|=1.804597e-01  max|v|=1.169347e-01  max|w|=1.214307e-01  maxdiv=1.8679e-09  iters=15
[trace] step 1191  <u>=1.029197e-02  max|u|=1.804597e-01  max|v|=1.169347e-01  max|w|=1.214307e-01  maxdiv=1.8679e-09  iters=15
[trace] step 1192  <u>=1.029197e-02  max|u|=1.804597e-01  max|v|=1.169347e-01  max|w|=1.214307e-01  maxdiv=1.8679e-09  iters=15
[trace] step 1193  <u>=1.029197e-02  max|u|=1.804597e-01  max|v|=1.169347e-01  max|w|=1.214307e-01  maxdiv=1.8679e-09  iters=15
[trace] step 1194  <u>=1.029197e-02  max|u|=1.804597e-01  max|v|=1.169347e-01  max|w|=1.214307e-01  maxdiv=1.8679e-09  iters=15
[trace] step 1195  <u>=1.029197e-02  max|u|=1.804597e-01  max|v|=1.169347e-01  max|w|=1.214307e-01  maxdiv=1.8679e-09  iters=15
[trace] step 1196  <u>=1.029197e-02  max|u|=1.804597e-01  max|v|=1.169347e-01  max|w|=1.214307e-01  maxdiv=1.8679e-09  iters=15
[trace] step 1197  <u>=1.029197e-02  max|u|=1.804597e-01  max|v|=1.169347e-01  max|w|=1.214307e-01  maxdiv=1.8679e-09  iters=15
[trace] step 1198  <u>=1.029197e-02  max|u|=1.804597e-01  max|v|=1.169347e-01  max|w|=1.214307e-01  maxdiv=1.8679e-09  iters=15
[trace] step 1199  <u>=1.029197e-02  max|u|=1.804597e-01  max|v|=1.169347e-01  max|w|=1.214307e-01  maxdiv=1.8679e-09  iters=15
[trace] step 1200  <u>=1.029197e-02  max|u|=1.804597e-01  max|v|=1.169347e-01  max|w|=1.214307e-01  maxdiv=1.8679e-09  iters=15
[trace] step 1201  <u>=1.029197e-02  max|u|=1.804597e-01  max|v|=1.169347e-01  max|w|=1.214307e-01  maxdiv=1.8679e-09  iters=15
[trace] step 1202  <u>=1.029197e-02  max|u|=1.804597e-01  max|v|=1.169347e-01  max|w|=1.214307e-01  maxdiv=1.8679e-09  iters=15
[trace] step 1203  <u>=1.029197e-02  max|u|=1.804597e-01  max|v|=1.169347e-01  max|w|=1.214307e-01  maxdiv=1.8679e-09  iters=15
[trace] step 1204  <u>=1.029197e-02  max|u|=1.804597e-01  max|v|=1.169347e-01  max|w|=1.214307e-01  maxdiv=1.8679e-09  iters=15
[trace] step 1205  <u>=1.029197e-02  max|u|=1.804597e-01  max|v|=1.169347e-01  max|w|=1.214307e-01  maxdiv=1.8679e-09  iters=15
[trace] step 1206  <u>=1.029197e-02  max|u|=1.804597e-01  max|v|=1.169347e-01  max|w|=1.214307e-01  maxdiv=1.8679e-09  iters=15
[trace] step 1207  <u>=1.029197e-02  max|u|=1.804597e-01  max|v|=1.169347e-01  max|w|=1.214307e-01  maxdiv=1.8679e-09  iters=15
[trace] step 1208  <u>=1.029197e-02  max|u|=1.804597e-01  max|v|=1.169347e-01  max|w|=1.214307e-01  maxdiv=1.8679e-09  iters=15
[trace] step 1209  <u>=1.029197e-02  max|u|=1.804597e-01  max|v|=1.169347e-01  max|w|=1.214307e-01  maxdiv=1.8679e-09  iters=15
[trace] step 1210  <u>=1.029197e-02  max|u|=1.804597e-01  max|v|=1.169347e-01  max|w|=1.214307e-01  maxdiv=1.8679e-09  iters=15
[trace] step 1211  <u>=1.029197e-02  max|u|=1.804597e-01  max|v|=1.169347e-01  max|w|=1.214307e-01  maxdiv=1.8679e-09  iters=15
[trace] step 1212  <u>=1.029197e-02  max|u|=1.804597e-01  max|v|=1.169347e-01  max|w|=1.214307e-01  maxdiv=1.8679e-09  iters=15
[trace] step 1213  <u>=1.029197e-02  max|u|=1.804597e-01  max|v|=1.169347e-01  max|w|=1.214307e-01  maxdiv=1.8679e-09  iters=15
[trace] step 1214  <u>=1.029197e-02  max|u|=1.804597e-01  max|v|=1.169347e-01  max|w|=1.214307e-01  maxdiv=1.8679e-09  iters=15
[trace] step 1215  <u>=1.029197e-02  max|u|=1.804597e-01  max|v|=1.169347e-01  max|w|=1.214307e-01  maxdiv=1.8679e-09  iters=15
[trace] step 1216  <u>=1.029197e-02  max|u|=1.804597e-01  max|v|=1.169347e-01  max|w|=1.214307e-01  maxdiv=1.8679e-09  iters=15
[trace] step 1217  <u>=1.029197e-02  max|u|=1.804597e-01  max|v|=1.169347e-01  max|w|=1.214307e-01  maxdiv=1.8679e-09  iters=15
[trace] step 1218  <u>=1.029197e-02  max|u|=1.804597e-01  max|v|=1.169347e-01  max|w|=1.214307e-01  maxdiv=1.8679e-09  iters=15
[trace] step 1219  <u>=1.029197e-02  max|u|=1.804597e-01  max|v|=1.169347e-01  max|w|=1.214307e-01  maxdiv=1.8679e-09  iters=15
[trace] step 1220  <u>=1.029197e-02  max|u|=1.804597e-01  max|v|=1.169347e-01  max|w|=1.214307e-01  maxdiv=1.8679e-09  iters=15
[trace] step 1221  <u>=1.029197e-02  max|u|=1.804597e-01  max|v|=1.169347e-01  max|w|=1.214307e-01  maxdiv=1.8679e-09  iters=15
[trace] step 1222  <u>=1.029197e-02  max|u|=1.804597e-01  max|v|=1.169347e-01  max|w|=1.214307e-01  maxdiv=1.8679e-09  iters=15
[trace] step 1223  <u>=1.029197e-02  max|u|=1.804597e-01  max|v|=1.169347e-01  max|w|=1.214307e-01  maxdiv=1.8679e-09  iters=15
[trace] step 1224  <u>=1.029197e-02  max|u|=1.804597e-01  max|v|=1.169347e-01  max|w|=1.214307e-01  maxdiv=1.8679e-09  iters=15
[trace] step 1225  <u>=1.029197e-02  max|u|=1.804597e-01  max|v|=1.169347e-01  max|w|=1.214307e-01  maxdiv=1.8679e-09  iters=15
[trace] step 1226  <u>=1.029197e-02  max|u|=1.804597e-01  max|v|=1.169347e-01  max|w|=1.214307e-01  maxdiv=1.8679e-09  iters=15
[trace] step 1227  <u>=1.029197e-02  max|u|=1.804597e-01  max|v|=1.169347e-01  max|w|=1.214307e-01  maxdiv=1.8679e-09  iters=15
[trace] step 1228  <u>=1.029197e-02  max|u|=1.804597e-01  max|v|=1.169347e-01  max|w|=1.214307e-01  maxdiv=1.8679e-09  iters=15
[trace] step 1229  <u>=1.029197e-02  max|u|=1.804597e-01  max|v|=1.169347e-01  max|w|=1.214307e-01  maxdiv=1.8679e-09  iters=15
[trace] step 1230  <u>=1.029197e-02  max|u|=1.804597e-01  max|v|=1.169347e-01  max|w|=1.214307e-01  maxdiv=1.8679e-09  iters=15
[trace] step 1231  <u>=1.029197e-02  max|u|=1.804597e-01  max|v|=1.169347e-01  max|w|=1.214307e-01  maxdiv=1.8679e-09  iters=15
[trace] step 1232  <u>=1.029197e-02  max|u|=1.804597e-01  max|v|=1.169347e-01  max|w|=1.214307e-01  maxdiv=1.8679e-09  iters=15
[trace] step 1233  <u>=1.029197e-02  max|u|=1.804597e-01  max|v|=1.169347e-01  max|w|=1.214307e-01  maxdiv=1.8679e-09  iters=15
[trace] step 1234  <u>=1.029197e-02  max|u|=1.804597e-01  max|v|=1.169347e-01  max|w|=1.214307e-01  maxdiv=1.8679e-09  iters=15
[trace] step 1235  <u>=1.029197e-02  max|u|=1.804597e-01  max|v|=1.169347e-01  max|w|=1.214307e-01  maxdiv=1.8679e-09  iters=15
[trace] step 1236  <u>=1.029197e-02  max|u|=1.804597e-01  max|v|=1.169347e-01  max|w|=1.214307e-01  maxdiv=1.8679e-09  iters=15
[trace] step 1237  <u>=1.029197e-02  max|u|=1.804597e-01  max|v|=1.169347e-01  max|w|=1.214307e-01  maxdiv=1.8679e-09  iters=15
[trace] step 1238  <u>=1.029197e-02  max|u|=1.804597e-01  max|v|=1.169347e-01  max|w|=1.214307e-01  maxdiv=1.8679e-09  iters=15
[trace] step 1239  <u>=1.029197e-02  max|u|=1.804597e-01  max|v|=1.169347e-01  max|w|=1.214307e-01  maxdiv=1.8679e-09  iters=15
[trace] step 1240  <u>=1.029197e-02  max|u|=1.804597e-01  max|v|=1.169347e-01  max|w|=1.214307e-01  maxdiv=1.8679e-09  iters=15
[trace] step 1241  <u>=1.029197e-02  max|u|=1.804597e-01  max|v|=1.169347e-01  max|w|=1.214307e-01  maxdiv=1.8679e-09  iters=15
[trace] step 1242  <u>=1.029197e-02  max|u|=1.804597e-01  max|v|=1.169347e-01  max|w|=1.214307e-01  maxdiv=1.8679e-09  iters=15
[trace] step 1243  <u>=1.029197e-02  max|u|=1.804597e-01  max|v|=1.169347e-01  max|w|=1.214307e-01  maxdiv=1.8679e-09  iters=15
[trace] step 1244  <u>=1.029197e-02  max|u|=1.804597e-01  max|v|=1.169347e-01  max|w|=1.214307e-01  maxdiv=1.8679e-09  iters=15
[trace] step 1245  <u>=1.029197e-02  max|u|=1.804597e-01  max|v|=1.169347e-01  max|w|=1.214307e-01  maxdiv=1.8679e-09  iters=15
[trace] step 1246  <u>=1.029197e-02  max|u|=1.804597e-01  max|v|=1.169347e-01  max|w|=1.214307e-01  maxdiv=1.8679e-09  iters=15
[trace] step 1247  <u>=1.029197e-02  max|u|=1.804597e-01  max|v|=1.169347e-01  max|w|=1.214307e-01  maxdiv=1.8679e-09  iters=15
[trace] step 1248  <u>=1.029197e-02  max|u|=1.804597e-01  max|v|=1.169347e-01  max|w|=1.214307e-01  maxdiv=1.8679e-09  iters=15
[trace] step 1249  <u>=1.029197e-02  max|u|=1.804597e-01  max|v|=1.169347e-01  max|w|=1.214307e-01  maxdiv=1.8679e-09  iters=15
[trace] step 1250  <u>=1.029197e-02  max|u|=1.804597e-01  max|v|=1.169347e-01  max|w|=1.214307e-01  maxdiv=1.8679e-09  iters=15
[trace] step 1251  <u>=1.029197e-02  max|u|=1.804597e-01  max|v|=1.169347e-01  max|w|=1.214307e-01  maxdiv=1.8679e-09  iters=15
[trace] step 1252  <u>=1.029197e-02  max|u|=1.804597e-01  max|v|=1.169347e-01  max|w|=1.214307e-01  maxdiv=1.8679e-09  iters=15
[trace] step 1253  <u>=1.029197e-02  max|u|=1.804597e-01  max|v|=1.169347e-01  max|w|=1.214307e-01  maxdiv=1.8679e-09  iters=15
[trace] step 1254  <u>=1.029197e-02  max|u|=1.804597e-01  max|v|=1.169347e-01  max|w|=1.214307e-01  maxdiv=1.8679e-09  iters=15
[trace] step 1255  <u>=1.029197e-02  max|u|=1.804597e-01  max|v|=1.169347e-01  max|w|=1.214307e-01  maxdiv=1.8679e-09  iters=15
[trace] step 1256  <u>=1.029197e-02  max|u|=1.804597e-01  max|v|=1.169347e-01  max|w|=1.214307e-01  maxdiv=1.8679e-09  iters=15
[trace] step 1257  <u>=1.029197e-02  max|u|=1.804597e-01  max|v|=1.169347e-01  max|w|=1.214307e-01  maxdiv=1.8679e-09  iters=15
[trace] step 1258  <u>=1.029197e-02  max|u|=1.804597e-01  max|v|=1.169347e-01  max|w|=1.214307e-01  maxdiv=1.8679e-09  iters=15
[trace] step 1259  <u>=1.029197e-02  max|u|=1.804597e-01  max|v|=1.169347e-01  max|w|=1.214307e-01  maxdiv=1.8679e-09  iters=15
[trace] step 1260  <u>=1.029197e-02  max|u|=1.804597e-01  max|v|=1.169347e-01  max|w|=1.214307e-01  maxdiv=1.8679e-09  iters=15
[trace] step 1261  <u>=1.029197e-02  max|u|=1.804597e-01  max|v|=1.169347e-01  max|w|=1.214307e-01  maxdiv=1.8679e-09  iters=15
[trace] step 1262  <u>=1.029197e-02  max|u|=1.804597e-01  max|v|=1.169347e-01  max|w|=1.214307e-01  maxdiv=1.8679e-09  iters=15
[trace] step 1263  <u>=1.029197e-02  max|u|=1.804597e-01  max|v|=1.169347e-01  max|w|=1.214307e-01  maxdiv=1.8679e-09  iters=15
[trace] step 1264  <u>=1.029197e-02  max|u|=1.804597e-01  max|v|=1.169347e-01  max|w|=1.214307e-01  maxdiv=1.8679e-09  iters=15
[trace] step 1265  <u>=1.029197e-02  max|u|=1.804597e-01  max|v|=1.169347e-01  max|w|=1.214307e-01  maxdiv=1.8679e-09  iters=15
[trace] step 1266  <u>=1.029197e-02  max|u|=1.804597e-01  max|v|=1.169347e-01  max|w|=1.214307e-01  maxdiv=1.8679e-09  iters=15
[trace] step 1267  <u>=1.029197e-02  max|u|=1.804597e-01  max|v|=1.169347e-01  max|w|=1.214307e-01  maxdiv=1.8679e-09  iters=15
[trace] step 1268  <u>=1.029197e-02  max|u|=1.804597e-01  max|v|=1.169347e-01  max|w|=1.214307e-01  maxdiv=1.8679e-09  iters=15
[trace] step 1269  <u>=1.029197e-02  max|u|=1.804597e-01  max|v|=1.169347e-01  max|w|=1.214307e-01  maxdiv=1.8679e-09  iters=15
[trace] step 1270  <u>=1.029197e-02  max|u|=1.804597e-01  max|v|=1.169347e-01  max|w|=1.214307e-01  maxdiv=1.8679e-09  iters=15
[trace] step 1271  <u>=1.029197e-02  max|u|=1.804597e-01  max|v|=1.169347e-01  max|w|=1.214307e-01  maxdiv=1.8679e-09  iters=15
[trace] step 1272  <u>=1.029197e-02  max|u|=1.804597e-01  max|v|=1.169347e-01  max|w|=1.214307e-01  maxdiv=1.8679e-09  iters=15
[trace] step 1273  <u>=1.029197e-02  max|u|=1.804597e-01  max|v|=1.169347e-01  max|w|=1.214307e-01  maxdiv=1.8679e-09  iters=15
[trace] step 1274  <u>=1.029197e-02  max|u|=1.804597e-01  max|v|=1.169347e-01  max|w|=1.214307e-01  maxdiv=1.8679e-09  iters=15
[trace] step 1275  <u>=1.029197e-02  max|u|=1.804597e-01  max|v|=1.169347e-01  max|w|=1.214307e-01  maxdiv=1.8679e-09  iters=15
[trace] step 1276  <u>=1.029197e-02  max|u|=1.804597e-01  max|v|=1.169347e-01  max|w|=1.214307e-01  maxdiv=1.8679e-09  iters=15
[trace] step 1277  <u>=1.029197e-02  max|u|=1.804597e-01  max|v|=1.169347e-01  max|w|=1.214307e-01  maxdiv=1.8679e-09  iters=15
[trace] step 1278  <u>=1.029197e-02  max|u|=1.804597e-01  max|v|=1.169347e-01  max|w|=1.214307e-01  maxdiv=1.8679e-09  iters=15
[trace] step 1279  <u>=1.029197e-02  max|u|=1.804597e-01  max|v|=1.169347e-01  max|w|=1.214307e-01  maxdiv=1.8679e-09  iters=15
[trace] step 1280  <u>=1.029197e-02  max|u|=1.804597e-01  max|v|=1.169347e-01  max|w|=1.214307e-01  maxdiv=1.8679e-09  iters=15
[trace] step 1281  <u>=1.029197e-02  max|u|=1.804597e-01  max|v|=1.169347e-01  max|w|=1.214307e-01  maxdiv=1.8679e-09  iters=15
[trace] step 1282  <u>=1.029197e-02  max|u|=1.804597e-01  max|v|=1.169347e-01  max|w|=1.214307e-01  maxdiv=1.8679e-09  iters=15
[trace] step 1283  <u>=1.029197e-02  max|u|=1.804597e-01  max|v|=1.169347e-01  max|w|=1.214307e-01  maxdiv=1.8679e-09  iters=15
[trace] step 1284  <u>=1.029197e-02  max|u|=1.804597e-01  max|v|=1.169347e-01  max|w|=1.214307e-01  maxdiv=1.8679e-09  iters=15
[trace] step 1285  <u>=1.029197e-02  max|u|=1.804597e-01  max|v|=1.169347e-01  max|w|=1.214307e-01  maxdiv=1.8679e-09  iters=15
[trace] step 1286  <u>=1.029197e-02  max|u|=1.804597e-01  max|v|=1.169347e-01  max|w|=1.214307e-01  maxdiv=1.8679e-09  iters=15
[trace] step 1287  <u>=1.029197e-02  max|u|=1.804597e-01  max|v|=1.169347e-01  max|w|=1.214307e-01  maxdiv=1.8679e-09  iters=15
[trace] step 1288  <u>=1.029197e-02  max|u|=1.804597e-01  max|v|=1.169347e-01  max|w|=1.214307e-01  maxdiv=1.8679e-09  iters=15
[trace] step 1289  <u>=1.029197e-02  max|u|=1.804597e-01  max|v|=1.169347e-01  max|w|=1.214307e-01  maxdiv=1.8679e-09  iters=15
[trace] step 1290  <u>=1.029197e-02  max|u|=1.804597e-01  max|v|=1.169347e-01  max|w|=1.214307e-01  maxdiv=1.8679e-09  iters=15
[trace] step 1291  <u>=1.029197e-02  max|u|=1.804597e-01  max|v|=1.169347e-01  max|w|=1.214307e-01  maxdiv=1.8679e-09  iters=15
[trace] step 1292  <u>=1.029197e-02  max|u|=1.804597e-01  max|v|=1.169347e-01  max|w|=1.214307e-01  maxdiv=1.8679e-09  iters=15
[trace] step 1293  <u>=1.029197e-02  max|u|=1.804597e-01  max|v|=1.169347e-01  max|w|=1.214307e-01  maxdiv=1.8679e-09  iters=15
[trace] step 1294  <u>=1.029197e-02  max|u|=1.804597e-01  max|v|=1.169347e-01  max|w|=1.214307e-01  maxdiv=1.8679e-09  iters=15
[trace] step 1295  <u>=1.029197e-02  max|u|=1.804597e-01  max|v|=1.169347e-01  max|w|=1.214307e-01  maxdiv=1.8679e-09  iters=15
[trace] step 1296  <u>=1.029197e-02  max|u|=1.804597e-01  max|v|=1.169347e-01  max|w|=1.214307e-01  maxdiv=1.8679e-09  iters=15
[trace] step 1297  <u>=1.029197e-02  max|u|=1.804597e-01  max|v|=1.169347e-01  max|w|=1.214307e-01  maxdiv=1.8679e-09  iters=15
[trace] step 1298  <u>=1.029197e-02  max|u|=1.804597e-01  max|v|=1.169347e-01  max|w|=1.214307e-01  maxdiv=1.8679e-09  iters=15
[trace] step 1299  <u>=1.029197e-02  max|u|=1.804597e-01  max|v|=1.169347e-01  max|w|=1.214307e-01  maxdiv=1.8679e-09  iters=15
[trace] step 1300  <u>=1.029197e-02  max|u|=1.804597e-01  max|v|=1.169347e-01  max|w|=1.214307e-01  maxdiv=1.8679e-09  iters=15
[trace] step 1301  <u>=1.029197e-02  max|u|=1.804597e-01  max|v|=1.169347e-01  max|w|=1.214307e-01  maxdiv=3.8022e-06  iters=34
[trace] step 1302  <u>=1.029197e-02  max|u|=1.804597e-01  max|v|=1.169347e-01  max|w|=1.214307e-01  maxdiv=3.8402e-06  iters=34
[trace] step 1303  <u>=1.029197e-02  max|u|=1.804597e-01  max|v|=1.169347e-01  max|w|=1.214307e-01  maxdiv=3.8714e-06  iters=34
[trace] step 1304  <u>=1.029197e-02  max|u|=1.804597e-01  max|v|=1.169347e-01  max|w|=1.214307e-01  maxdiv=3.9016e-06  iters=34
[trace] step 1305  <u>=1.029197e-02  max|u|=1.804597e-01  max|v|=1.169347e-01  max|w|=1.214307e-01  maxdiv=3.9318e-06  iters=34
[trace] step 1306  <u>=1.029197e-02  max|u|=1.804597e-01  max|v|=1.169347e-01  max|w|=1.214307e-01  maxdiv=3.9626e-06  iters=34
[trace] step 1307  <u>=1.029197e-02  max|u|=1.804597e-01  max|v|=1.169347e-01  max|w|=1.214307e-01  maxdiv=3.9939e-06  iters=34
[trace] step 1308  <u>=1.029197e-02  max|u|=1.804597e-01  max|v|=1.169347e-01  max|w|=1.214307e-01  maxdiv=4.0259e-06  iters=34
[trace] step 1309  <u>=1.029197e-02  max|u|=1.804597e-01  max|v|=1.169347e-01  max|w|=1.214307e-01  maxdiv=4.0585e-06  iters=34
[trace] step 1310  <u>=1.029197e-02  max|u|=1.804597e-01  max|v|=1.169347e-01  max|w|=1.214307e-01  maxdiv=4.0918e-06  iters=34
[trace] step 1311  <u>=1.029197e-02  max|u|=1.804597e-01  max|v|=1.169347e-01  max|w|=1.214307e-01  maxdiv=4.1257e-06  iters=34
[trace] step 1312  <u>=1.029197e-02  max|u|=1.804597e-01  max|v|=1.169347e-01  max|w|=1.214307e-01  maxdiv=4.1602e-06  iters=34
[trace] step 1313  <u>=1.029197e-02  max|u|=1.804597e-01  max|v|=1.169347e-01  max|w|=1.214307e-01  maxdiv=4.1954e-06  iters=34
[trace] step 1314  <u>=1.029197e-02  max|u|=1.804597e-01  max|v|=1.169347e-01  max|w|=1.214307e-01  maxdiv=4.2312e-06  iters=34
[trace] step 1315  <u>=1.029197e-02  max|u|=1.804597e-01  max|v|=1.169347e-01  max|w|=1.214307e-01  maxdiv=4.2677e-06  iters=34
[trace] step 1316  <u>=1.029197e-02  max|u|=1.804597e-01  max|v|=1.169347e-01  max|w|=1.214307e-01  maxdiv=4.3049e-06  iters=34
[trace] step 1317  <u>=1.029197e-02  max|u|=1.804597e-01  max|v|=1.169347e-01  max|w|=1.214307e-01  maxdiv=4.3428e-06  iters=34
[trace] step 1318  <u>=1.029197e-02  max|u|=1.804597e-01  max|v|=1.169347e-01  max|w|=1.214307e-01  maxdiv=4.3814e-06  iters=34
[trace] step 1319  <u>=1.029197e-02  max|u|=1.804597e-01  max|v|=1.169347e-01  max|w|=1.214307e-01  maxdiv=4.4208e-06  iters=34
[trace] step 1320  <u>=1.029197e-02  max|u|=1.804597e-01  max|v|=1.169347e-01  max|w|=1.214307e-01  maxdiv=4.4609e-06  iters=34
[trace] step 1321  <u>=1.029197e-02  max|u|=1.804597e-01  max|v|=1.169347e-01  max|w|=1.214307e-01  maxdiv=4.5018e-06  iters=34
[trace] step 1322  <u>=1.029197e-02  max|u|=1.804597e-01  max|v|=1.169347e-01  max|w|=1.214307e-01  maxdiv=4.5434e-06  iters=34
[trace] step 1323  <u>=1.029197e-02  max|u|=1.804597e-01  max|v|=1.169347e-01  max|w|=1.214307e-01  maxdiv=4.5859e-06  iters=34
[trace] step 1324  <u>=1.029197e-02  max|u|=1.804597e-01  max|v|=1.169347e-01  max|w|=1.214307e-01  maxdiv=4.6292e-06  iters=34
[trace] step 1325  <u>=1.029197e-02  max|u|=1.804597e-01  max|v|=1.169347e-01  max|w|=1.214307e-01  maxdiv=4.6734e-06  iters=34
[trace] step 1326  <u>=1.029197e-02  max|u|=1.804597e-01  max|v|=1.169347e-01  max|w|=1.214307e-01  maxdiv=4.7185e-06  iters=34
[trace] step 1327  <u>=1.029197e-02  max|u|=1.804597e-01  max|v|=1.169347e-01  max|w|=1.214307e-01  maxdiv=4.7645e-06  iters=34
[trace] step 1328  <u>=1.029197e-02  max|u|=1.804597e-01  max|v|=1.169347e-01  max|w|=1.214307e-01  maxdiv=4.8114e-06  iters=34
[trace] step 1329  <u>=1.029197e-02  max|u|=1.804597e-01  max|v|=1.169347e-01  max|w|=1.214307e-01  maxdiv=4.8592e-06  iters=34
[trace] step 1330  <u>=1.029197e-02  max|u|=1.804597e-01  max|v|=1.169347e-01  max|w|=1.214307e-01  maxdiv=4.9081e-06  iters=34
[trace] step 1331  <u>=1.029197e-02  max|u|=1.804597e-01  max|v|=1.169347e-01  max|w|=1.214307e-01  maxdiv=4.9580e-06  iters=34
[trace] step 1332  <u>=1.029197e-02  max|u|=1.804597e-01  max|v|=1.169347e-01  max|w|=1.214307e-01  maxdiv=5.0089e-06  iters=34
[trace] step 1333  <u>=1.029197e-02  max|u|=1.804597e-01  max|v|=1.169347e-01  max|w|=1.214307e-01  maxdiv=5.0610e-06  iters=34
[trace] step 1334  <u>=1.029197e-02  max|u|=1.804597e-01  max|v|=1.169347e-01  max|w|=1.214307e-01  maxdiv=5.1141e-06  iters=34
[trace] step 1335  <u>=1.029197e-02  max|u|=1.804597e-01  max|v|=1.169347e-01  max|w|=1.214307e-01  maxdiv=5.1684e-06  iters=34
[trace] step 1336  <u>=1.029197e-02  max|u|=1.804597e-01  max|v|=1.169347e-01  max|w|=1.214307e-01  maxdiv=5.2239e-06  iters=34
[trace] step 1337  <u>=1.029197e-02  max|u|=1.804596e-01  max|v|=1.169347e-01  max|w|=1.214307e-01  maxdiv=5.2806e-06  iters=34
[trace] step 1338  <u>=1.029197e-02  max|u|=1.804596e-01  max|v|=1.169347e-01  max|w|=1.214307e-01  maxdiv=5.3387e-06  iters=34
[trace] step 1339  <u>=1.029197e-02  max|u|=1.804596e-01  max|v|=1.169347e-01  max|w|=1.214307e-01  maxdiv=5.3980e-06  iters=34
[trace] step 1340  <u>=1.029197e-02  max|u|=1.804596e-01  max|v|=1.169347e-01  max|w|=1.214307e-01  maxdiv=5.4587e-06  iters=34
[trace] step 1341  <u>=1.029197e-02  max|u|=1.804596e-01  max|v|=1.169347e-01  max|w|=1.214307e-01  maxdiv=5.5208e-06  iters=34
[trace] step 1342  <u>=1.029197e-02  max|u|=1.804596e-01  max|v|=1.169347e-01  max|w|=1.214307e-01  maxdiv=5.5843e-06  iters=34
[trace] step 1343  <u>=1.029197e-02  max|u|=1.804596e-01  max|v|=1.169347e-01  max|w|=1.214307e-01  maxdiv=5.6494e-06  iters=34
[trace] step 1344  <u>=1.029197e-02  max|u|=1.804596e-01  max|v|=1.169347e-01  max|w|=1.214307e-01  maxdiv=5.7160e-06  iters=34
[trace] step 1345  <u>=1.029197e-02  max|u|=1.804596e-01  max|v|=1.169347e-01  max|w|=1.214307e-01  maxdiv=5.7843e-06  iters=34
[trace] step 1346  <u>=1.029197e-02  max|u|=1.804596e-01  max|v|=1.169347e-01  max|w|=1.214307e-01  maxdiv=5.8542e-06  iters=34
[trace] step 1347  <u>=1.029197e-02  max|u|=1.804596e-01  max|v|=1.169347e-01  max|w|=1.214307e-01  maxdiv=5.9258e-06  iters=34
[trace] step 1348  <u>=1.029197e-02  max|u|=1.804596e-01  max|v|=1.169347e-01  max|w|=1.214307e-01  maxdiv=5.9993e-06  iters=34
[trace] step 1349  <u>=1.029197e-02  max|u|=1.804596e-01  max|v|=1.169347e-01  max|w|=1.214307e-01  maxdiv=6.0747e-06  iters=34
[trace] step 1350  <u>=1.029197e-02  max|u|=1.804596e-01  max|v|=1.169347e-01  max|w|=1.214307e-01  maxdiv=6.1520e-06  iters=34
[trace] step 1351  <u>=1.029197e-02  max|u|=1.804596e-01  max|v|=1.169347e-01  max|w|=1.214307e-01  maxdiv=6.2313e-06  iters=34
[trace] step 1352  <u>=1.029197e-02  max|u|=1.804596e-01  max|v|=1.169347e-01  max|w|=1.214307e-01  maxdiv=6.3127e-06  iters=34
[trace] step 1353  <u>=1.029197e-02  max|u|=1.804596e-01  max|v|=1.169347e-01  max|w|=1.214307e-01  maxdiv=6.3963e-06  iters=34
[trace] step 1354  <u>=1.029197e-02  max|u|=1.804596e-01  max|v|=1.169347e-01  max|w|=1.214307e-01  maxdiv=6.4822e-06  iters=34
[trace] step 1355  <u>=1.029197e-02  max|u|=1.804596e-01  max|v|=1.169347e-01  max|w|=1.214307e-01  maxdiv=6.5704e-06  iters=34
[trace] step 1356  <u>=1.029197e-02  max|u|=1.804596e-01  max|v|=1.169347e-01  max|w|=1.214307e-01  maxdiv=6.6612e-06  iters=34
[trace] step 1357  <u>=1.029197e-02  max|u|=1.804596e-01  max|v|=1.169347e-01  max|w|=1.214307e-01  maxdiv=6.7545e-06  iters=34
[trace] step 1358  <u>=1.029197e-02  max|u|=1.804596e-01  max|v|=1.169347e-01  max|w|=1.214307e-01  maxdiv=6.8504e-06  iters=34
[trace] step 1359  <u>=1.029197e-02  max|u|=1.804596e-01  max|v|=1.169347e-01  max|w|=1.214307e-01  maxdiv=6.9492e-06  iters=34
[trace] step 1360  <u>=1.029197e-02  max|u|=1.804596e-01  max|v|=1.169347e-01  max|w|=1.214307e-01  maxdiv=7.0509e-06  iters=34
[trace] step 1361  <u>=1.029197e-02  max|u|=1.804596e-01  max|v|=1.169347e-01  max|w|=1.214307e-01  maxdiv=7.1557e-06  iters=34
[trace] step 1362  <u>=1.029197e-02  max|u|=1.804596e-01  max|v|=1.169347e-01  max|w|=1.214307e-01  maxdiv=7.2637e-06  iters=34
[trace] step 1363  <u>=1.029197e-02  max|u|=1.804596e-01  max|v|=1.169347e-01  max|w|=1.214307e-01  maxdiv=7.3750e-06  iters=34
[trace] step 1364  <u>=1.029197e-02  max|u|=1.804596e-01  max|v|=1.169347e-01  max|w|=1.214307e-01  maxdiv=7.4898e-06  iters=34
[trace] step 1365  <u>=1.029197e-02  max|u|=1.804596e-01  max|v|=1.169347e-01  max|w|=1.214307e-01  maxdiv=7.6083e-06  iters=34
[trace] step 1366  <u>=1.029197e-02  max|u|=1.804596e-01  max|v|=1.169347e-01  max|w|=1.214307e-01  maxdiv=7.7306e-06  iters=34
[trace] step 1367  <u>=1.029197e-02  max|u|=1.804596e-01  max|v|=1.169347e-01  max|w|=1.214307e-01  maxdiv=7.8570e-06  iters=34
[trace] step 1368  <u>=1.029197e-02  max|u|=1.804596e-01  max|v|=1.169347e-01  max|w|=1.214307e-01  maxdiv=7.9876e-06  iters=34
[trace] step 1369  <u>=1.029197e-02  max|u|=1.804596e-01  max|v|=1.169347e-01  max|w|=1.214307e-01  maxdiv=8.1227e-06  iters=34
[trace] step 1370  <u>=1.029197e-02  max|u|=1.804596e-01  max|v|=1.169347e-01  max|w|=1.214307e-01  maxdiv=8.2625e-06  iters=34
[trace] step 1371  <u>=1.029197e-02  max|u|=1.804596e-01  max|v|=1.169347e-01  max|w|=1.214307e-01  maxdiv=8.4072e-06  iters=34
[trace] step 1372  <u>=1.029197e-02  max|u|=1.804596e-01  max|v|=1.169347e-01  max|w|=1.214307e-01  maxdiv=8.5571e-06  iters=34
[trace] step 1373  <u>=1.029197e-02  max|u|=1.804596e-01  max|v|=1.169347e-01  max|w|=1.214307e-01  maxdiv=8.7125e-06  iters=34
[trace] step 1374  <u>=1.029197e-02  max|u|=1.804596e-01  max|v|=1.169347e-01  max|w|=1.214307e-01  maxdiv=8.8737e-06  iters=34
[trace] step 1375  <u>=1.029197e-02  max|u|=1.804596e-01  max|v|=1.169347e-01  max|w|=1.214307e-01  maxdiv=9.0410e-06  iters=34
[trace] step 1376  <u>=1.029197e-02  max|u|=1.804596e-01  max|v|=1.169347e-01  max|w|=1.214307e-01  maxdiv=9.2149e-06  iters=34
[trace] step 1377  <u>=1.029197e-02  max|u|=1.804596e-01  max|v|=1.169347e-01  max|w|=1.214307e-01  maxdiv=9.3956e-06  iters=34
[trace] step 1378  <u>=1.029197e-02  max|u|=1.804596e-01  max|v|=1.169347e-01  max|w|=1.214307e-01  maxdiv=9.5835e-06  iters=34
[trace] step 1379  <u>=1.029197e-02  max|u|=1.804596e-01  max|v|=1.169347e-01  max|w|=1.214307e-01  maxdiv=9.7793e-06  iters=34
[trace] step 1380  <u>=1.029197e-02  max|u|=1.804596e-01  max|v|=1.169347e-01  max|w|=1.214307e-01  maxdiv=9.9832e-06  iters=34
[march] 1380 steps (converged) 21852 pressure iters in 812.0s   k/R^2 = 0.0040203
[out] /gpfs/work4/0/prjs1022/peclet/peclet-examples/benchmarks/porous-scaling/snellius/results/snellius-h100/tol_R16_mode9.json
